dms_orig,dms_dest,Pair,dms_mode,Million tons in 2023,million ton-miles in 2023,Average distance

01-Alabama,01-Alabama,01-Alabama/01-Alabama,1-Truck,305.6581322,30096.8174,98.46561969

01-Alabama,02-Alaska,01-Alabama/02-Alaska,1-Truck,0,0,-

01-Alabama,04-Arizona,01-Alabama/04-Arizona,1-Truck,0.2566205,434.5379,1693.309381

01-Alabama,05-Arkansas,01-Alabama/05-Arkansas,1-Truck,1.5306165,622.2332,406.5245605

01-Alabama,06-California,01-Alabama/06-California,1-Truck,1.295197,2740.2871,2115.729962

01-Alabama,08-Colorado,01-Alabama/08-Colorado,1-Truck,0.2364788,328.0442,1387.20342

01-Alabama,09-Connecticut,01-Alabama/09-Connecticut,1-Truck,0.1342402,152.8183,1138.39446

01-Alabama,10-Delaware,01-Alabama/10-Delaware,1-Truck,0.071858,63.188,879.3453756

01-Alabama,11-Washington DC,01-Alabama/11-Washington DC,1-Truck,0.0038038,2.9632,779.0104632

01-Alabama,12-Florida,01-Alabama/12-Florida,1-Truck,11.5278877,4221.704,366.216614

01-Alabama,13-Georgia,01-Alabama/13-Georgia,1-Truck,21.6124089,4401.894,203.6743808

01-Alabama,15-Hawaii,01-Alabama/15-Hawaii,1-Truck,0,0,-

01-Alabama,16-Idaho,01-Alabama/16-Idaho,1-Truck,0.085591,177.8236,2077.596944

01-Alabama,17-Illinois,01-Alabama/17-Illinois,1-Truck,2.4086354,1620.7426,672.8883085

01-Alabama,18-Indiana,01-Alabama/18-Indiana,1-Truck,2.1634524,1144.0614,528.8128364

01-Alabama,19-Iowa,01-Alabama/19-Iowa,1-Truck,0.3582575,313.5177,875.1183157

01-Alabama,20-Kansas,01-Alabama/20-Kansas,1-Truck,0.4346774,343.4984,790.2375417

01-Alabama,21-Kentucky,01-Alabama/21-Kentucky,1-Truck,2.939173,1054.5324,358.7854134

01-Alabama,22-Louisiana,01-Alabama/22-Louisiana,1-Truck,3.5942789,1163.7135,323.7682808

01-Alabama,23-Maine,01-Alabama/23-Maine,1-Truck,0.0244975,35.4156,1445.682212

01-Alabama,24-Maryland,01-Alabama/24-Maryland,1-Truck,0.4342202,352.9569,812.852327

01-Alabama,25-Massachusetts,01-Alabama/25-Massachusetts,1-Truck,0.3112353,386.2663,1241.07484

01-Alabama,26-Michigan,01-Alabama/26-Michigan,1-Truck,1.1416602,906.0822,793.6531378

01-Alabama,27-Minnesota,01-Alabama/27-Minnesota,1-Truck,0.4036228,456.5211,1131.058751

01-Alabama,28-Mississippi,01-Alabama/28-Mississippi,1-Truck,13.8768181,2957.6425,213.1354954

01-Alabama,29-Missouri,01-Alabama/29-Missouri,1-Truck,1.0481706,569.1724,543.0150397

01-Alabama,30-Montana,01-Alabama/30-Montana,1-Truck,0.01779,32.6434,1834.929736

01-Alabama,31-Nebraska,01-Alabama/31-Nebraska,1-Truck,0.9424473,909.7858,965.3439508

01-Alabama,32-Nevada,01-Alabama/32-Nevada,1-Truck,0.0474557,94.5692,1992.789064

01-Alabama,33-New Hampshire,01-Alabama/33-New Hampshire,1-Truck,0.0628275,81.2001,1292.429271

01-Alabama,34-New Jersey,01-Alabama/34-New Jersey,1-Truck,0.4299564,419.769,976.3059696

01-Alabama,35-New Mexico,01-Alabama/35-New Mexico,1-Truck,0.0756437,91.5887,1210.790852

01-Alabama,36-New York,01-Alabama/36-New York,1-Truck,0.5175646,535.2994,1034.265867

01-Alabama,37-North Carolina,01-Alabama/37-North Carolina,1-Truck,2.4650629,1155.1371,468.6034989

01-Alabama,38-North Dakota,01-Alabama/38-North Dakota,1-Truck,0.0234117,34.7399,1483.869177

01-Alabama,39-Ohio,01-Alabama/39-Ohio,1-Truck,2.8652096,1844.3356,643.700063

01-Alabama,40-Oklahoma,01-Alabama/40-Oklahoma,1-Truck,0.6570607,454.2443,691.3277571

01-Alabama,41-Oregon,01-Alabama/41-Oregon,1-Truck,0.164304,416.9885,2537.908389

01-Alabama,42-Pennsylvania,01-Alabama/42-Pennsylvania,1-Truck,1.628367,1373.0581,843.2116961

01-Alabama,44-Rhode Island,01-Alabama/44-Rhode Island,1-Truck,0.0476107,56.7881,1192.759191

01-Alabama,45-South Carolina,01-Alabama/45-South Carolina,1-Truck,2.8284778,1110.9425,392.7704506

01-Alabama,46-South Dakota,01-Alabama/46-South Dakota,1-Truck,0.0172826,21.426,1239.74402

01-Alabama,47-Tennessee,01-Alabama/47-Tennessee,1-Truck,14.0295702,3218.3468,229.3973909

01-Alabama,48-Texas,01-Alabama/48-Texas,1-Truck,4.2782757,2983.6612,697.3980662

01-Alabama,49-Utah,01-Alabama/49-Utah,1-Truck,0.1409513,257.4486,1826.507453

01-Alabama,50-Vermont,01-Alabama/50-Vermont,1-Truck,0.0325645,40.632,1247.739102

01-Alabama,51-Virginia,01-Alabama/51-Virginia,1-Truck,1.0291401,658.3916,639.7492431

01-Alabama,53-Washington,01-Alabama/53-Washington,1-Truck,0.1548474,397.7145,2568.428659

01-Alabama,54-West Virginia,01-Alabama/54-West Virginia,1-Truck,0.1421878,86.7575,610.16135

01-Alabama,55-Wisconsin,01-Alabama/55-Wisconsin,1-Truck,1.2848144,1156.8437,900.3975205

01-Alabama,56-Wyoming,01-Alabama/56-Wyoming,1-Truck,0.040977,66.0986,1613.065866

02-Alaska,01-Alabama,02-Alaska/01-Alabama,1-Truck,0,0,-

02-Alaska,02-Alaska,02-Alaska/02-Alaska,1-Truck,29.5590758,4892.4778,165.5152493

02-Alaska,04-Arizona,02-Alaska/04-Arizona,1-Truck,0,0,-

02-Alaska,05-Arkansas,02-Alaska/05-Arkansas,1-Truck,0,0,-

02-Alaska,06-California,02-Alaska/06-California,1-Truck,0,0,-

02-Alaska,08-Colorado,02-Alaska/08-Colorado,1-Truck,0,0,-

02-Alaska,09-Connecticut,02-Alaska/09-Connecticut,1-Truck,0,0,-

02-Alaska,10-Delaware,02-Alaska/10-Delaware,1-Truck,0,0,-

02-Alaska,11-Washington DC,02-Alaska/11-Washington DC,1-Truck,0,0,-

02-Alaska,12-Florida,02-Alaska/12-Florida,1-Truck,0,0,-

02-Alaska,13-Georgia,02-Alaska/13-Georgia,1-Truck,0,0,-

02-Alaska,15-Hawaii,02-Alaska/15-Hawaii,1-Truck,0,0,-

02-Alaska,16-Idaho,02-Alaska/16-Idaho,1-Truck,0,0,-

02-Alaska,17-Illinois,02-Alaska/17-Illinois,1-Truck,0,0,-

02-Alaska,18-Indiana,02-Alaska/18-Indiana,1-Truck,0,0,-

02-Alaska,19-Iowa,02-Alaska/19-Iowa,1-Truck,0,0,-

02-Alaska,20-Kansas,02-Alaska/20-Kansas,1-Truck,0,0,-

02-Alaska,21-Kentucky,02-Alaska/21-Kentucky,1-Truck,0,0,-

02-Alaska,22-Louisiana,02-Alaska/22-Louisiana,1-Truck,0,0,-

02-Alaska,23-Maine,02-Alaska/23-Maine,1-Truck,0,0,-

02-Alaska,24-Maryland,02-Alaska/24-Maryland,1-Truck,0,0,-

02-Alaska,25-Massachusetts,02-Alaska/25-Massachusetts,1-Truck,0,0,-

02-Alaska,26-Michigan,02-Alaska/26-Michigan,1-Truck,0,0,-

02-Alaska,27-Minnesota,02-Alaska/27-Minnesota,1-Truck,0,0,-

02-Alaska,28-Mississippi,02-Alaska/28-Mississippi,1-Truck,0,0,-

02-Alaska,29-Missouri,02-Alaska/29-Missouri,1-Truck,0,0,-

02-Alaska,30-Montana,02-Alaska/30-Montana,1-Truck,0,0,-

02-Alaska,31-Nebraska,02-Alaska/31-Nebraska,1-Truck,0,0,-

02-Alaska,32-Nevada,02-Alaska/32-Nevada,1-Truck,0,0,-

02-Alaska,33-New Hampshire,02-Alaska/33-New Hampshire,1-Truck,0,0,-

02-Alaska,34-New Jersey,02-Alaska/34-New Jersey,1-Truck,0,0,-

02-Alaska,35-New Mexico,02-Alaska/35-New Mexico,1-Truck,0,0,-

02-Alaska,36-New York,02-Alaska/36-New York,1-Truck,0,0,-

02-Alaska,37-North Carolina,02-Alaska/37-North Carolina,1-Truck,0,0,-

02-Alaska,38-North Dakota,02-Alaska/38-North Dakota,1-Truck,0,0,-

02-Alaska,39-Ohio,02-Alaska/39-Ohio,1-Truck,0,0,-

02-Alaska,40-Oklahoma,02-Alaska/40-Oklahoma,1-Truck,0,0,-

02-Alaska,41-Oregon,02-Alaska/41-Oregon,1-Truck,0,0,-

02-Alaska,42-Pennsylvania,02-Alaska/42-Pennsylvania,1-Truck,0,0,-

02-Alaska,44-Rhode Island,02-Alaska/44-Rhode Island,1-Truck,0,0,-

02-Alaska,45-South Carolina,02-Alaska/45-South Carolina,1-Truck,0,0,-

02-Alaska,46-South Dakota,02-Alaska/46-South Dakota,1-Truck,0,0,-

02-Alaska,47-Tennessee,02-Alaska/47-Tennessee,1-Truck,0,0,-

02-Alaska,48-Texas,02-Alaska/48-Texas,1-Truck,0,0,-

02-Alaska,49-Utah,02-Alaska/49-Utah,1-Truck,0,0,-

02-Alaska,50-Vermont,02-Alaska/50-Vermont,1-Truck,0,0,-

02-Alaska,51-Virginia,02-Alaska/51-Virginia,1-Truck,0,0,-

02-Alaska,53-Washington,02-Alaska/53-Washington,1-Truck,0,0,-

02-Alaska,54-West Virginia,02-Alaska/54-West Virginia,1-Truck,0,0,-

02-Alaska,55-Wisconsin,02-Alaska/55-Wisconsin,1-Truck,0,0,-

02-Alaska,56-Wyoming,02-Alaska/56-Wyoming,1-Truck,0,0,-

04-Arizona,01-Alabama,04-Arizona/01-Alabama,1-Truck,0.2566205,434.5379,1693.309381

04-Arizona,02-Alaska,04-Arizona/02-Alaska,1-Truck,0,0,-

04-Arizona,04-Arizona,04-Arizona/04-Arizona,1-Truck,227.1593504,11941.41,52.56842819

04-Arizona,05-Arkansas,04-Arizona/05-Arkansas,1-Truck,0.3147805,404.5911,1285.311828

04-Arizona,06-California,04-Arizona/06-California,1-Truck,17.5025273,7562.4756,432.0790632

04-Arizona,08-Colorado,04-Arizona/08-Colorado,1-Truck,1.2705504,1005.107,791.0799918

04-Arizona,09-Connecticut,04-Arizona/09-Connecticut,1-Truck,0.0480068,124.558,2594.590766

04-Arizona,10-Delaware,04-Arizona/10-Delaware,1-Truck,0.0044309,10.9288,2466.496649

04-Arizona,11-Washington DC,04-Arizona/11-Washington DC,1-Truck,0.0008244,1.9117,2318.898593

04-Arizona,12-Florida,04-Arizona/12-Florida,1-Truck,0.4354809,936.7306,2151.025682

04-Arizona,13-Georgia,04-Arizona/13-Georgia,1-Truck,0.3168222,595.8433,1880.686707

04-Arizona,15-Hawaii,04-Arizona/15-Hawaii,1-Truck,0,0,-

04-Arizona,16-Idaho,04-Arizona/16-Idaho,1-Truck,0.2969676,280.4321,944.3188415

04-Arizona,17-Illinois,04-Arizona/17-Illinois,1-Truck,0.5885627,1039.4214,1766.033423

04-Arizona,18-Indiana,04-Arizona/18-Indiana,1-Truck,0.3456091,618.7118,1790.206913

04-Arizona,19-Iowa,04-Arizona/19-Iowa,1-Truck,0.2452324,377.3017,1538.547517

04-Arizona,20-Kansas,04-Arizona/20-Kansas,1-Truck,0.2301285,259.0057,1125.482937

04-Arizona,21-Kentucky,04-Arizona/21-Kentucky,1-Truck,0.1449994,263.2883,1815.788893

04-Arizona,22-Louisiana,04-Arizona/22-Louisiana,1-Truck,0.1162459,159.9088,1375.608086

04-Arizona,23-Maine,04-Arizona/23-Maine,1-Truck,0.0060632,17.1649,2830.996833

04-Arizona,24-Maryland,04-Arizona/24-Maryland,1-Truck,0.0743709,174.3779,2344.706061

04-Arizona,25-Massachusetts,04-Arizona/25-Massachusetts,1-Truck,0.1081552,291.979,2699.629791

04-Arizona,26-Michigan,04-Arizona/26-Michigan,1-Truck,0.5861727,1188.8843,2028.215064

04-Arizona,27-Minnesota,04-Arizona/27-Minnesota,1-Truck,0.4415098,771.9438,1748.418268

04-Arizona,28-Mississippi,04-Arizona/28-Mississippi,1-Truck,0.1607709,242.5171,1508.463907

04-Arizona,29-Missouri,04-Arizona/29-Missouri,1-Truck,0.3901033,522.2744,1338.810515

04-Arizona,30-Montana,04-Arizona/30-Montana,1-Truck,0.0486798,59.9459,1231.43275

04-Arizona,31-Nebraska,04-Arizona/31-Nebraska,1-Truck,0.162277,199.9151,1231.937366

04-Arizona,32-Nevada,04-Arizona/32-Nevada,1-Truck,3.2810911,1230.2433,374.949449

04-Arizona,33-New Hampshire,04-Arizona/33-New Hampshire,1-Truck,0.0372009,100.8522,2711.015056

04-Arizona,34-New Jersey,04-Arizona/34-New Jersey,1-Truck,0.2338572,590.1225,2523.430966

04-Arizona,35-New Mexico,04-Arizona/35-New Mexico,1-Truck,2.0742161,790.0165,380.8747314

04-Arizona,36-New York,04-Arizona/36-New York,1-Truck,0.389405,960.5378,2466.680705

04-Arizona,37-North Carolina,04-Arizona/37-North Carolina,1-Truck,0.4713748,992.4444,2105.425237

04-Arizona,38-North Dakota,04-Arizona/38-North Dakota,1-Truck,0.0154654,24.935,1612.308767

04-Arizona,39-Ohio,04-Arizona/39-Ohio,1-Truck,0.4691958,920.9041,1962.72878

04-Arizona,40-Oklahoma,04-Arizona/40-Oklahoma,1-Truck,0.3349215,328.3199,980.2891125

04-Arizona,41-Oregon,04-Arizona/41-Oregon,1-Truck,0.6659545,853.7761,1282.033682

04-Arizona,42-Pennsylvania,04-Arizona/42-Pennsylvania,1-Truck,0.2842288,668.203,2350.933473

04-Arizona,44-Rhode Island,04-Arizona/44-Rhode Island,1-Truck,0.0253552,68.1587,2688.154698

04-Arizona,45-South Carolina,04-Arizona/45-South Carolina,1-Truck,0.2046968,421.4886,2059.087392

04-Arizona,46-South Dakota,04-Arizona/46-South Dakota,1-Truck,0.0340056,50.0056,1470.510739

04-Arizona,47-Tennessee,04-Arizona/47-Tennessee,1-Truck,0.3060709,485.6694,1586.787244

04-Arizona,48-Texas,04-Arizona/48-Texas,1-Truck,3.4069816,2939.5205,862.7931833

04-Arizona,49-Utah,04-Arizona/49-Utah,1-Truck,1.767261,999.6179,565.631166

04-Arizona,50-Vermont,04-Arizona/50-Vermont,1-Truck,0.0019202,5.2519,2735.079679

04-Arizona,51-Virginia,04-Arizona/51-Virginia,1-Truck,0.2513282,539.213,2145.453634

04-Arizona,53-Washington,04-Arizona/53-Washington,1-Truck,0.5700358,831.7868,1459.183441

04-Arizona,54-West Virginia,04-Arizona/54-West Virginia,1-Truck,0.012325,25.4611,2065.809331

04-Arizona,55-Wisconsin,04-Arizona/55-Wisconsin,1-Truck,0.3470969,644.2583,1856.133835

04-Arizona,56-Wyoming,04-Arizona/56-Wyoming,1-Truck,0.1238568,105.9746,855.6219763

05-Arkansas,01-Alabama,05-Arkansas/01-Alabama,1-Truck,1.5306165,622.2332,406.5245605

05-Arkansas,02-Alaska,05-Arkansas/02-Alaska,1-Truck,0,0,-

05-Arkansas,04-Arizona,05-Arkansas/04-Arizona,1-Truck,0.3147805,404.5911,1285.311828

05-Arkansas,05-Arkansas,05-Arkansas/05-Arkansas,1-Truck,279.3331458,33584.3392,120.230412

05-Arkansas,06-California,05-Arkansas/06-California,1-Truck,1.1852966,2011.3011,1696.875786

05-Arkansas,08-Colorado,05-Arkansas/08-Colorado,1-Truck,0.4080241,380.3535,932.1839078

05-Arkansas,09-Connecticut,05-Arkansas/09-Connecticut,1-Truck,0.0579335,79.221,1367.447159

05-Arkansas,10-Delaware,05-Arkansas/10-Delaware,1-Truck,0.0102148,11.823,1157.438227

05-Arkansas,11-Washington DC,05-Arkansas/11-Washington DC,1-Truck,0.0070069,7.3183,1044.441907

05-Arkansas,12-Florida,05-Arkansas/12-Florida,1-Truck,0.7391051,693.084,937.7340246

05-Arkansas,13-Georgia,05-Arkansas/13-Georgia,1-Truck,2.5358778,1574.9091,621.0508645

05-Arkansas,15-Hawaii,05-Arkansas/15-Hawaii,1-Truck,0,0,-

05-Arkansas,16-Idaho,05-Arkansas/16-Idaho,1-Truck,0.0436362,73.7668,1690.495506

05-Arkansas,17-Illinois,05-Arkansas/17-Illinois,1-Truck,2.0853014,1051.4715,504.229988

05-Arkansas,18-Indiana,05-Arkansas/18-Indiana,1-Truck,2.0605106,1165.8672,565.8147063

05-Arkansas,19-Iowa,05-Arkansas/19-Iowa,1-Truck,0.6850622,386.6952,564.4672849

05-Arkansas,20-Kansas,05-Arkansas/20-Kansas,1-Truck,1.5220698,592.8867,389.526617

05-Arkansas,21-Kentucky,05-Arkansas/21-Kentucky,1-Truck,1.4549128,679.5431,467.0679232

05-Arkansas,22-Louisiana,05-Arkansas/22-Louisiana,1-Truck,4.924353,1532.3469,311.1773059

05-Arkansas,23-Maine,05-Arkansas/23-Maine,1-Truck,0.0743039,125.5762,1690.035113

05-Arkansas,24-Maryland,05-Arkansas/24-Maryland,1-Truck,0.091456,97.3543,1064.493308

05-Arkansas,25-Massachusetts,05-Arkansas/25-Massachusetts,1-Truck,0.14318,212.2805,1482.612795

05-Arkansas,26-Michigan,05-Arkansas/26-Michigan,1-Truck,0.7086447,607.0427,856.6249067

05-Arkansas,27-Minnesota,05-Arkansas/27-Minnesota,1-Truck,0.2780889,223.1036,802.2743806

05-Arkansas,28-Mississippi,05-Arkansas/28-Mississippi,1-Truck,4.2373396,1096.9843,258.8851505

05-Arkansas,29-Missouri,05-Arkansas/29-Missouri,1-Truck,7.9437102,2080.8484,261.9491834

05-Arkansas,30-Montana,05-Arkansas/30-Montana,1-Truck,0.0777404,111.76,1437.605158

05-Arkansas,31-Nebraska,05-Arkansas/31-Nebraska,1-Truck,0.4419768,272.1527,615.7624111

05-Arkansas,32-Nevada,05-Arkansas/32-Nevada,1-Truck,0.0280634,44.5633,1587.950854

05-Arkansas,33-New Hampshire,05-Arkansas/33-New Hampshire,1-Truck,0.0861096,133.3721,1548.86447

05-Arkansas,34-New Jersey,05-Arkansas/34-New Jersey,1-Truck,0.2622067,324.2255,1236.526374

05-Arkansas,35-New Mexico,05-Arkansas/35-New Mexico,1-Truck,0.0736615,62.9354,854.3866199

05-Arkansas,36-New York,05-Arkansas/36-New York,1-Truck,0.4429318,548.2664,1237.812232

05-Arkansas,37-North Carolina,05-Arkansas/37-North Carolina,1-Truck,0.8310166,692.7968,833.67384

05-Arkansas,38-North Dakota,05-Arkansas/38-North Dakota,1-Truck,0.0401528,45.8101,1140.894284

05-Arkansas,39-Ohio,05-Arkansas/39-Ohio,1-Truck,1.1199455,851.8851,760.6487101

05-Arkansas,40-Oklahoma,05-Arkansas/40-Oklahoma,1-Truck,6.7528991,1651.0899,244.5008989

05-Arkansas,41-Oregon,05-Arkansas/41-Oregon,1-Truck,0.1138604,245.5207,2156.33091

05-Arkansas,42-Pennsylvania,05-Arkansas/42-Pennsylvania,1-Truck,0.8999085,932.0373,1035.702296

05-Arkansas,44-Rhode Island,05-Arkansas/44-Rhode Island,1-Truck,0.0121357,17.4502,1437.922823

05-Arkansas,45-South Carolina,05-Arkansas/45-South Carolina,1-Truck,0.599756,473.3837,789.2938128

05-Arkansas,46-South Dakota,05-Arkansas/46-South Dakota,1-Truck,0.0602169,46.4358,771.1423205

05-Arkansas,47-Tennessee,05-Arkansas/47-Tennessee,1-Truck,8.5305009,1998.3389,234.2580961

05-Arkansas,48-Texas,05-Arkansas/48-Texas,1-Truck,11.7618167,4593.5614,390.5486301

05-Arkansas,49-Utah,05-Arkansas/49-Utah,1-Truck,0.3081329,432.1704,1402.54546

05-Arkansas,50-Vermont,05-Arkansas/50-Vermont,1-Truck,0.022228,32.7919,1475.251934

05-Arkansas,51-Virginia,05-Arkansas/51-Virginia,1-Truck,0.4791385,454.9497,949.5160585

05-Arkansas,53-Washington,05-Arkansas/53-Washington,1-Truck,0.1907383,422.3056,2214.057691

05-Arkansas,54-West Virginia,05-Arkansas/54-West Virginia,1-Truck,0.0490161,36.2564,739.6834918

05-Arkansas,55-Wisconsin,05-Arkansas/55-Wisconsin,1-Truck,0.88167,678.9616,770.0858598

05-Arkansas,56-Wyoming,05-Arkansas/56-Wyoming,1-Truck,0.0352227,41.347,1173.873667

06-California,01-Alabama,06-California/01-Alabama,1-Truck,1.295197,2740.2871,2115.729962

06-California,02-Alaska,06-California/02-Alaska,1-Truck,0,0,-

06-California,04-Arizona,06-California/04-Arizona,1-Truck,17.5025273,7562.4756,432.0790632

06-California,05-Arkansas,06-California/05-Arkansas,1-Truck,1.1852966,2011.3011,1696.875786

06-California,06-California,06-California/06-California,1-Truck,1364.381886,118628.052,86.94636977

06-California,08-Colorado,06-California/08-Colorado,1-Truck,4.4259552,4689.3992,1059.522518

06-California,09-Connecticut,06-California/09-Connecticut,1-Truck,0.5344904,1576.945,2950.371045

06-California,10-Delaware,06-California/10-Delaware,1-Truck,0.1218719,347.5939,2852.125059

06-California,11-Washington DC,06-California/11-Washington DC,1-Truck,0.0313215,88.0514,2811.212745

06-California,12-Florida,06-California/12-Florida,1-Truck,2.6226119,6823.406,2601.759719

06-California,13-Georgia,06-California/13-Georgia,1-Truck,2.942031,6780.7587,2304.788325

06-California,15-Hawaii,06-California/15-Hawaii,1-Truck,0,0,-

06-California,16-Idaho,06-California/16-Idaho,1-Truck,2.0700372,1696.5062,819.5534844

06-California,17-Illinois,06-California/17-Illinois,1-Truck,4.7912996,9772.396,2039.612802

06-California,18-Indiana,06-California/18-Indiana,1-Truck,1.8188214,3909.9856,2149.735867

06-California,19-Iowa,06-California/19-Iowa,1-Truck,1.1107895,1957.994,1762.704815

06-California,20-Kansas,06-California/20-Kansas,1-Truck,1.3745884,2108.8606,1534.176049

06-California,21-Kentucky,06-California/21-Kentucky,1-Truck,1.2302208,2679.5478,2178.10315

06-California,22-Louisiana,06-California/22-Louisiana,1-Truck,0.8922253,1702.1836,1907.79571

06-California,23-Maine,06-California/23-Maine,1-Truck,0.147061,471.3752,3205.303922

06-California,24-Maryland,06-California/24-Maryland,1-Truck,1.3261962,3657.6566,2758.00564

06-California,25-Massachusetts,06-California/25-Massachusetts,1-Truck,1.0568665,3219.0687,3045.861232

06-California,26-Michigan,06-California/26-Michigan,1-Truck,1.8524008,4219.9785,2278.113084

06-California,27-Minnesota,06-California/27-Minnesota,1-Truck,1.630799,3139.3039,1925.009704

06-California,28-Mississippi,06-California/28-Mississippi,1-Truck,0.6069262,1186.4663,1954.87738

06-California,29-Missouri,06-California/29-Missouri,1-Truck,2.4405597,4315.2819,1768.152568

06-California,30-Montana,06-California/30-Montana,1-Truck,0.8134076,980.4698,1205.38559

06-California,31-Nebraska,06-California/31-Nebraska,1-Truck,0.7144133,1044.9552,1462.676017

06-California,32-Nevada,06-California/32-Nevada,1-Truck,16.8797556,5355.1101,317.2504524

06-California,33-New Hampshire,06-California/33-New Hampshire,1-Truck,0.1953131,606.7913,3106.761912

06-California,34-New Jersey,06-California/34-New Jersey,1-Truck,2.6885675,7756.5982,2885.030114

06-California,35-New Mexico,06-California/35-New Mexico,1-Truck,1.1569357,987.4722,853.5238389

06-California,36-New York,06-California/36-New York,1-Truck,2.9200884,8239.7034,2821.730808

06-California,37-North Carolina,06-California/37-North Carolina,1-Truck,1.7994114,4618.4793,2566.661132

06-California,38-North Dakota,06-California/38-North Dakota,1-Truck,0.2688778,464.108,1726.092671

06-California,39-Ohio,06-California/39-Ohio,1-Truck,7.151657,17377.0747,2429.796997

06-California,40-Oklahoma,06-California/40-Oklahoma,1-Truck,1.4775872,2164.4595,1464.860754

06-California,41-Oregon,06-California/41-Oregon,1-Truck,11.7947194,6836.7642,579.6461932

06-California,42-Pennsylvania,06-California/42-Pennsylvania,1-Truck,2.8486029,7668.6549,2692.075789

06-California,44-Rhode Island,06-California/44-Rhode Island,1-Truck,0.0676794,209.7199,3098.725757

06-California,45-South Carolina,06-California/45-South Carolina,1-Truck,1.1477098,2892.3558,2520.110746

06-California,46-South Dakota,06-California/46-South Dakota,1-Truck,0.3904221,574.2506,1470.845528

06-California,47-Tennessee,06-California/47-Tennessee,1-Truck,2.2483048,4579.8254,2037.012686

06-California,48-Texas,06-California/48-Texas,1-Truck,12.0291101,16921.1346,1406.682162

06-California,49-Utah,06-California/49-Utah,1-Truck,6.6119669,4464.0818,675.1518674

06-California,50-Vermont,06-California/50-Vermont,1-Truck,0.084179,256.7646,3050.221552

06-California,51-Virginia,06-California/51-Virginia,1-Truck,1.2658968,3324.7458,2626.395611

06-California,53-Washington,06-California/53-Washington,1-Truck,9.9580882,9352.5157,939.1878754

06-California,54-West Virginia,06-California/54-West Virginia,1-Truck,0.1181807,291.4987,2466.550799

06-California,55-Wisconsin,06-California/55-Wisconsin,1-Truck,2.5068702,5212.1316,2079.139

06-California,56-Wyoming,06-California/56-Wyoming,1-Truck,0.6900391,687.6502,996.5380223

08-Colorado,01-Alabama,08-Colorado/01-Alabama,1-Truck,0.2364788,328.0442,1387.20342

08-Colorado,02-Alaska,08-Colorado/02-Alaska,1-Truck,0,0,-

08-Colorado,04-Arizona,08-Colorado/04-Arizona,1-Truck,1.2705504,1005.107,791.0799918

08-Colorado,05-Arkansas,08-Colorado/05-Arkansas,1-Truck,0.4080241,380.3535,932.1839078

08-Colorado,06-California,08-Colorado/06-California,1-Truck,4.4259552,4689.3992,1059.522518

08-Colorado,08-Colorado,08-Colorado/08-Colorado,1-Truck,286.6530476,28495.3266,99.40702476

08-Colorado,09-Connecticut,08-Colorado/09-Connecticut,1-Truck,0.0453737,85.2695,1879.271472

08-Colorado,10-Delaware,08-Colorado/10-Delaware,1-Truck,0.0497581,88.0375,1769.309921

08-Colorado,11-Washington DC,08-Colorado/11-Washington DC,1-Truck,0.0050265,8.5497,1700.925097

08-Colorado,12-Florida,08-Colorado/12-Florida,1-Truck,0.3628395,672.8818,1854.48883

08-Colorado,13-Georgia,08-Colorado/13-Georgia,1-Truck,0.6189939,903.933,1460.326184

08-Colorado,15-Hawaii,08-Colorado/15-Hawaii,1-Truck,0,0,-

08-Colorado,16-Idaho,08-Colorado/16-Idaho,1-Truck,0.6236371,443.2224,710.7056331

08-Colorado,17-Illinois,08-Colorado/17-Illinois,1-Truck,1.2870152,1278.5584,993.4291374

08-Colorado,18-Indiana,08-Colorado/18-Indiana,1-Truck,0.3356526,378.0631,1126.352366

08-Colorado,19-Iowa,08-Colorado/19-Iowa,1-Truck,0.5881115,422.2518,717.9791587

08-Colorado,20-Kansas,08-Colorado/20-Kansas,1-Truck,3.469253,1517.0599,437.2871912

08-Colorado,21-Kentucky,08-Colorado/21-Kentucky,1-Truck,0.277164,323.1659,1165.973575

08-Colorado,22-Louisiana,08-Colorado/22-Louisiana,1-Truck,0.1956747,229.9553,1175.191785

08-Colorado,23-Maine,08-Colorado/23-Maine,1-Truck,0.0204193,45.3318,2220.046721

08-Colorado,24-Maryland,08-Colorado/24-Maryland,1-Truck,0.1479998,247.9116,1675.080642

08-Colorado,25-Massachusetts,08-Colorado/25-Massachusetts,1-Truck,0.1191969,246.1774,2065.300356

08-Colorado,26-Michigan,08-Colorado/26-Michigan,1-Truck,0.4483259,561.1117,1251.571011

08-Colorado,27-Minnesota,08-Colorado/27-Minnesota,1-Truck,0.5414214,489.386,903.8911281

08-Colorado,28-Mississippi,08-Colorado/28-Mississippi,1-Truck,0.1544955,191.0918,1236.876155

08-Colorado,29-Missouri,08-Colorado/29-Missouri,1-Truck,1.6127723,1222.7357,758.1576767

08-Colorado,30-Montana,08-Colorado/30-Montana,1-Truck,1.3795004,898.8178,651.5531275

08-Colorado,31-Nebraska,08-Colorado/31-Nebraska,1-Truck,7.6436288,3270.6306,427.889774

08-Colorado,32-Nevada,08-Colorado/32-Nevada,1-Truck,0.4979033,381.051,765.3112562

08-Colorado,33-New Hampshire,08-Colorado/33-New Hampshire,1-Truck,0.0217423,44.8962,2064.924134

08-Colorado,34-New Jersey,08-Colorado/34-New Jersey,1-Truck,0.2569096,468.6604,1824.222995

08-Colorado,35-New Mexico,08-Colorado/35-New Mexico,1-Truck,2.1541018,892.4178,414.2876627

08-Colorado,36-New York,08-Colorado/36-New York,1-Truck,0.3164001,573.9489,1813.997214

08-Colorado,37-North Carolina,08-Colorado/37-North Carolina,1-Truck,0.4042793,655.644,1621.760006

08-Colorado,38-North Dakota,08-Colorado/38-North Dakota,1-Truck,0.2824988,224.6116,795.0886871

08-Colorado,39-Ohio,08-Colorado/39-Ohio,1-Truck,1.0014662,1322.5036,1320.567384

08-Colorado,40-Oklahoma,08-Colorado/40-Oklahoma,1-Truck,1.250288,819.2488,655.2480708

08-Colorado,41-Oregon,08-Colorado/41-Oregon,1-Truck,0.6245652,738.1908,1181.927523

08-Colorado,42-Pennsylvania,08-Colorado/42-Pennsylvania,1-Truck,0.5624212,933.9154,1660.526666

08-Colorado,44-Rhode Island,08-Colorado/44-Rhode Island,1-Truck,0.0161024,32.6563,2028.039298

08-Colorado,45-South Carolina,08-Colorado/45-South Carolina,1-Truck,0.1550437,253.432,1634.584314

08-Colorado,46-South Dakota,08-Colorado/46-South Dakota,1-Truck,0.439484,223.8332,509.3090989

08-Colorado,47-Tennessee,08-Colorado/47-Tennessee,1-Truck,0.2900155,352.8262,1216.577045

08-Colorado,48-Texas,08-Colorado/48-Texas,1-Truck,6.265981,5288.1967,843.9535166

08-Colorado,49-Utah,08-Colorado/49-Utah,1-Truck,3.5778593,1671.8088,467.2651046

08-Colorado,50-Vermont,08-Colorado/50-Vermont,1-Truck,0.0071045,14.5919,2053.895418

08-Colorado,51-Virginia,08-Colorado/51-Virginia,1-Truck,0.2937326,480.9559,1637.39367

08-Colorado,53-Washington,08-Colorado/53-Washington,1-Truck,0.6462279,832.3171,1287.962188

08-Colorado,54-West Virginia,08-Colorado/54-West Virginia,1-Truck,0.0099231,14.1936,1430.359464

08-Colorado,55-Wisconsin,08-Colorado/55-Wisconsin,1-Truck,0.7393401,779.9946,1054.987549

08-Colorado,56-Wyoming,08-Colorado/56-Wyoming,1-Truck,6.552043,1567.5425,239.2448432

09-Connecticut,01-Alabama,09-Connecticut/01-Alabama,1-Truck,0.1342402,152.8183,1138.39446

09-Connecticut,02-Alaska,09-Connecticut/02-Alaska,1-Truck,0,0,-

09-Connecticut,04-Arizona,09-Connecticut/04-Arizona,1-Truck,0.0480068,124.558,2594.590766

09-Connecticut,05-Arkansas,09-Connecticut/05-Arkansas,1-Truck,0.0579335,79.221,1367.447159

09-Connecticut,06-California,09-Connecticut/06-California,1-Truck,0.5344904,1576.945,2950.371045

09-Connecticut,08-Colorado,09-Connecticut/08-Colorado,1-Truck,0.0453737,85.2695,1879.271472

09-Connecticut,09-Connecticut,09-Connecticut/09-Connecticut,1-Truck,153.0880476,4841.6172,31.6263567

09-Connecticut,10-Delaware,09-Connecticut/10-Delaware,1-Truck,0.1407066,35.3395,251.1573729

09-Connecticut,11-Washington DC,09-Connecticut/11-Washington DC,1-Truck,0.0037291,1.3346,357.8879622

09-Connecticut,12-Florida,09-Connecticut/12-Florida,1-Truck,0.4795584,625.427,1304.172756

09-Connecticut,13-Georgia,09-Connecticut/13-Georgia,1-Truck,0.3223026,325.2827,1009.24628

09-Connecticut,15-Hawaii,09-Connecticut/15-Hawaii,1-Truck,0,0,-

09-Connecticut,16-Idaho,09-Connecticut/16-Idaho,1-Truck,0.0181934,46.2877,2544.202843

09-Connecticut,17-Illinois,09-Connecticut/17-Illinois,1-Truck,0.4631498,440.8105,951.7665775

09-Connecticut,18-Indiana,09-Connecticut/18-Indiana,1-Truck,0.4128797,343.4202,831.7681882

09-Connecticut,19-Iowa,09-Connecticut/19-Iowa,1-Truck,0.0785089,94.0195,1197.564862

09-Connecticut,20-Kansas,09-Connecticut/20-Kansas,1-Truck,0.0563213,81.7343,1451.214727

09-Connecticut,21-Kentucky,09-Connecticut/21-Kentucky,1-Truck,0.1855248,155.9645,840.6665847

09-Connecticut,22-Louisiana,09-Connecticut/22-Louisiana,1-Truck,0.1271246,198.159,1558.777766

09-Connecticut,23-Maine,09-Connecticut/23-Maine,1-Truck,1.27845,364.5763,285.1705581

09-Connecticut,24-Maryland,09-Connecticut/24-Maryland,1-Truck,0.5053764,161.1307,318.833052

09-Connecticut,25-Massachusetts,09-Connecticut/25-Massachusetts,1-Truck,12.46146,1282.3897,102.9084634

09-Connecticut,26-Michigan,09-Connecticut/26-Michigan,1-Truck,0.1908114,150.1311,786.8036187

09-Connecticut,27-Minnesota,09-Connecticut/27-Minnesota,1-Truck,0.1416843,198.5375,1401.26676

09-Connecticut,28-Mississippi,09-Connecticut/28-Mississippi,1-Truck,0.0350515,45.0381,1284.912201

09-Connecticut,29-Missouri,09-Connecticut/29-Missouri,1-Truck,0.2834231,361.3885,1275.084847

09-Connecticut,30-Montana,09-Connecticut/30-Montana,1-Truck,0.0036182,7.6561,2115.996905

09-Connecticut,31-Nebraska,09-Connecticut/31-Nebraska,1-Truck,0.0812695,117.1722,1441.773359

09-Connecticut,32-Nevada,09-Connecticut/32-Nevada,1-Truck,0.0275761,75.2769,2729.787751

09-Connecticut,33-New Hampshire,09-Connecticut/33-New Hampshire,1-Truck,1.1708181,194.9573,166.5137394

09-Connecticut,34-New Jersey,09-Connecticut/34-New Jersey,1-Truck,4.4892522,589.2368,131.2550006

09-Connecticut,35-New Mexico,09-Connecticut/35-New Mexico,1-Truck,0.0181533,40.8643,2251.067299

09-Connecticut,36-New York,09-Connecticut/36-New York,1-Truck,12.1607199,1479.6864,121.6775333

09-Connecticut,37-North Carolina,09-Connecticut/37-North Carolina,1-Truck,0.5843192,400.6428,685.6574283

09-Connecticut,38-North Dakota,09-Connecticut/38-North Dakota,1-Truck,0.0431054,72.9326,1691.959708

09-Connecticut,39-Ohio,09-Connecticut/39-Ohio,1-Truck,1.0409396,657.1509,631.3055051

09-Connecticut,40-Oklahoma,09-Connecticut/40-Oklahoma,1-Truck,0.0403186,61.3212,1520.915905

09-Connecticut,41-Oregon,09-Connecticut/41-Oregon,1-Truck,0.0669023,199.6325,2983.940761

09-Connecticut,42-Pennsylvania,09-Connecticut/42-Pennsylvania,1-Truck,4.3160541,1072.3453,248.4550182

09-Connecticut,44-Rhode Island,09-Connecticut/44-Rhode Island,1-Truck,2.1967542,170.0577,77.41316712

09-Connecticut,45-South Carolina,09-Connecticut/45-South Carolina,1-Truck,0.234889,201.2524,856.7978918

09-Connecticut,46-South Dakota,09-Connecticut/46-South Dakota,1-Truck,0.0321317,51.0189,1587.805812

09-Connecticut,47-Tennessee,09-Connecticut/47-Tennessee,1-Truck,0.218498,220.4312,1008.847678

09-Connecticut,48-Texas,09-Connecticut/48-Texas,1-Truck,0.7485028,1381.2152,1845.303986

09-Connecticut,49-Utah,09-Connecticut/49-Utah,1-Truck,0.0354096,81.0904,2290.06823

09-Connecticut,50-Vermont,09-Connecticut/50-Vermont,1-Truck,0.4275237,93.4539,218.5934955

09-Connecticut,51-Virginia,09-Connecticut/51-Virginia,1-Truck,0.6346872,303.77,478.6137171

09-Connecticut,53-Washington,09-Connecticut/53-Washington,1-Truck,0.0378234,110.2707,2915.409508

09-Connecticut,54-West Virginia,09-Connecticut/54-West Virginia,1-Truck,0.1066299,54.1357,507.6971844

09-Connecticut,55-Wisconsin,09-Connecticut/55-Wisconsin,1-Truck,0.2459366,268.8341,1093.103263

09-Connecticut,56-Wyoming,09-Connecticut/56-Wyoming,1-Truck,0.0143968,28.9898,2013.628028

10-Delaware,01-Alabama,10-Delaware/01-Alabama,1-Truck,0.071858,63.188,879.3453756

10-Delaware,02-Alaska,10-Delaware/02-Alaska,1-Truck,0,0,-

10-Delaware,04-Arizona,10-Delaware/04-Arizona,1-Truck,0.0044309,10.9288,2466.496649

10-Delaware,05-Arkansas,10-Delaware/05-Arkansas,1-Truck,0.0102148,11.823,1157.438227

10-Delaware,06-California,10-Delaware/06-California,1-Truck,0.1218719,347.5939,2852.125059

10-Delaware,08-Colorado,10-Delaware/08-Colorado,1-Truck,0.0497581,88.0375,1769.309921

10-Delaware,09-Connecticut,10-Delaware/09-Connecticut,1-Truck,0.1407066,35.3395,251.1573729

10-Delaware,10-Delaware,10-Delaware/10-Delaware,1-Truck,36.0405538,983.8848,27.29938073

10-Delaware,11-Washington DC,10-Delaware/11-Washington DC,1-Truck,0.059932,6.5499,109.2888607

10-Delaware,12-Florida,10-Delaware/12-Florida,1-Truck,0.1317589,137.4985,1043.561384

10-Delaware,13-Georgia,10-Delaware/13-Georgia,1-Truck,0.2009795,152.203,757.3060934

10-Delaware,15-Hawaii,10-Delaware/15-Hawaii,1-Truck,0,0,-

10-Delaware,16-Idaho,10-Delaware/16-Idaho,1-Truck,0.0022706,5.5837,2459.129745

10-Delaware,17-Illinois,10-Delaware/17-Illinois,1-Truck,0.1481497,129.4256,873.6136489

10-Delaware,18-Indiana,10-Delaware/18-Indiana,1-Truck,0.0968916,67.8496,700.2629743

10-Delaware,19-Iowa,10-Delaware/19-Iowa,1-Truck,0.0167326,18.5025,1105.775552

10-Delaware,20-Kansas,10-Delaware/20-Kansas,1-Truck,0.0330468,39.6107,1198.624375

10-Delaware,21-Kentucky,10-Delaware/21-Kentucky,1-Truck,0.0541309,36.1591,667.9936968

10-Delaware,22-Louisiana,10-Delaware/22-Louisiana,1-Truck,0.0307292,37.7382,1228.089244

10-Delaware,23-Maine,10-Delaware/23-Maine,1-Truck,0.0507298,28.9259,570.1954275

10-Delaware,24-Maryland,10-Delaware/24-Maryland,1-Truck,8.3274593,763.8943,91.7319764

10-Delaware,25-Massachusetts,10-Delaware/25-Massachusetts,1-Truck,0.281359,106.4792,378.4460422

10-Delaware,26-Michigan,10-Delaware/26-Michigan,1-Truck,0.0955896,68.4517,716.0998686

10-Delaware,27-Minnesota,10-Delaware/27-Minnesota,1-Truck,0.1128064,159.8122,1416.694443

10-Delaware,28-Mississippi,10-Delaware/28-Mississippi,1-Truck,0.0409701,44.2062,1078.986871

10-Delaware,29-Missouri,10-Delaware/29-Missouri,1-Truck,0.0684011,71.2854,1042.167451

10-Delaware,30-Montana,10-Delaware/30-Montana,1-Truck,0.0000444,0.1002,2256.756757

10-Delaware,31-Nebraska,10-Delaware/31-Nebraska,1-Truck,0.0184624,25.5335,1383.000043

10-Delaware,32-Nevada,10-Delaware/32-Nevada,1-Truck,0.0020382,5.2948,2597.782357

10-Delaware,33-New Hampshire,10-Delaware/33-New Hampshire,1-Truck,0.0145911,6.2693,429.6660293

10-Delaware,34-New Jersey,10-Delaware/34-New Jersey,1-Truck,3.8465206,370.7814,96.39397226

10-Delaware,35-New Mexico,10-Delaware/35-New Mexico,1-Truck,0.0012424,2.4754,1992.433999

10-Delaware,36-New York,10-Delaware/36-New York,1-Truck,0.5995932,163.5095,272.7007244

10-Delaware,37-North Carolina,10-Delaware/37-North Carolina,1-Truck,0.3762989,153.553,408.0612513

10-Delaware,38-North Dakota,10-Delaware/38-North Dakota,1-Truck,0.0064725,11.1673,1725.345693

10-Delaware,39-Ohio,10-Delaware/39-Ohio,1-Truck,0.3639017,184.3465,506.5832339

10-Delaware,40-Oklahoma,10-Delaware/40-Oklahoma,1-Truck,0.0109713,16.0063,1458.924649

10-Delaware,41-Oregon,10-Delaware/41-Oregon,1-Truck,0.0084646,25.2614,2984.358387

10-Delaware,42-Pennsylvania,10-Delaware/42-Pennsylvania,1-Truck,7.9839504,974.3241,122.0353398

10-Delaware,44-Rhode Island,10-Delaware/44-Rhode Island,1-Truck,0.0178517,5.7485,322.0141499

10-Delaware,45-South Carolina,10-Delaware/45-South Carolina,1-Truck,0.1797893,106.2157,590.7787616

10-Delaware,46-South Dakota,10-Delaware/46-South Dakota,1-Truck,0.003745,5.5817,1490.440587

10-Delaware,47-Tennessee,10-Delaware/47-Tennessee,1-Truck,0.1187682,81.5138,686.3268114

10-Delaware,48-Texas,10-Delaware/48-Texas,1-Truck,0.3611414,567.236,1570.675641

10-Delaware,49-Utah,10-Delaware/49-Utah,1-Truck,0.015745,34.9308,2218.532868

10-Delaware,50-Vermont,10-Delaware/50-Vermont,1-Truck,0.0058599,2.4605,419.8877114

10-Delaware,51-Virginia,10-Delaware/51-Virginia,1-Truck,0.8603635,188.718,219.3468226

10-Delaware,53-Washington,10-Delaware/53-Washington,1-Truck,0.0102663,30.9198,3011.776395

10-Delaware,54-West Virginia,10-Delaware/54-West Virginia,1-Truck,0.1073703,34.278,319.2502955

10-Delaware,55-Wisconsin,10-Delaware/55-Wisconsin,1-Truck,0.0998081,102.2951,1024.917817

10-Delaware,56-Wyoming,10-Delaware/56-Wyoming,1-Truck,0.0009836,1.951,1983.52989

11-Washington DC,01-Alabama,11-Washington DC/01-Alabama,1-Truck,0.0038038,2.9632,779.0104632

11-Washington DC,04-Arizona,11-Washington DC/04-Arizona,1-Truck,0.0008244,1.9117,2318.898593

11-Washington DC,05-Arkansas,11-Washington DC/05-Arkansas,1-Truck,0.0070069,7.3183,1044.441907

11-Washington DC,06-California,11-Washington DC/06-California,1-Truck,0.0313215,88.0514,2811.212745

11-Washington DC,08-Colorado,11-Washington DC/08-Colorado,1-Truck,0.0050265,8.5497,1700.925097

11-Washington DC,09-Connecticut,11-Washington DC/09-Connecticut,1-Truck,0.0037291,1.3346,357.8879622

11-Washington DC,10-Delaware,11-Washington DC/10-Delaware,1-Truck,0.059932,6.5499,109.2888607

11-Washington DC,11-Washington DC,11-Washington DC/11-Washington DC,1-Truck,8.4366476,9.7528,1.156004193

11-Washington DC,12-Florida,11-Washington DC/12-Florida,1-Truck,0.0083057,7.4739,899.8519089

11-Washington DC,13-Georgia,11-Washington DC/13-Georgia,1-Truck,0.0339794,22.1968,653.2428471

11-Washington DC,15-Hawaii,11-Washington DC/15-Hawaii,1-Truck,0,0,-

11-Washington DC,16-Idaho,11-Washington DC/16-Idaho,1-Truck,0.0002186,0.5138,2350.411711

11-Washington DC,17-Illinois,11-Washington DC/17-Illinois,1-Truck,0.0297453,23.6285,794.3607898

11-Washington DC,18-Indiana,11-Washington DC/18-Indiana,1-Truck,0.0192303,11.5943,602.9183112

11-Washington DC,19-Iowa,11-Washington DC/19-Iowa,1-Truck,0.0011103,1.125,1013.239665

11-Washington DC,20-Kansas,11-Washington DC/20-Kansas,1-Truck,0.0009784,1.1952,1221.586263

11-Washington DC,21-Kentucky,11-Washington DC/21-Kentucky,1-Truck,0.0108923,6.4553,592.6480174

11-Washington DC,22-Louisiana,11-Washington DC/22-Louisiana,1-Truck,0.006719,7.8316,1165.590118

11-Washington DC,23-Maine,11-Washington DC/23-Maine,1-Truck,0.0011958,0.7635,638.4846964

11-Washington DC,24-Maryland,11-Washington DC/24-Maryland,1-Truck,2.2581542,79.7972,35.3373565

11-Washington DC,25-Massachusetts,11-Washington DC/25-Massachusetts,1-Truck,0.0192113,9.0197,469.4997215

11-Washington DC,26-Michigan,11-Washington DC/26-Michigan,1-Truck,0.0049385,3.0151,610.529513

11-Washington DC,27-Minnesota,11-Washington DC/27-Minnesota,1-Truck,0.0035508,4.5515,1281.823814

11-Washington DC,28-Mississippi,11-Washington DC/28-Mississippi,1-Truck,0.0021363,2.0401,954.9688714

11-Washington DC,29-Missouri,11-Washington DC/29-Missouri,1-Truck,0.0067215,6.6889,995.1498921

11-Washington DC,30-Montana,11-Washington DC/30-Montana,1-Truck,0.0000578,0.1252,2166.089965

11-Washington DC,31-Nebraska,11-Washington DC/31-Nebraska,1-Truck,0.0003919,0.4958,1265.118653

11-Washington DC,32-Nevada,11-Washington DC/32-Nevada,1-Truck,0.0013655,3.3598,2460.490663

11-Washington DC,33-New Hampshire,11-Washington DC/33-New Hampshire,1-Truck,0.0023553,1.2117,514.4567571

11-Washington DC,34-New Jersey,11-Washington DC/34-New Jersey,1-Truck,0.1111601,18.9277,170.2742261

11-Washington DC,35-New Mexico,11-Washington DC/35-New Mexico,1-Truck,0.0003696,0.6891,1864.448052

11-Washington DC,36-New York,11-Washington DC/36-New York,1-Truck,0.0365189,11.8315,323.9829239

11-Washington DC,37-North Carolina,11-Washington DC/37-North Carolina,1-Truck,0.0847876,26.9819,318.2293166

11-Washington DC,38-North Dakota,11-Washington DC/38-North Dakota,1-Truck,0.0000856,0.1421,1660.046729

11-Washington DC,39-Ohio,11-Washington DC/39-Ohio,1-Truck,0.009621,3.9114,406.5481759

11-Washington DC,40-Oklahoma,11-Washington DC/40-Oklahoma,1-Truck,0.0004746,0.6192,1304.677623

11-Washington DC,41-Oregon,11-Washington DC/41-Oregon,1-Truck,0.0073095,21.0992,2886.544907

11-Washington DC,42-Pennsylvania,11-Washington DC/42-Pennsylvania,1-Truck,0.268333,44.7574,166.7979712

11-Washington DC,44-Rhode Island,11-Washington DC/44-Rhode Island,1-Truck,0.0024606,1.1143,452.8570267

11-Washington DC,45-South Carolina,11-Washington DC/45-South Carolina,1-Truck,0.0265917,12.3211,463.3438253

11-Washington DC,46-South Dakota,11-Washington DC/46-South Dakota,1-Truck,0.0000547,0.0778,1422.303473

11-Washington DC,47-Tennessee,11-Washington DC/47-Tennessee,1-Truck,0.0034138,2.2203,650.3895952

11-Washington DC,48-Texas,11-Washington DC/48-Texas,1-Truck,0.0142786,21.1191,1479.073579

11-Washington DC,49-Utah,11-Washington DC/49-Utah,1-Truck,0.0014922,3.1722,2125.854443

11-Washington DC,50-Vermont,11-Washington DC/50-Vermont,1-Truck,0.000358,0.1987,555.027933

11-Washington DC,51-Virginia,11-Washington DC/51-Virginia,1-Truck,2.2174486,237.3028,107.0161446

11-Washington DC,53-Washington,11-Washington DC/53-Washington,1-Truck,0.0046376,13.5227,2915.883215

11-Washington DC,54-West Virginia,11-Washington DC/54-West Virginia,1-Truck,0.0809863,17.1214,211.4110658

11-Washington DC,55-Wisconsin,11-Washington DC/55-Wisconsin,1-Truck,0.0209249,20.3384,971.9711922

11-Washington DC,56-Wyoming,11-Washington DC/56-Wyoming,1-Truck,0.0000687,0.1237,1800.582242

12-Florida,01-Alabama,12-Florida/01-Alabama,1-Truck,11.5278877,4221.704,366.216614

12-Florida,02-Alaska,12-Florida/02-Alaska,1-Truck,0,0,-

12-Florida,04-Arizona,12-Florida/04-Arizona,1-Truck,0.4354809,936.7306,2151.025682

12-Florida,05-Arkansas,12-Florida/05-Arkansas,1-Truck,0.7391051,693.084,937.7340246

12-Florida,06-California,12-Florida/06-California,1-Truck,2.6226119,6823.406,2601.759719

12-Florida,08-Colorado,12-Florida/08-Colorado,1-Truck,0.3628395,672.8818,1854.48883

12-Florida,09-Connecticut,12-Florida/09-Connecticut,1-Truck,0.4795584,625.427,1304.172756

12-Florida,10-Delaware,12-Florida/10-Delaware,1-Truck,0.1317589,137.4985,1043.561384

12-Florida,11-Washington DC,12-Florida/11-Washington DC,1-Truck,0.0083057,7.4739,899.8519089

12-Florida,12-Florida,12-Florida/12-Florida,1-Truck,1095.056839,97312.5262,88.86527416

12-Florida,13-Georgia,12-Florida/13-Georgia,1-Truck,30.2018876,9271.8451,306.9955502

12-Florida,15-Hawaii,12-Florida/15-Hawaii,1-Truck,0,0,-

12-Florida,16-Idaho,12-Florida/16-Idaho,1-Truck,0.233453,594.2257,2545.376157

12-Florida,17-Illinois,12-Florida/17-Illinois,1-Truck,3.4227405,3896.2386,1138.338884

12-Florida,18-Indiana,12-Florida/18-Indiana,1-Truck,1.8536881,1839.3581,992.2694654

12-Florida,19-Iowa,12-Florida/19-Iowa,1-Truck,0.4897629,662.0928,1351.863933

12-Florida,20-Kansas,12-Florida/20-Kansas,1-Truck,0.586181,768.0024,1310.17962

12-Florida,21-Kentucky,12-Florida/21-Kentucky,1-Truck,1.1062044,886.7013,801.5709393

12-Florida,22-Louisiana,12-Florida/22-Louisiana,1-Truck,1.715785,966.5029,563.3007049

12-Florida,23-Maine,12-Florida/23-Maine,1-Truck,0.1615976,242.8301,1502.683827

12-Florida,24-Maryland,12-Florida/24-Maryland,1-Truck,1.0227328,984.5429,962.6589663

12-Florida,25-Massachusetts,12-Florida/25-Massachusetts,1-Truck,0.5908256,847.7346,1434.830515

12-Florida,26-Michigan,12-Florida/26-Michigan,1-Truck,1.0631796,1306.7771,1229.121684

12-Florida,27-Minnesota,12-Florida/27-Minnesota,1-Truck,0.507214,809.3427,1595.663172

12-Florida,28-Mississippi,12-Florida/28-Mississippi,1-Truck,1.8835482,1035.111,549.5537624

12-Florida,29-Missouri,12-Florida/29-Missouri,1-Truck,0.9820393,1029.5293,1048.358553

12-Florida,30-Montana,12-Florida/30-Montana,1-Truck,0.0121991,30.4982,2500.036888

12-Florida,31-Nebraska,12-Florida/31-Nebraska,1-Truck,0.3526782,528.1814,1497.629851

12-Florida,32-Nevada,12-Florida/32-Nevada,1-Truck,0.2192574,581.4039,2651.695678

12-Florida,33-New Hampshire,12-Florida/33-New Hampshire,1-Truck,0.1276134,189.7633,1487.017037

12-Florida,34-New Jersey,12-Florida/34-New Jersey,1-Truck,1.7324066,2005.8312,1157.829346

12-Florida,35-New Mexico,12-Florida/35-New Mexico,1-Truck,0.0779768,131.0159,1680.190775

12-Florida,36-New York,12-Florida/36-New York,1-Truck,1.7598558,2194.5144,1246.98535

12-Florida,37-North Carolina,12-Florida/37-North Carolina,1-Truck,4.5022884,2625.0647,583.0512101

12-Florida,38-North Dakota,12-Florida/38-North Dakota,1-Truck,0.0962528,183.0631,1901.898958

12-Florida,39-Ohio,12-Florida/39-Ohio,1-Truck,2.3358949,2369.5807,1014.42094

12-Florida,40-Oklahoma,12-Florida/40-Oklahoma,1-Truck,0.580933,688.751,1185.594552

12-Florida,41-Oregon,12-Florida/41-Oregon,1-Truck,0.3522079,1038.0487,2947.261262

12-Florida,42-Pennsylvania,12-Florida/42-Pennsylvania,1-Truck,3.4917612,3703.6196,1060.673794

12-Florida,44-Rhode Island,12-Florida/44-Rhode Island,1-Truck,0.0744134,105.5695,1418.689376

12-Florida,45-South Carolina,12-Florida/45-South Carolina,1-Truck,4.1620922,1790.6486,430.2279993

12-Florida,46-South Dakota,12-Florida/46-South Dakota,1-Truck,0.0420123,69.7434,1660.070979

12-Florida,47-Tennessee,12-Florida/47-Tennessee,1-Truck,2.7240832,1803.8856,662.1991575

12-Florida,48-Texas,12-Florida/48-Texas,1-Truck,7.6132735,8515.8965,1118.559119

12-Florida,49-Utah,12-Florida/49-Utah,1-Truck,0.1413816,322.5465,2281.389516

12-Florida,50-Vermont,12-Florida/50-Vermont,1-Truck,0.0945692,146.1019,1544.920545

12-Florida,51-Virginia,12-Florida/51-Virginia,1-Truck,2.4308413,1809.9232,744.5665828

12-Florida,53-Washington,12-Florida/53-Washington,1-Truck,0.3724094,1130.6984,3036.170408

12-Florida,54-West Virginia,12-Florida/54-West Virginia,1-Truck,0.1856087,163.9988,883.5728067

12-Florida,55-Wisconsin,12-Florida/55-Wisconsin,1-Truck,1.475795,1966.5138,1332.511494

12-Florida,56-Wyoming,12-Florida/56-Wyoming,1-Truck,0.0436138,86.6988,1987.875397

13-Georgia,01-Alabama,13-Georgia/01-Alabama,1-Truck,21.6124089,4401.894,203.6743808

13-Georgia,02-Alaska,13-Georgia/02-Alaska,1-Truck,0,0,-

13-Georgia,04-Arizona,13-Georgia/04-Arizona,1-Truck,0.3168222,595.8433,1880.686707

13-Georgia,05-Arkansas,13-Georgia/05-Arkansas,1-Truck,2.5358778,1574.9091,621.0508645

13-Georgia,06-California,13-Georgia/06-California,1-Truck,2.942031,6780.7587,2304.788325

13-Georgia,08-Colorado,13-Georgia/08-Colorado,1-Truck,0.6189939,903.933,1460.326184

13-Georgia,09-Connecticut,13-Georgia/09-Connecticut,1-Truck,0.3223026,325.2827,1009.24628

13-Georgia,10-Delaware,13-Georgia/10-Delaware,1-Truck,0.2009795,152.203,757.3060934

13-Georgia,11-Washington DC,13-Georgia/11-Washington DC,1-Truck,0.0339794,22.1968,653.2428471

13-Georgia,12-Florida,13-Georgia/12-Florida,1-Truck,30.2018876,9271.8451,306.9955502

13-Georgia,13-Georgia,13-Georgia/13-Georgia,1-Truck,524.6794562,45264.8064,86.27135266

13-Georgia,15-Hawaii,13-Georgia/15-Hawaii,1-Truck,0,0,-

13-Georgia,16-Idaho,13-Georgia/16-Idaho,1-Truck,0.3029078,657.3411,2170.102916

13-Georgia,17-Illinois,13-Georgia/17-Illinois,1-Truck,5.1099087,3722.3259,728.452526

13-Georgia,18-Indiana,13-Georgia/18-Indiana,1-Truck,2.5669704,1492.8266,581.5519338

13-Georgia,19-Iowa,13-Georgia/19-Iowa,1-Truck,0.9195662,865.5953,941.3083039

13-Georgia,20-Kansas,13-Georgia/20-Kansas,1-Truck,0.8529407,792.6345,929.2961398

13-Georgia,21-Kentucky,13-Georgia/21-Kentucky,1-Truck,3.4076397,1360.8355,399.3484112

13-Georgia,22-Louisiana,13-Georgia/22-Louisiana,1-Truck,2.5960025,1485.8338,572.3545336

13-Georgia,23-Maine,13-Georgia/23-Maine,1-Truck,0.1164449,148.4008,1274.429365

13-Georgia,24-Maryland,13-Georgia/24-Maryland,1-Truck,1.0285155,712.6604,692.9019543

13-Georgia,25-Massachusetts,13-Georgia/25-Massachusetts,1-Truck,0.6995815,781.4939,1117.087716

13-Georgia,26-Michigan,13-Georgia/26-Michigan,1-Truck,1.4788732,1208.233,816.9956694

13-Georgia,27-Minnesota,13-Georgia/27-Minnesota,1-Truck,0.7324985,871.9192,1190.335816

13-Georgia,28-Mississippi,13-Georgia/28-Mississippi,1-Truck,2.9050943,1153.8741,397.189895

13-Georgia,29-Missouri,13-Georgia/29-Missouri,1-Truck,1.687534,1132.6184,671.1677513

13-Georgia,30-Montana,13-Georgia/30-Montana,1-Truck,0.0477228,95.9865,2011.334205

13-Georgia,31-Nebraska,13-Georgia/31-Nebraska,1-Truck,0.3236867,352.1507,1087.936885

13-Georgia,32-Nevada,13-Georgia/32-Nevada,1-Truck,0.1195203,264.9891,2217.105379

13-Georgia,33-New Hampshire,13-Georgia/33-New Hampshire,1-Truck,0.1353505,157.0063,1159.997931

13-Georgia,34-New Jersey,13-Georgia/34-New Jersey,1-Truck,1.7861043,1521.259,851.7190178

13-Georgia,35-New Mexico,13-Georgia/35-New Mexico,1-Truck,0.0975053,133.139,1365.45398

13-Georgia,36-New York,13-Georgia/36-New York,1-Truck,1.7677886,1650.8545,933.8528939

13-Georgia,37-North Carolina,13-Georgia/37-North Carolina,1-Truck,13.2738446,4139.7707,311.8742779

13-Georgia,38-North Dakota,13-Georgia/38-North Dakota,1-Truck,0.1369916,202.7163,1479.771752

13-Georgia,39-Ohio,13-Georgia/39-Ohio,1-Truck,5.3224967,3295.321,619.1306798

13-Georgia,40-Oklahoma,13-Georgia/40-Oklahoma,1-Truck,0.9815821,846.2947,862.174137

13-Georgia,41-Oregon,13-Georgia/41-Oregon,1-Truck,0.2478467,645.8889,2606.001613

13-Georgia,42-Pennsylvania,13-Georgia/42-Pennsylvania,1-Truck,4.3154876,3230.1933,748.5117788

13-Georgia,44-Rhode Island,13-Georgia/44-Rhode Island,1-Truck,0.0571999,63.0668,1102.568361

13-Georgia,45-South Carolina,13-Georgia/45-South Carolina,1-Truck,17.998988,3519.2651,195.5257207

13-Georgia,46-South Dakota,13-Georgia/46-South Dakota,1-Truck,0.1586928,204.6338,1289.496436

13-Georgia,47-Tennessee,13-Georgia/47-Tennessee,1-Truck,17.752617,4961.9042,279.5026897

13-Georgia,48-Texas,13-Georgia/48-Texas,1-Truck,11.0767262,9768.8647,881.9270716

13-Georgia,49-Utah,13-Georgia/49-Utah,1-Truck,0.4259435,810.517,1902.874442

13-Georgia,50-Vermont,13-Georgia/50-Vermont,1-Truck,0.1190706,137.8435,1157.661925

13-Georgia,51-Virginia,13-Georgia/51-Virginia,1-Truck,3.2071546,1572.9625,490.4542176

13-Georgia,53-Washington,13-Georgia/53-Washington,1-Truck,0.4015728,1068.2164,2660.081559

13-Georgia,54-West Virginia,13-Georgia/54-West Virginia,1-Truck,0.3331667,175.2058,525.8802876

13-Georgia,55-Wisconsin,13-Georgia/55-Wisconsin,1-Truck,2.0373224,1907.546,936.3005089

13-Georgia,56-Wyoming,13-Georgia/56-Wyoming,1-Truck,0.0511754,85.6671,1673.989847

15-Hawaii,01-Alabama,15-Hawaii/01-Alabama,1-Truck,0,0,-

15-Hawaii,02-Alaska,15-Hawaii/02-Alaska,1-Truck,0,0,-

15-Hawaii,04-Arizona,15-Hawaii/04-Arizona,1-Truck,0,0,-

15-Hawaii,05-Arkansas,15-Hawaii/05-Arkansas,1-Truck,0,0,-

15-Hawaii,06-California,15-Hawaii/06-California,1-Truck,0,0,-

15-Hawaii,08-Colorado,15-Hawaii/08-Colorado,1-Truck,0,0,-

15-Hawaii,09-Connecticut,15-Hawaii/09-Connecticut,1-Truck,0,0,-

15-Hawaii,10-Delaware,15-Hawaii/10-Delaware,1-Truck,0,0,-

15-Hawaii,11-Washington DC,15-Hawaii/11-Washington DC,1-Truck,0,0,-

15-Hawaii,12-Florida,15-Hawaii/12-Florida,1-Truck,0,0,-

15-Hawaii,13-Georgia,15-Hawaii/13-Georgia,1-Truck,0,0,-

15-Hawaii,15-Hawaii,15-Hawaii/15-Hawaii,1-Truck,48.3232578,569.0182,11.775245

15-Hawaii,16-Idaho,15-Hawaii/16-Idaho,1-Truck,0,0,-

15-Hawaii,17-Illinois,15-Hawaii/17-Illinois,1-Truck,0,0,-

15-Hawaii,18-Indiana,15-Hawaii/18-Indiana,1-Truck,0,0,-

15-Hawaii,19-Iowa,15-Hawaii/19-Iowa,1-Truck,0,0,-

15-Hawaii,20-Kansas,15-Hawaii/20-Kansas,1-Truck,0,0,-

15-Hawaii,21-Kentucky,15-Hawaii/21-Kentucky,1-Truck,0,0,-

15-Hawaii,22-Louisiana,15-Hawaii/22-Louisiana,1-Truck,0,0,-

15-Hawaii,23-Maine,15-Hawaii/23-Maine,1-Truck,0,0,-

15-Hawaii,24-Maryland,15-Hawaii/24-Maryland,1-Truck,0,0,-

15-Hawaii,25-Massachusetts,15-Hawaii/25-Massachusetts,1-Truck,0,0,-

15-Hawaii,26-Michigan,15-Hawaii/26-Michigan,1-Truck,0,0,-

15-Hawaii,27-Minnesota,15-Hawaii/27-Minnesota,1-Truck,0,0,-

15-Hawaii,28-Mississippi,15-Hawaii/28-Mississippi,1-Truck,0,0,-

15-Hawaii,29-Missouri,15-Hawaii/29-Missouri,1-Truck,0,0,-

15-Hawaii,30-Montana,15-Hawaii/30-Montana,1-Truck,0,0,-

15-Hawaii,31-Nebraska,15-Hawaii/31-Nebraska,1-Truck,0,0,-

15-Hawaii,32-Nevada,15-Hawaii/32-Nevada,1-Truck,0,0,-

15-Hawaii,33-New Hampshire,15-Hawaii/33-New Hampshire,1-Truck,0,0,-

15-Hawaii,34-New Jersey,15-Hawaii/34-New Jersey,1-Truck,0,0,-

15-Hawaii,35-New Mexico,15-Hawaii/35-New Mexico,1-Truck,0,0,-

15-Hawaii,36-New York,15-Hawaii/36-New York,1-Truck,0,0,-

15-Hawaii,37-North Carolina,15-Hawaii/37-North Carolina,1-Truck,0,0,-

15-Hawaii,38-North Dakota,15-Hawaii/38-North Dakota,1-Truck,0,0,-

15-Hawaii,39-Ohio,15-Hawaii/39-Ohio,1-Truck,0,0,-

15-Hawaii,40-Oklahoma,15-Hawaii/40-Oklahoma,1-Truck,0,0,-

15-Hawaii,41-Oregon,15-Hawaii/41-Oregon,1-Truck,0,0,-

15-Hawaii,42-Pennsylvania,15-Hawaii/42-Pennsylvania,1-Truck,0,0,-

15-Hawaii,44-Rhode Island,15-Hawaii/44-Rhode Island,1-Truck,0,0,-

15-Hawaii,45-South Carolina,15-Hawaii/45-South Carolina,1-Truck,0,0,-

15-Hawaii,46-South Dakota,15-Hawaii/46-South Dakota,1-Truck,0,0,-

15-Hawaii,47-Tennessee,15-Hawaii/47-Tennessee,1-Truck,0,0,-

15-Hawaii,48-Texas,15-Hawaii/48-Texas,1-Truck,0,0,-

15-Hawaii,49-Utah,15-Hawaii/49-Utah,1-Truck,0,0,-

15-Hawaii,50-Vermont,15-Hawaii/50-Vermont,1-Truck,0,0,-

15-Hawaii,51-Virginia,15-Hawaii/51-Virginia,1-Truck,0,0,-

15-Hawaii,53-Washington,15-Hawaii/53-Washington,1-Truck,0,0,-

15-Hawaii,54-West Virginia,15-Hawaii/54-West Virginia,1-Truck,0,0,-

15-Hawaii,55-Wisconsin,15-Hawaii/55-Wisconsin,1-Truck,0,0,-

15-Hawaii,56-Wyoming,15-Hawaii/56-Wyoming,1-Truck,0,0,-

16-Idaho,01-Alabama,16-Idaho/01-Alabama,1-Truck,0.085591,177.8236,2077.596944

16-Idaho,02-Alaska,16-Idaho/02-Alaska,1-Truck,0,0,-

16-Idaho,04-Arizona,16-Idaho/04-Arizona,1-Truck,0.2969676,280.4321,944.3188415

16-Idaho,05-Arkansas,16-Idaho/05-Arkansas,1-Truck,0.0436362,73.7668,1690.495506

16-Idaho,06-California,16-Idaho/06-California,1-Truck,2.0700372,1696.5062,819.5534844

16-Idaho,08-Colorado,16-Idaho/08-Colorado,1-Truck,0.6236371,443.2224,710.7056331

16-Idaho,09-Connecticut,16-Idaho/09-Connecticut,1-Truck,0.0181934,46.2877,2544.202843

16-Idaho,10-Delaware,16-Idaho/10-Delaware,1-Truck,0.0022706,5.5837,2459.129745

16-Idaho,11-Washington DC,16-Idaho/11-Washington DC,1-Truck,0.0002186,0.5138,2350.411711

16-Idaho,12-Florida,16-Idaho/12-Florida,1-Truck,0.233453,594.2257,2545.376157

16-Idaho,13-Georgia,16-Idaho/13-Georgia,1-Truck,0.3029078,657.3411,2170.102916

16-Idaho,15-Hawaii,16-Idaho/15-Hawaii,1-Truck,0,0,-

16-Idaho,16-Idaho,16-Idaho/16-Idaho,1-Truck,166.0944668,26783.25,161.2531141

16-Idaho,17-Illinois,16-Idaho/17-Illinois,1-Truck,0.6230105,990.9468,1590.578008

16-Idaho,18-Indiana,16-Idaho/18-Indiana,1-Truck,0.1232973,217.6962,1765.620172

16-Idaho,19-Iowa,16-Idaho/19-Iowa,1-Truck,0.1229016,155.7081,1266.933059

16-Idaho,20-Kansas,16-Idaho/20-Kansas,1-Truck,0.049695,64.4518,1296.947379

16-Idaho,21-Kentucky,16-Idaho/21-Kentucky,1-Truck,0.1238598,231.9333,1872.547025

16-Idaho,22-Louisiana,16-Idaho/22-Louisiana,1-Truck,0.0374727,72.7131,1940.428632

16-Idaho,23-Maine,16-Idaho/23-Maine,1-Truck,0.0021969,5.9322,2700.259457

16-Idaho,24-Maryland,16-Idaho/24-Maryland,1-Truck,0.0347682,81.333,2339.292802

16-Idaho,25-Massachusetts,16-Idaho/25-Massachusetts,1-Truck,0.0501605,133.3076,2657.621036

16-Idaho,26-Michigan,16-Idaho/26-Michigan,1-Truck,0.18377,338.6621,1842.858464

16-Idaho,27-Minnesota,16-Idaho/27-Minnesota,1-Truck,0.1846542,242.3942,1312.69259

16-Idaho,28-Mississippi,16-Idaho/28-Mississippi,1-Truck,0.0167698,33.6493,2006.541521

16-Idaho,29-Missouri,16-Idaho/29-Missouri,1-Truck,0.1319553,181.333,1374.200203

16-Idaho,30-Montana,16-Idaho/30-Montana,1-Truck,11.1174577,4866.2823,437.715387

16-Idaho,31-Nebraska,16-Idaho/31-Nebraska,1-Truck,0.0835963,78.9509,944.4305549

16-Idaho,32-Nevada,16-Idaho/32-Nevada,1-Truck,0.6255145,299.0039,478.0127399

16-Idaho,33-New Hampshire,16-Idaho/33-New Hampshire,1-Truck,0.0287799,74.6156,2592.628883

16-Idaho,34-New Jersey,16-Idaho/34-New Jersey,1-Truck,0.0691206,170.7667,2470.561598

16-Idaho,35-New Mexico,16-Idaho/35-New Mexico,1-Truck,0.139325,123.2701,884.766553

16-Idaho,36-New York,16-Idaho/36-New York,1-Truck,0.4075835,895.787,2197.79996

16-Idaho,37-North Carolina,16-Idaho/37-North Carolina,1-Truck,0.1577643,371.7203,2356.175003

16-Idaho,38-North Dakota,16-Idaho/38-North Dakota,1-Truck,0.1726821,152.0686,880.6274652

16-Idaho,39-Ohio,16-Idaho/39-Ohio,1-Truck,0.1832931,350.9121,1914.486143

16-Idaho,40-Oklahoma,16-Idaho/40-Oklahoma,1-Truck,0.2015095,294.4319,1461.131609

16-Idaho,41-Oregon,16-Idaho/41-Oregon,1-Truck,3.0494383,1182.5701,387.7993203

16-Idaho,42-Pennsylvania,16-Idaho/42-Pennsylvania,1-Truck,0.2741613,625.09,2280.008156

16-Idaho,44-Rhode Island,16-Idaho/44-Rhode Island,1-Truck,0.0017422,4.7042,2700.149237

16-Idaho,45-South Carolina,16-Idaho/45-South Carolina,1-Truck,0.0795177,186.2197,2341.864767

16-Idaho,46-South Dakota,16-Idaho/46-South Dakota,1-Truck,0.0784798,70.5668,899.1715066

16-Idaho,47-Tennessee,16-Idaho/47-Tennessee,1-Truck,0.15413,298.5137,1936.765717

16-Idaho,48-Texas,16-Idaho/48-Texas,1-Truck,0.8175049,1310.7376,1603.339136

16-Idaho,49-Utah,16-Idaho/49-Utah,1-Truck,4.9179572,1332.959,271.0391624

16-Idaho,50-Vermont,16-Idaho/50-Vermont,1-Truck,0.0039561,10.2924,2601.653143

16-Idaho,51-Virginia,16-Idaho/51-Virginia,1-Truck,0.0547888,128.9112,2352.87504

16-Idaho,53-Washington,16-Idaho/53-Washington,1-Truck,6.3433174,1929.2892,304.1451465

16-Idaho,54-West Virginia,16-Idaho/54-West Virginia,1-Truck,0.0066443,14.3498,2159.715847

16-Idaho,55-Wisconsin,16-Idaho/55-Wisconsin,1-Truck,0.7833791,1144.656,1461.177609

16-Idaho,56-Wyoming,16-Idaho/56-Wyoming,1-Truck,0.5308545,218.1985,411.0325899

17-Illinois,01-Alabama,17-Illinois/01-Alabama,1-Truck,2.4086354,1620.7426,672.8883085

17-Illinois,02-Alaska,17-Illinois/02-Alaska,1-Truck,0,0,-

17-Illinois,04-Arizona,17-Illinois/04-Arizona,1-Truck,0.5885627,1039.4214,1766.033423

17-Illinois,05-Arkansas,17-Illinois/05-Arkansas,1-Truck,2.0853014,1051.4715,504.229988

17-Illinois,06-California,17-Illinois/06-California,1-Truck,4.7912996,9772.396,2039.612802

17-Illinois,08-Colorado,17-Illinois/08-Colorado,1-Truck,1.2870152,1278.5584,993.4291374

17-Illinois,09-Connecticut,17-Illinois/09-Connecticut,1-Truck,0.4631498,440.8105,951.7665775

17-Illinois,10-Delaware,17-Illinois/10-Delaware,1-Truck,0.1481497,129.4256,873.6136489

17-Illinois,11-Washington DC,17-Illinois/11-Washington DC,1-Truck,0.0297453,23.6285,794.3607898

17-Illinois,12-Florida,17-Illinois/12-Florida,1-Truck,3.4227405,3896.2386,1138.338884

17-Illinois,13-Georgia,17-Illinois/13-Georgia,1-Truck,5.1099087,3722.3259,728.452526

17-Illinois,15-Hawaii,17-Illinois/15-Hawaii,1-Truck,0,0,-

17-Illinois,16-Idaho,17-Illinois/16-Idaho,1-Truck,0.6230105,990.9468,1590.578008

17-Illinois,17-Illinois,17-Illinois/17-Illinois,1-Truck,958.9776086,95472.8868,99.55695101

17-Illinois,18-Indiana,17-Illinois/18-Indiana,1-Truck,46.269184,8128.3236,175.6746693

17-Illinois,19-Iowa,17-Illinois/19-Iowa,1-Truck,18.0069722,4980.4888,276.5866879

17-Illinois,20-Kansas,17-Illinois/20-Kansas,1-Truck,4.4032579,2213.0246,502.5880042

17-Illinois,21-Kentucky,17-Illinois/21-Kentucky,1-Truck,7.4985562,2497.9483,333.1239019

17-Illinois,22-Louisiana,17-Illinois/22-Louisiana,1-Truck,1.434624,1181.8081,823.775498

17-Illinois,23-Maine,17-Illinois/23-Maine,1-Truck,0.1755266,209.6841,1194.600135

17-Illinois,24-Maryland,17-Illinois/24-Maryland,1-Truck,1.0179634,797.4357,783.3638223

17-Illinois,25-Massachusetts,17-Illinois/25-Massachusetts,1-Truck,1.1821468,1266.7041,1071.528595

17-Illinois,26-Michigan,17-Illinois/26-Michigan,1-Truck,13.9201679,4102.4211,294.7106047

17-Illinois,27-Minnesota,17-Illinois/27-Minnesota,1-Truck,8.1487341,3715.2303,455.9272955

17-Illinois,28-Mississippi,17-Illinois/28-Mississippi,1-Truck,1.3007477,776.8782,597.2551018

17-Illinois,29-Missouri,17-Illinois/29-Missouri,1-Truck,27.3204521,5192.3373,190.0531251

17-Illinois,30-Montana,17-Illinois/30-Montana,1-Truck,0.1073777,130.7223,1217.406407

17-Illinois,31-Nebraska,17-Illinois/31-Nebraska,1-Truck,2.5332212,1304.021,514.7679168

17-Illinois,32-Nevada,17-Illinois/32-Nevada,1-Truck,0.2630028,463.9728,1764.136351

17-Illinois,33-New Hampshire,17-Illinois/33-New Hampshire,1-Truck,0.1988187,219.8662,1105.862779

17-Illinois,34-New Jersey,17-Illinois/34-New Jersey,1-Truck,2.1051908,1850.4321,878.9854582

17-Illinois,35-New Mexico,17-Illinois/35-New Mexico,1-Truck,0.2147306,264.6134,1232.304106

17-Illinois,36-New York,17-Illinois/36-New York,1-Truck,3.6167231,2751.4868,760.7678896

17-Illinois,37-North Carolina,17-Illinois/37-North Carolina,1-Truck,2.6550291,2113.8502,796.1683734

17-Illinois,38-North Dakota,17-Illinois/38-North Dakota,1-Truck,1.0482448,922.5197,880.0613177

17-Illinois,39-Ohio,17-Illinois/39-Ohio,1-Truck,13.2405604,4866.758,367.5643517

17-Illinois,40-Oklahoma,17-Illinois/40-Oklahoma,1-Truck,1.5732103,1118.1297,710.7312354

17-Illinois,41-Oregon,17-Illinois/41-Oregon,1-Truck,0.6962416,1423.752,2044.910847

17-Illinois,42-Pennsylvania,17-Illinois/42-Pennsylvania,1-Truck,6.2985456,4238.4328,672.9224601

17-Illinois,44-Rhode Island,17-Illinois/44-Rhode Island,1-Truck,0.0685577,72.1334,1052.156067

17-Illinois,45-South Carolina,17-Illinois/45-South Carolina,1-Truck,1.6899372,1338.1471,791.8324421

17-Illinois,46-South Dakota,17-Illinois/46-South Dakota,1-Truck,0.560016,365.9433,653.4515085

17-Illinois,47-Tennessee,17-Illinois/47-Tennessee,1-Truck,4.4706417,2071.2558,463.3016777

17-Illinois,48-Texas,17-Illinois/48-Texas,1-Truck,9.1350887,9593.7211,1050.205577

17-Illinois,49-Utah,17-Illinois/49-Utah,1-Truck,0.5583786,775.3875,1388.641148

17-Illinois,50-Vermont,17-Illinois/50-Vermont,1-Truck,0.1833523,179.3353,978.0913575

17-Illinois,51-Virginia,17-Illinois/51-Virginia,1-Truck,1.6447072,1256.2741,763.8284188

17-Illinois,53-Washington,17-Illinois/53-Washington,1-Truck,0.6804922,1378.4718,2025.698164

17-Illinois,54-West Virginia,17-Illinois/54-West Virginia,1-Truck,0.4964216,268.4965,540.8638544

17-Illinois,55-Wisconsin,17-Illinois/55-Wisconsin,1-Truck,33.4727496,6498.5259,194.143773

17-Illinois,56-Wyoming,17-Illinois/56-Wyoming,1-Truck,0.1721128,188.6588,1096.134628

18-Indiana,01-Alabama,18-Indiana/01-Alabama,1-Truck,2.1634524,1144.0614,528.8128364

18-Indiana,02-Alaska,18-Indiana/02-Alaska,1-Truck,0,0,-

18-Indiana,04-Arizona,18-Indiana/04-Arizona,1-Truck,0.3456091,618.7118,1790.206913

18-Indiana,05-Arkansas,18-Indiana/05-Arkansas,1-Truck,2.0605106,1165.8672,565.8147063

18-Indiana,06-California,18-Indiana/06-California,1-Truck,1.8188214,3909.9856,2149.735867

18-Indiana,08-Colorado,18-Indiana/08-Colorado,1-Truck,0.3356526,378.0631,1126.352366

18-Indiana,09-Connecticut,18-Indiana/09-Connecticut,1-Truck,0.4128797,343.4202,831.7681882

18-Indiana,10-Delaware,18-Indiana/10-Delaware,1-Truck,0.0968916,67.8496,700.2629743

18-Indiana,11-Washington DC,18-Indiana/11-Washington DC,1-Truck,0.0192303,11.5943,602.9183112

18-Indiana,12-Florida,18-Indiana/12-Florida,1-Truck,1.8536881,1839.3581,992.2694654

18-Indiana,13-Georgia,18-Indiana/13-Georgia,1-Truck,2.5669704,1492.8266,581.5519338

18-Indiana,15-Hawaii,18-Indiana/15-Hawaii,1-Truck,0,0,-

18-Indiana,16-Idaho,18-Indiana/16-Idaho,1-Truck,0.1232973,217.6962,1765.620172

18-Indiana,17-Illinois,18-Indiana/17-Illinois,1-Truck,46.269184,8128.3236,175.6746693

18-Indiana,18-Indiana,18-Indiana/18-Indiana,1-Truck,527.0370128,44464.4196,84.36678738

18-Indiana,19-Iowa,18-Indiana/19-Iowa,1-Truck,3.1132634,1282.1262,411.8270879

18-Indiana,20-Kansas,18-Indiana/20-Kansas,1-Truck,1.276162,789.9317,618.9901439

18-Indiana,21-Kentucky,18-Indiana/21-Kentucky,1-Truck,20.166208,3764.6169,186.679464

18-Indiana,22-Louisiana,18-Indiana/22-Louisiana,1-Truck,0.7443193,657.3974,883.2196075

18-Indiana,23-Maine,18-Indiana/23-Maine,1-Truck,0.1036135,112.8864,1089.495095

18-Indiana,24-Maryland,18-Indiana/24-Maryland,1-Truck,0.8119179,504.0385,620.799837

18-Indiana,25-Massachusetts,18-Indiana/25-Massachusetts,1-Truck,1.4882264,1399.4988,940.3803077

18-Indiana,26-Michigan,18-Indiana/26-Michigan,1-Truck,29.530265,6746.0773,228.4462161

18-Indiana,27-Minnesota,18-Indiana/27-Minnesota,1-Truck,2.9548908,1902.3646,643.8019977

18-Indiana,28-Mississippi,18-Indiana/28-Mississippi,1-Truck,1.3196961,793.1278,600.9927589

18-Indiana,29-Missouri,18-Indiana/29-Missouri,1-Truck,3.9556337,1529.3687,386.6305164

18-Indiana,30-Montana,18-Indiana/30-Montana,1-Truck,0.0589477,81.2677,1378.640727

18-Indiana,31-Nebraska,18-Indiana/31-Nebraska,1-Truck,0.9112157,605.8671,664.8997597

18-Indiana,32-Nevada,18-Indiana/32-Nevada,1-Truck,0.1168958,222.232,1901.11193

18-Indiana,33-New Hampshire,18-Indiana/33-New Hampshire,1-Truck,0.127876,125.4399,980.9495136

18-Indiana,34-New Jersey,18-Indiana/34-New Jersey,1-Truck,1.3563174,991.2765,730.8587946

18-Indiana,35-New Mexico,18-Indiana/35-New Mexico,1-Truck,0.0918144,122.9969,1339.625375

18-Indiana,36-New York,18-Indiana/36-New York,1-Truck,2.3817505,1474.8093,619.2123398

18-Indiana,37-North Carolina,18-Indiana/37-North Carolina,1-Truck,2.3983363,1451.3372,605.1433237

18-Indiana,38-North Dakota,18-Indiana/38-North Dakota,1-Truck,0.52986,529.3752,999.0850413

18-Indiana,39-Ohio,18-Indiana/39-Ohio,1-Truck,40.2229118,7613.4474,189.2813588

18-Indiana,40-Oklahoma,18-Indiana/40-Oklahoma,1-Truck,0.673475,488.7144,725.6607892

18-Indiana,41-Oregon,18-Indiana/41-Oregon,1-Truck,0.2855039,641.0919,2245.475106

18-Indiana,42-Pennsylvania,18-Indiana/42-Pennsylvania,1-Truck,5.7349068,2814.8479,490.8271395

18-Indiana,44-Rhode Island,18-Indiana/44-Rhode Island,1-Truck,0.0355723,33.2504,934.7273019

18-Indiana,45-South Carolina,18-Indiana/45-South Carolina,1-Truck,1.2657588,790.115,624.2224032

18-Indiana,46-South Dakota,18-Indiana/46-South Dakota,1-Truck,0.1545059,124.5817,806.3232537

18-Indiana,47-Tennessee,18-Indiana/47-Tennessee,1-Truck,5.3958737,1892.0857,350.654186

18-Indiana,48-Texas,18-Indiana/48-Texas,1-Truck,4.3120155,4511.6572,1046.298929

18-Indiana,49-Utah,18-Indiana/49-Utah,1-Truck,0.3659169,567.8099,1551.745492

18-Indiana,50-Vermont,18-Indiana/50-Vermont,1-Truck,0.1633673,153.0299,936.722955

18-Indiana,51-Virginia,18-Indiana/51-Virginia,1-Truck,1.6165176,926.5926,573.2029147

18-Indiana,53-Washington,18-Indiana/53-Washington,1-Truck,0.4170482,909.2538,2180.212743

18-Indiana,54-West Virginia,18-Indiana/54-West Virginia,1-Truck,1.0989884,395.0828,359.4967881

18-Indiana,55-Wisconsin,18-Indiana/55-Wisconsin,1-Truck,7.6985007,2393.7538,310.9376609

18-Indiana,56-Wyoming,18-Indiana/56-Wyoming,1-Truck,0.1248719,154.4388,1236.77785

19-Iowa,01-Alabama,19-Iowa/01-Alabama,1-Truck,0.3582575,313.5177,875.1183157

19-Iowa,02-Alaska,19-Iowa/02-Alaska,1-Truck,0,0,-

19-Iowa,04-Arizona,19-Iowa/04-Arizona,1-Truck,0.2452324,377.3017,1538.547517

19-Iowa,05-Arkansas,19-Iowa/05-Arkansas,1-Truck,0.6850622,386.6952,564.4672849

19-Iowa,06-California,19-Iowa/06-California,1-Truck,1.1107895,1957.994,1762.704815

19-Iowa,08-Colorado,19-Iowa/08-Colorado,1-Truck,0.5881115,422.2518,717.9791587

19-Iowa,09-Connecticut,19-Iowa/09-Connecticut,1-Truck,0.0785089,94.0195,1197.564862

19-Iowa,10-Delaware,19-Iowa/10-Delaware,1-Truck,0.0167326,18.5025,1105.775552

19-Iowa,11-Washington DC,19-Iowa/11-Washington DC,1-Truck,0.0011103,1.125,1013.239665

19-Iowa,12-Florida,19-Iowa/12-Florida,1-Truck,0.4897629,662.0928,1351.863933

19-Iowa,13-Georgia,19-Iowa/13-Georgia,1-Truck,0.9195662,865.5953,941.3083039

19-Iowa,15-Hawaii,19-Iowa/15-Hawaii,1-Truck,0,0,-

19-Iowa,16-Idaho,19-Iowa/16-Idaho,1-Truck,0.1229016,155.7081,1266.933059

19-Iowa,17-Illinois,19-Iowa/17-Illinois,1-Truck,18.0069722,4980.4888,276.5866879

19-Iowa,18-Indiana,19-Iowa/18-Indiana,1-Truck,3.1132634,1282.1262,411.8270879

19-Iowa,19-Iowa,19-Iowa/19-Iowa,1-Truck,610.1850622,85903.0508,140.7819629

19-Iowa,20-Kansas,19-Iowa/20-Kansas,1-Truck,3.9764573,1374.3668,345.625942

19-Iowa,21-Kentucky,19-Iowa/21-Kentucky,1-Truck,0.9774494,582.9475,596.3966012

19-Iowa,22-Louisiana,19-Iowa/22-Louisiana,1-Truck,0.3965564,387.0134,975.9353272

19-Iowa,23-Maine,19-Iowa/23-Maine,1-Truck,0.0618714,89.5275,1446.99328

19-Iowa,24-Maryland,19-Iowa/24-Maryland,1-Truck,0.123568,126.6888,1025.25573

19-Iowa,25-Massachusetts,19-Iowa/25-Massachusetts,1-Truck,0.3054311,412.8256,1351.616126

19-Iowa,26-Michigan,19-Iowa/26-Michigan,1-Truck,1.6055497,819.0229,510.1199296

19-Iowa,27-Minnesota,19-Iowa/27-Minnesota,1-Truck,41.8323778,12185.4374,291.2920097

19-Iowa,28-Mississippi,19-Iowa/28-Mississippi,1-Truck,0.3014996,234.9008,779.1081647

19-Iowa,29-Missouri,19-Iowa/29-Missouri,1-Truck,6.913543,2017.5003,291.8185799

19-Iowa,30-Montana,19-Iowa/30-Montana,1-Truck,0.0529024,52.7397,996.9245252

19-Iowa,31-Nebraska,19-Iowa/31-Nebraska,1-Truck,22.9466197,5030.8141,219.2398778

19-Iowa,32-Nevada,19-Iowa/32-Nevada,1-Truck,0.0786558,117.1549,1489.462951

19-Iowa,33-New Hampshire,19-Iowa/33-New Hampshire,1-Truck,0.0707419,99.3232,1404.022227

19-Iowa,34-New Jersey,19-Iowa/34-New Jersey,1-Truck,0.2967328,336.994,1135.681664

19-Iowa,35-New Mexico,19-Iowa/35-New Mexico,1-Truck,0.0530398,54.5274,1028.046863

19-Iowa,36-New York,19-Iowa/36-New York,1-Truck,0.4960496,501.8042,1011.600856

19-Iowa,37-North Carolina,19-Iowa/37-North Carolina,1-Truck,0.6662997,695.9208,1044.456121

19-Iowa,38-North Dakota,19-Iowa/38-North Dakota,1-Truck,1.025609,552.8714,539.0664473

19-Iowa,39-Ohio,19-Iowa/39-Ohio,1-Truck,3.4184907,1992.9972,583.0050086

19-Iowa,40-Oklahoma,19-Iowa/40-Oklahoma,1-Truck,0.9229307,516.2881,559.4007221

19-Iowa,41-Oregon,19-Iowa/41-Oregon,1-Truck,0.2811808,482.4349,1715.746239

19-Iowa,42-Pennsylvania,19-Iowa/42-Pennsylvania,1-Truck,1.1489089,1077.3505,937.7162106

19-Iowa,44-Rhode Island,19-Iowa/44-Rhode Island,1-Truck,0.0225317,30.3114,1345.277986

19-Iowa,45-South Carolina,19-Iowa/45-South Carolina,1-Truck,0.3508179,372.4765,1061.737443

19-Iowa,46-South Dakota,19-Iowa/46-South Dakota,1-Truck,8.7317204,2866.0474,328.233987

19-Iowa,47-Tennessee,19-Iowa/47-Tennessee,1-Truck,0.8687964,592.6441,682.1438256

19-Iowa,48-Texas,19-Iowa/48-Texas,1-Truck,1.9154037,1729.8653,903.1335274

19-Iowa,49-Utah,19-Iowa/49-Utah,1-Truck,0.2190844,243.0551,1109.413085

19-Iowa,50-Vermont,19-Iowa/50-Vermont,1-Truck,0.0851503,103.9755,1221.082016

19-Iowa,51-Virginia,19-Iowa/51-Virginia,1-Truck,0.2780329,277.621,998.5185206

19-Iowa,53-Washington,19-Iowa/53-Washington,1-Truck,0.3094511,509.3462,1645.966681

19-Iowa,54-West Virginia,19-Iowa/54-West Virginia,1-Truck,0.0314365,25.3024,804.873316

19-Iowa,55-Wisconsin,19-Iowa/55-Wisconsin,1-Truck,8.4583957,2355.5415,278.4856116

19-Iowa,56-Wyoming,19-Iowa/56-Wyoming,1-Truck,0.1188115,89.6893,754.8873636

20-Kansas,01-Alabama,20-Kansas/01-Alabama,1-Truck,0.4346774,343.4984,790.2375417

20-Kansas,02-Alaska,20-Kansas/02-Alaska,1-Truck,0,0,-

20-Kansas,04-Arizona,20-Kansas/04-Arizona,1-Truck,0.2301285,259.0057,1125.482937

20-Kansas,05-Arkansas,20-Kansas/05-Arkansas,1-Truck,1.5220698,592.8867,389.526617

20-Kansas,06-California,20-Kansas/06-California,1-Truck,1.3745884,2108.8606,1534.176049

20-Kansas,08-Colorado,20-Kansas/08-Colorado,1-Truck,3.469253,1517.0599,437.2871912

20-Kansas,09-Connecticut,20-Kansas/09-Connecticut,1-Truck,0.0563213,81.7343,1451.214727

20-Kansas,10-Delaware,20-Kansas/10-Delaware,1-Truck,0.0330468,39.6107,1198.624375

20-Kansas,11-Washington DC,20-Kansas/11-Washington DC,1-Truck,0.0009784,1.1952,1221.586263

20-Kansas,12-Florida,20-Kansas/12-Florida,1-Truck,0.586181,768.0024,1310.17962

20-Kansas,13-Georgia,20-Kansas/13-Georgia,1-Truck,0.8529407,792.6345,929.2961398

20-Kansas,15-Hawaii,20-Kansas/15-Hawaii,1-Truck,0,0,-

20-Kansas,16-Idaho,20-Kansas/16-Idaho,1-Truck,0.049695,64.4518,1296.947379

20-Kansas,17-Illinois,20-Kansas/17-Illinois,1-Truck,4.4032579,2213.0246,502.5880042

20-Kansas,18-Indiana,20-Kansas/18-Indiana,1-Truck,1.276162,789.9317,618.9901439

20-Kansas,19-Iowa,20-Kansas/19-Iowa,1-Truck,3.9764573,1374.3668,345.625942

20-Kansas,20-Kansas,20-Kansas/20-Kansas,1-Truck,374.2836576,49943.8318,133.4384518

20-Kansas,21-Kentucky,20-Kansas/21-Kentucky,1-Truck,0.5082941,318.6879,626.9754066

20-Kansas,22-Louisiana,20-Kansas/22-Louisiana,1-Truck,0.5939409,479.1684,806.7610767

20-Kansas,23-Maine,20-Kansas/23-Maine,1-Truck,0.0177414,31.2343,1760.531863

20-Kansas,24-Maryland,20-Kansas/24-Maryland,1-Truck,0.2227248,270.3091,1213.646168

20-Kansas,25-Massachusetts,20-Kansas/25-Massachusetts,1-Truck,0.1501371,237.4344,1581.450554

20-Kansas,26-Michigan,20-Kansas/26-Michigan,1-Truck,0.4974857,426.7865,857.8869704

20-Kansas,27-Minnesota,20-Kansas/27-Minnesota,1-Truck,1.0985775,597.9481,544.2930517

20-Kansas,28-Mississippi,20-Kansas/28-Mississippi,1-Truck,0.2951303,194.6144,659.4185687

20-Kansas,29-Missouri,20-Kansas/29-Missouri,1-Truck,19.9140854,2858.0941,143.5212335

20-Kansas,30-Montana,20-Kansas/30-Montana,1-Truck,0.0389894,45.4074,1164.608842

20-Kansas,31-Nebraska,20-Kansas/31-Nebraska,1-Truck,13.2297661,3580.4441,270.6354801

20-Kansas,32-Nevada,20-Kansas/32-Nevada,1-Truck,0.1028409,145.7522,1417.259087

20-Kansas,33-New Hampshire,20-Kansas/33-New Hampshire,1-Truck,0.0245725,37.6022,1530.255367

20-Kansas,34-New Jersey,20-Kansas/34-New Jersey,1-Truck,0.4376393,581.5989,1328.945778

20-Kansas,35-New Mexico,20-Kansas/35-New Mexico,1-Truck,0.1174304,78.6354,669.6340982

20-Kansas,36-New York,20-Kansas/36-New York,1-Truck,0.384776,501.3893,1303.068019

20-Kansas,37-North Carolina,20-Kansas/37-North Carolina,1-Truck,0.4323076,478.9229,1107.829009

20-Kansas,38-North Dakota,20-Kansas/38-North Dakota,1-Truck,0.3195459,249.7381,781.5406175

20-Kansas,39-Ohio,20-Kansas/39-Ohio,1-Truck,1.3817185,1085.2239,785.4160598

20-Kansas,40-Oklahoma,20-Kansas/40-Oklahoma,1-Truck,15.8660777,4172.1837,262.9625153

20-Kansas,41-Oregon,20-Kansas/41-Oregon,1-Truck,0.1181655,199.5442,1688.684091

20-Kansas,42-Pennsylvania,20-Kansas/42-Pennsylvania,1-Truck,1.0046481,1099.7412,1094.653143

20-Kansas,44-Rhode Island,20-Kansas/44-Rhode Island,1-Truck,0.0189037,27.8854,1475.129208

20-Kansas,45-South Carolina,20-Kansas/45-South Carolina,1-Truck,0.1352917,150.7303,1114.11343

20-Kansas,46-South Dakota,20-Kansas/46-South Dakota,1-Truck,0.5459725,279.8994,512.6620846

20-Kansas,47-Tennessee,20-Kansas/47-Tennessee,1-Truck,0.9780154,634.9111,649.1831315

20-Kansas,48-Texas,20-Kansas/48-Texas,1-Truck,5.752207,3126.5881,543.5458251

20-Kansas,49-Utah,20-Kansas/49-Utah,1-Truck,0.2082212,207.3047,995.5984309

20-Kansas,50-Vermont,20-Kansas/50-Vermont,1-Truck,0.0202355,32.5683,1609.463567

20-Kansas,51-Virginia,20-Kansas/51-Virginia,1-Truck,0.2761749,313.9017,1136.604739

20-Kansas,53-Washington,20-Kansas/53-Washington,1-Truck,0.2894623,500.3111,1728.41541

20-Kansas,54-West Virginia,20-Kansas/54-West Virginia,1-Truck,0.0379081,35.6913,941.5217328

20-Kansas,55-Wisconsin,20-Kansas/55-Wisconsin,1-Truck,1.2064894,799.8426,662.9503749

20-Kansas,56-Wyoming,20-Kansas/56-Wyoming,1-Truck,0.0993225,73.3883,738.8889728

21-Kentucky,01-Alabama,21-Kentucky/01-Alabama,1-Truck,2.939173,1054.5324,358.7854134

21-Kentucky,02-Alaska,21-Kentucky/02-Alaska,1-Truck,0,0,-

21-Kentucky,04-Arizona,21-Kentucky/04-Arizona,1-Truck,0.1449994,263.2883,1815.788893

21-Kentucky,05-Arkansas,21-Kentucky/05-Arkansas,1-Truck,1.4549128,679.5431,467.0679232

21-Kentucky,06-California,21-Kentucky/06-California,1-Truck,1.2302208,2679.5478,2178.10315

21-Kentucky,08-Colorado,21-Kentucky/08-Colorado,1-Truck,0.277164,323.1659,1165.973575

21-Kentucky,09-Connecticut,21-Kentucky/09-Connecticut,1-Truck,0.1855248,155.9645,840.6665847

21-Kentucky,10-Delaware,21-Kentucky/10-Delaware,1-Truck,0.0541309,36.1591,667.9936968

21-Kentucky,11-Washington DC,21-Kentucky/11-Washington DC,1-Truck,0.0108923,6.4553,592.6480174

21-Kentucky,12-Florida,21-Kentucky/12-Florida,1-Truck,1.1062044,886.7013,801.5709393

21-Kentucky,13-Georgia,21-Kentucky/13-Georgia,1-Truck,3.4076397,1360.8355,399.3484112

21-Kentucky,15-Hawaii,21-Kentucky/15-Hawaii,1-Truck,0,0,-

21-Kentucky,16-Idaho,21-Kentucky/16-Idaho,1-Truck,0.1238598,231.9333,1872.547025

21-Kentucky,17-Illinois,21-Kentucky/17-Illinois,1-Truck,7.4985562,2497.9483,333.1239019

21-Kentucky,18-Indiana,21-Kentucky/18-Indiana,1-Truck,20.166208,3764.6169,186.679464

21-Kentucky,19-Iowa,21-Kentucky/19-Iowa,1-Truck,0.9774494,582.9475,596.3966012

21-Kentucky,20-Kansas,21-Kentucky/20-Kansas,1-Truck,0.5082941,318.6879,626.9754066

21-Kentucky,21-Kentucky,21-Kentucky/21-Kentucky,1-Truck,262.2117618,23232.7964,88.6031818

21-Kentucky,22-Louisiana,21-Kentucky/22-Louisiana,1-Truck,0.5313771,377.0918,709.6500771

21-Kentucky,23-Maine,21-Kentucky/23-Maine,1-Truck,0.0825952,95.0338,1150.597129

21-Kentucky,24-Maryland,21-Kentucky/24-Maryland,1-Truck,0.5915137,333.2425,563.3724122

21-Kentucky,25-Massachusetts,21-Kentucky/25-Massachusetts,1-Truck,0.3037097,299.3184,985.5411269

21-Kentucky,26-Michigan,21-Kentucky/26-Michigan,1-Truck,3.3730305,1362.7733,404.0204499

21-Kentucky,27-Minnesota,21-Kentucky/27-Minnesota,1-Truck,0.5790178,479.8943,828.8075082

21-Kentucky,28-Mississippi,21-Kentucky/28-Mississippi,1-Truck,0.8232816,358.0847,434.9480178

21-Kentucky,29-Missouri,21-Kentucky/29-Missouri,1-Truck,2.6910665,969.5251,360.275415

21-Kentucky,30-Montana,21-Kentucky/30-Montana,1-Truck,0.0086226,15.0648,1747.129636

21-Kentucky,31-Nebraska,21-Kentucky/31-Nebraska,1-Truck,0.2544556,204.9727,805.5342464

21-Kentucky,32-Nevada,21-Kentucky/32-Nevada,1-Truck,0.0833996,166.0859,1991.447201

21-Kentucky,33-New Hampshire,21-Kentucky/33-New Hampshire,1-Truck,0.0529202,54.1099,1022.481019

21-Kentucky,34-New Jersey,21-Kentucky/34-New Jersey,1-Truck,0.7111109,522.1756,734.3096555

21-Kentucky,35-New Mexico,21-Kentucky/35-New Mexico,1-Truck,0.1063497,138.8924,1305.997102

21-Kentucky,36-New York,21-Kentucky/36-New York,1-Truck,0.9468475,669.682,707.2754588

21-Kentucky,37-North Carolina,21-Kentucky/37-North Carolina,1-Truck,3.4685696,1494.877,430.9779455

21-Kentucky,38-North Dakota,21-Kentucky/38-North Dakota,1-Truck,0.2693466,341.2913,1267.108254

21-Kentucky,39-Ohio,21-Kentucky/39-Ohio,1-Truck,20.5658695,4029.6699,195.9396805

21-Kentucky,40-Oklahoma,21-Kentucky/40-Oklahoma,1-Truck,0.2822036,197.7405,700.7015502

21-Kentucky,41-Oregon,21-Kentucky/41-Oregon,1-Truck,0.09855,231.6234,2350.313546

21-Kentucky,42-Pennsylvania,21-Kentucky/42-Pennsylvania,1-Truck,2.7039482,1403.3399,518.9965917

21-Kentucky,44-Rhode Island,21-Kentucky/44-Rhode Island,1-Truck,0.0325428,31.9798,982.6997062

21-Kentucky,45-South Carolina,21-Kentucky/45-South Carolina,1-Truck,1.6037485,700.1917,436.5969477

21-Kentucky,46-South Dakota,21-Kentucky/46-South Dakota,1-Truck,0.0811713,78.5933,968.240006

21-Kentucky,47-Tennessee,21-Kentucky/47-Tennessee,1-Truck,20.111189,3926.8829,195.2586145

21-Kentucky,48-Texas,21-Kentucky/48-Texas,1-Truck,2.7778674,2638.8023,949.9381792

21-Kentucky,49-Utah,21-Kentucky/49-Utah,1-Truck,0.1365186,218.7678,1602.476146

21-Kentucky,50-Vermont,21-Kentucky/50-Vermont,1-Truck,0.0490264,50.4999,1030.055236

21-Kentucky,51-Virginia,21-Kentucky/51-Virginia,1-Truck,3.445091,1117.9828,324.5147371

21-Kentucky,53-Washington,21-Kentucky/53-Washington,1-Truck,0.1899337,443.3593,2334.284542

21-Kentucky,54-West Virginia,21-Kentucky/54-West Virginia,1-Truck,2.9871888,856.7325,286.8022604

21-Kentucky,55-Wisconsin,21-Kentucky/55-Wisconsin,1-Truck,1.4803397,830.312,560.8928815

21-Kentucky,56-Wyoming,21-Kentucky/56-Wyoming,1-Truck,0.0690997,94.8031,1371.975566

22-Louisiana,01-Alabama,22-Louisiana/01-Alabama,1-Truck,3.5942789,1163.7135,323.7682808

22-Louisiana,02-Alaska,22-Louisiana/02-Alaska,1-Truck,0,0,-

22-Louisiana,04-Arizona,22-Louisiana/04-Arizona,1-Truck,0.1162459,159.9088,1375.608086

22-Louisiana,05-Arkansas,22-Louisiana/05-Arkansas,1-Truck,4.924353,1532.3469,311.1773059

22-Louisiana,06-California,22-Louisiana/06-California,1-Truck,0.8922253,1702.1836,1907.79571

22-Louisiana,08-Colorado,22-Louisiana/08-Colorado,1-Truck,0.1956747,229.9553,1175.191785

22-Louisiana,09-Connecticut,22-Louisiana/09-Connecticut,1-Truck,0.1271246,198.159,1558.777766

22-Louisiana,10-Delaware,22-Louisiana/10-Delaware,1-Truck,0.0307292,37.7382,1228.089244

22-Louisiana,11-Washington DC,22-Louisiana/11-Washington DC,1-Truck,0.006719,7.8316,1165.590118

22-Louisiana,12-Florida,22-Louisiana/12-Florida,1-Truck,1.715785,966.5029,563.3007049

22-Louisiana,13-Georgia,22-Louisiana/13-Georgia,1-Truck,2.5960025,1485.8338,572.3545336

22-Louisiana,15-Hawaii,22-Louisiana/15-Hawaii,1-Truck,0,0,-

22-Louisiana,16-Idaho,22-Louisiana/16-Idaho,1-Truck,0.0374727,72.7131,1940.428632

22-Louisiana,17-Illinois,22-Louisiana/17-Illinois,1-Truck,1.434624,1181.8081,823.775498

22-Louisiana,18-Indiana,22-Louisiana/18-Indiana,1-Truck,0.7443193,657.3974,883.2196075

22-Louisiana,19-Iowa,22-Louisiana/19-Iowa,1-Truck,0.3965564,387.0134,975.9353272

22-Louisiana,20-Kansas,22-Louisiana/20-Kansas,1-Truck,0.5939409,479.1684,806.7610767

22-Louisiana,21-Kentucky,22-Louisiana/21-Kentucky,1-Truck,0.5313771,377.0918,709.6500771

22-Louisiana,22-Louisiana,22-Louisiana/22-Louisiana,1-Truck,290.4412226,22490.7326,77.43643412

22-Louisiana,23-Maine,22-Louisiana/23-Maine,1-Truck,0.0184437,33.6311,1823.446489

22-Louisiana,24-Maryland,22-Louisiana/24-Maryland,1-Truck,0.2671587,306.5349,1147.388799

22-Louisiana,25-Massachusetts,22-Louisiana/25-Massachusetts,1-Truck,0.1566739,261.638,1669.952685

22-Louisiana,26-Michigan,22-Louisiana/26-Michigan,1-Truck,0.4198296,475.0394,1131.505258

22-Louisiana,27-Minnesota,22-Louisiana/27-Minnesota,1-Truck,0.3470277,415.707,1197.907256

22-Louisiana,28-Mississippi,22-Louisiana/28-Mississippi,1-Truck,10.8906844,2253.3601,206.907116

22-Louisiana,29-Missouri,22-Louisiana/29-Missouri,1-Truck,0.7268611,480.0827,660.4875402

22-Louisiana,30-Montana,22-Louisiana/30-Montana,1-Truck,0.0058258,10.8003,1853.874146

22-Louisiana,31-Nebraska,22-Louisiana/31-Nebraska,1-Truck,0.1662468,168.3119,1012.421893

22-Louisiana,32-Nevada,22-Louisiana/32-Nevada,1-Truck,0.0491968,88.8282,1805.568655

22-Louisiana,33-New Hampshire,22-Louisiana/33-New Hampshire,1-Truck,0.0199149,33.729,1693.656508

22-Louisiana,34-New Jersey,22-Louisiana/34-New Jersey,1-Truck,1.0596075,1432.4077,1351.828578

22-Louisiana,35-New Mexico,22-Louisiana/35-New Mexico,1-Truck,0.4928961,479.0328,971.8737884

22-Louisiana,36-New York,22-Louisiana/36-New York,1-Truck,0.2863141,388.5592,1357.108155

22-Louisiana,37-North Carolina,22-Louisiana/37-North Carolina,1-Truck,0.8018277,687.376,857.261479

22-Louisiana,38-North Dakota,22-Louisiana/38-North Dakota,1-Truck,0.0490948,73.0204,1487.334708

22-Louisiana,39-Ohio,22-Louisiana/39-Ohio,1-Truck,1.0072681,1004.5433,997.2948612

22-Louisiana,40-Oklahoma,22-Louisiana/40-Oklahoma,1-Truck,0.9438284,479.9599,508.5245369

22-Louisiana,41-Oregon,22-Louisiana/41-Oregon,1-Truck,0.1041235,255.4588,2453.421178

22-Louisiana,42-Pennsylvania,22-Louisiana/42-Pennsylvania,1-Truck,0.5275231,652.6626,1237.220891

22-Louisiana,44-Rhode Island,22-Louisiana/44-Rhode Island,1-Truck,0.0175542,28.3176,1613.152408

22-Louisiana,45-South Carolina,22-Louisiana/45-South Carolina,1-Truck,0.8291671,646.1491,779.2748892

22-Louisiana,46-South Dakota,22-Louisiana/46-South Dakota,1-Truck,0.0232355,27.7588,1194.671946

22-Louisiana,47-Tennessee,22-Louisiana/47-Tennessee,1-Truck,1.1182236,593.2965,530.5705406

22-Louisiana,48-Texas,22-Louisiana/48-Texas,1-Truck,28.2559649,9358.0068,331.1869488

22-Louisiana,49-Utah,22-Louisiana/49-Utah,1-Truck,0.0717214,120.0207,1673.429409

22-Louisiana,50-Vermont,22-Louisiana/50-Vermont,1-Truck,0.0043902,7.241,1649.355382

22-Louisiana,51-Virginia,22-Louisiana/51-Virginia,1-Truck,0.3208275,331.0015,1031.711745

22-Louisiana,53-Washington,22-Louisiana/53-Washington,1-Truck,0.0744745,193.6288,2599.934206

22-Louisiana,54-West Virginia,22-Louisiana/54-West Virginia,1-Truck,0.0723076,73.3254,1014.075975

22-Louisiana,55-Wisconsin,22-Louisiana/55-Wisconsin,1-Truck,0.3409891,374.8068,1099.175311

22-Louisiana,56-Wyoming,22-Louisiana/56-Wyoming,1-Truck,0.0862216,132.6037,1537.940609

23-Maine,01-Alabama,23-Maine/01-Alabama,1-Truck,0.0244975,35.4156,1445.682212

23-Maine,02-Alaska,23-Maine/02-Alaska,1-Truck,0,0,-

23-Maine,04-Arizona,23-Maine/04-Arizona,1-Truck,0.0060632,17.1649,2830.996833

23-Maine,05-Arkansas,23-Maine/05-Arkansas,1-Truck,0.0743039,125.5762,1690.035113

23-Maine,06-California,23-Maine/06-California,1-Truck,0.147061,471.3752,3205.303922

23-Maine,08-Colorado,23-Maine/08-Colorado,1-Truck,0.0204193,45.3318,2220.046721

23-Maine,09-Connecticut,23-Maine/09-Connecticut,1-Truck,1.27845,364.5763,285.1705581

23-Maine,10-Delaware,23-Maine/10-Delaware,1-Truck,0.0507298,28.9259,570.1954275

23-Maine,11-Washington DC,23-Maine/11-Washington DC,1-Truck,0.0011958,0.7635,638.4846964

23-Maine,12-Florida,23-Maine/12-Florida,1-Truck,0.1615976,242.8301,1502.683827

23-Maine,13-Georgia,23-Maine/13-Georgia,1-Truck,0.1164449,148.4008,1274.429365

23-Maine,15-Hawaii,23-Maine/15-Hawaii,1-Truck,0,0,-

23-Maine,16-Idaho,23-Maine/16-Idaho,1-Truck,0.0021969,5.9322,2700.259457

23-Maine,17-Illinois,23-Maine/17-Illinois,1-Truck,0.1755266,209.6841,1194.600135

23-Maine,18-Indiana,23-Maine/18-Indiana,1-Truck,0.1036135,112.8864,1089.495095

23-Maine,19-Iowa,23-Maine/19-Iowa,1-Truck,0.0618714,89.5275,1446.99328

23-Maine,20-Kansas,23-Maine/20-Kansas,1-Truck,0.0177414,31.2343,1760.531863

23-Maine,21-Kentucky,23-Maine/21-Kentucky,1-Truck,0.0825952,95.0338,1150.597129

23-Maine,22-Louisiana,23-Maine/22-Louisiana,1-Truck,0.0184437,33.6311,1823.446489

23-Maine,23-Maine,23-Maine/23-Maine,1-Truck,86.163744,8078.3172,93.75541063

23-Maine,24-Maryland,23-Maine/24-Maryland,1-Truck,0.2803625,168.3659,600.5293147

23-Maine,25-Massachusetts,23-Maine/25-Massachusetts,1-Truck,4.2642561,902.3343,211.6041529

23-Maine,26-Michigan,23-Maine/26-Michigan,1-Truck,0.0976133,93.0127,952.8691275

23-Maine,27-Minnesota,23-Maine/27-Minnesota,1-Truck,0.0635454,99.005,1558.019935

23-Maine,28-Mississippi,23-Maine/28-Mississippi,1-Truck,0.0043771,6.8782,1571.405725

23-Maine,29-Missouri,23-Maine/29-Missouri,1-Truck,0.0228725,34.6216,1513.677998

23-Maine,30-Montana,23-Maine/30-Montana,1-Truck,0.0137079,29.8292,2176.059061

23-Maine,31-Nebraska,23-Maine/31-Nebraska,1-Truck,0.0032192,5.4175,1682.871521

23-Maine,32-Nevada,23-Maine/32-Nevada,1-Truck,0.0263909,80.0504,3033.257676

23-Maine,33-New Hampshire,23-Maine/33-New Hampshire,1-Truck,4.8581688,731.5388,150.5791236

23-Maine,34-New Jersey,23-Maine/34-New Jersey,1-Truck,1.7007577,721.1633,424.0247156

23-Maine,35-New Mexico,23-Maine/35-New Mexico,1-Truck,0.0015985,3.8394,2401.876759

23-Maine,36-New York,23-Maine/36-New York,1-Truck,2.380718,896.6878,376.645953

23-Maine,37-North Carolina,23-Maine/37-North Carolina,1-Truck,0.224963,218.6467,971.9229384

23-Maine,38-North Dakota,23-Maine/38-North Dakota,1-Truck,0.0042519,7.8088,1836.543663

23-Maine,39-Ohio,23-Maine/39-Ohio,1-Truck,0.3406212,300.5208,882.2727417

23-Maine,40-Oklahoma,23-Maine/40-Oklahoma,1-Truck,0.022603,41.4797,1835.141353

23-Maine,41-Oregon,23-Maine/41-Oregon,1-Truck,0.0391712,125.0117,3191.418695

23-Maine,42-Pennsylvania,23-Maine/42-Pennsylvania,1-Truck,1.6593797,868.0336,523.1072792

23-Maine,44-Rhode Island,23-Maine/44-Rhode Island,1-Truck,0.340725,77.6775,227.9771076

23-Maine,45-South Carolina,23-Maine/45-South Carolina,1-Truck,0.1147702,134.8597,1175.041082

23-Maine,46-South Dakota,23-Maine/46-South Dakota,1-Truck,0.0073013,13.0197,1783.202991

23-Maine,47-Tennessee,23-Maine/47-Tennessee,1-Truck,0.0969552,120.225,1240.005693

23-Maine,48-Texas,23-Maine/48-Texas,1-Truck,0.1182552,242.5424,2051.008328

23-Maine,49-Utah,23-Maine/49-Utah,1-Truck,0.0053485,13.7649,2573.600075

23-Maine,50-Vermont,23-Maine/50-Vermont,1-Truck,0.346686,80.7062,232.7933634

23-Maine,51-Virginia,23-Maine/51-Virginia,1-Truck,0.2474805,194.1577,784.5373676

23-Maine,53-Washington,23-Maine/53-Washington,1-Truck,0.0085075,26.5173,3116.932119

23-Maine,54-West Virginia,23-Maine/54-West Virginia,1-Truck,0.0568355,47.3462,833.0392096

23-Maine,55-Wisconsin,23-Maine/55-Wisconsin,1-Truck,0.2255533,291.8295,1293.838308

23-Maine,56-Wyoming,23-Maine/56-Wyoming,1-Truck,0.0079347,18.1358,2285.631467

24-Maryland,01-Alabama,24-Maryland/01-Alabama,1-Truck,0.4342202,352.9569,812.852327

24-Maryland,02-Alaska,24-Maryland/02-Alaska,1-Truck,0,0,-

24-Maryland,04-Arizona,24-Maryland/04-Arizona,1-Truck,0.0743709,174.3779,2344.706061

24-Maryland,05-Arkansas,24-Maryland/05-Arkansas,1-Truck,0.091456,97.3543,1064.493308

24-Maryland,06-California,24-Maryland/06-California,1-Truck,1.3261962,3657.6566,2758.00564

24-Maryland,08-Colorado,24-Maryland/08-Colorado,1-Truck,0.1479998,247.9116,1675.080642

24-Maryland,09-Connecticut,24-Maryland/09-Connecticut,1-Truck,0.5053764,161.1307,318.833052

24-Maryland,10-Delaware,24-Maryland/10-Delaware,1-Truck,8.3274593,763.8943,91.7319764

24-Maryland,11-Washington DC,24-Maryland/11-Washington DC,1-Truck,2.2581542,79.7972,35.3373565

24-Maryland,12-Florida,24-Maryland/12-Florida,1-Truck,1.0227328,984.5429,962.6589663

24-Maryland,13-Georgia,24-Maryland/13-Georgia,1-Truck,1.0285155,712.6604,692.9019543

24-Maryland,15-Hawaii,24-Maryland/15-Hawaii,1-Truck,0,0,-

24-Maryland,16-Idaho,24-Maryland/16-Idaho,1-Truck,0.0347682,81.333,2339.292802

24-Maryland,17-Illinois,24-Maryland/17-Illinois,1-Truck,1.0179634,797.4357,783.3638223

24-Maryland,18-Indiana,24-Maryland/18-Indiana,1-Truck,0.8119179,504.0385,620.799837

24-Maryland,19-Iowa,24-Maryland/19-Iowa,1-Truck,0.123568,126.6888,1025.25573

24-Maryland,20-Kansas,24-Maryland/20-Kansas,1-Truck,0.2227248,270.3091,1213.646168

24-Maryland,21-Kentucky,24-Maryland/21-Kentucky,1-Truck,0.5915137,333.2425,563.3724122

24-Maryland,22-Louisiana,24-Maryland/22-Louisiana,1-Truck,0.2671587,306.5349,1147.388799

24-Maryland,23-Maine,24-Maryland/23-Maine,1-Truck,0.2803625,168.3659,600.5293147

24-Maryland,24-Maryland,24-Maryland/24-Maryland,1-Truck,199.6533036,9566.9194,47.9176614

24-Maryland,25-Massachusetts,24-Maryland/25-Massachusetts,1-Truck,0.7263498,317.3725,436.9416774

24-Maryland,26-Michigan,24-Maryland/26-Michigan,1-Truck,0.6795428,410.1838,603.6173145

24-Maryland,27-Minnesota,24-Maryland/27-Minnesota,1-Truck,0.2616263,326.6375,1248.48878

24-Maryland,28-Mississippi,24-Maryland/28-Mississippi,1-Truck,0.0914223,90.5685,990.6609219

24-Maryland,29-Missouri,24-Maryland/29-Missouri,1-Truck,0.2870766,269.1951,937.7117466

24-Maryland,30-Montana,24-Maryland/30-Montana,1-Truck,0.0200195,41.205,2058.243213

24-Maryland,31-Nebraska,24-Maryland/31-Nebraska,1-Truck,0.0875115,110.8162,1266.304429

24-Maryland,32-Nevada,24-Maryland/32-Nevada,1-Truck,0.0661131,161.5905,2444.15252

24-Maryland,33-New Hampshire,24-Maryland/33-New Hampshire,1-Truck,0.2379964,118.6914,498.7109049

24-Maryland,34-New Jersey,24-Maryland/34-New Jersey,1-Truck,5.4186916,871.913,160.9084008

24-Maryland,35-New Mexico,24-Maryland/35-New Mexico,1-Truck,0.0118005,22.2547,1885.911614

24-Maryland,36-New York,24-Maryland/36-New York,1-Truck,2.3861174,710.5173,297.7713083

24-Maryland,37-North Carolina,24-Maryland/37-North Carolina,1-Truck,2.0590945,745.6776,362.1386002

24-Maryland,38-North Dakota,24-Maryland/38-North Dakota,1-Truck,0.0608784,96.9495,1592.510644

24-Maryland,39-Ohio,24-Maryland/39-Ohio,1-Truck,1.6806389,658.8666,392.0334106

24-Maryland,40-Oklahoma,24-Maryland/40-Oklahoma,1-Truck,0.2127518,285.2037,1340.54659

24-Maryland,41-Oregon,24-Maryland/41-Oregon,1-Truck,0.0820685,230.2109,2805.10671

24-Maryland,42-Pennsylvania,24-Maryland/42-Pennsylvania,1-Truck,20.5198915,3270.5195,159.3828847

24-Maryland,44-Rhode Island,24-Maryland/44-Rhode Island,1-Truck,0.0996231,39.9513,401.0244612

24-Maryland,45-South Carolina,24-Maryland/45-South Carolina,1-Truck,0.692839,351.7253,507.6580562

24-Maryland,46-South Dakota,24-Maryland/46-South Dakota,1-Truck,0.0090784,12.7978,1409.697744

24-Maryland,47-Tennessee,24-Maryland/47-Tennessee,1-Truck,0.561931,362.0286,644.2581029

24-Maryland,48-Texas,24-Maryland/48-Texas,1-Truck,1.219661,1791.516,1468.863889

24-Maryland,49-Utah,24-Maryland/49-Utah,1-Truck,0.0545715,113.307,2076.303565

24-Maryland,50-Vermont,24-Maryland/50-Vermont,1-Truck,0.166811,86.2854,517.264449

24-Maryland,51-Virginia,24-Maryland/51-Virginia,1-Truck,24.0845183,3241.7212,134.5977179

24-Maryland,53-Washington,24-Maryland/53-Washington,1-Truck,0.1025787,295.2846,2878.615151

24-Maryland,54-West Virginia,24-Maryland/54-West Virginia,1-Truck,2.6688805,589.8523,221.0111318

24-Maryland,55-Wisconsin,24-Maryland/55-Wisconsin,1-Truck,0.5165886,482.033,933.1080864

24-Maryland,56-Wyoming,24-Maryland/56-Wyoming,1-Truck,0.004244,7.409,1745.758718

25-Massachusetts,01-Alabama,25-Massachusetts/01-Alabama,1-Truck,0.3112353,386.2663,1241.07484

25-Massachusetts,02-Alaska,25-Massachusetts/02-Alaska,1-Truck,0,0,-

25-Massachusetts,04-Arizona,25-Massachusetts/04-Arizona,1-Truck,0.1081552,291.979,2699.629791

25-Massachusetts,05-Arkansas,25-Massachusetts/05-Arkansas,1-Truck,0.14318,212.2805,1482.612795

25-Massachusetts,06-California,25-Massachusetts/06-California,1-Truck,1.0568665,3219.0687,3045.861232

25-Massachusetts,08-Colorado,25-Massachusetts/08-Colorado,1-Truck,0.1191969,246.1774,2065.300356

25-Massachusetts,09-Connecticut,25-Massachusetts/09-Connecticut,1-Truck,12.46146,1282.3897,102.9084634

25-Massachusetts,10-Delaware,25-Massachusetts/10-Delaware,1-Truck,0.281359,106.4792,378.4460422

25-Massachusetts,11-Washington DC,25-Massachusetts/11-Washington DC,1-Truck,0.0192113,9.0197,469.4997215

25-Massachusetts,12-Florida,25-Massachusetts/12-Florida,1-Truck,0.5908256,847.7346,1434.830515

25-Massachusetts,13-Georgia,25-Massachusetts/13-Georgia,1-Truck,0.6995815,781.4939,1117.087716

25-Massachusetts,15-Hawaii,25-Massachusetts/15-Hawaii,1-Truck,0,0,-

25-Massachusetts,16-Idaho,25-Massachusetts/16-Idaho,1-Truck,0.0501605,133.3076,2657.621036

25-Massachusetts,17-Illinois,25-Massachusetts/17-Illinois,1-Truck,1.1821468,1266.7041,1071.528595

25-Massachusetts,18-Indiana,25-Massachusetts/18-Indiana,1-Truck,1.4882264,1399.4988,940.3803077

25-Massachusetts,19-Iowa,25-Massachusetts/19-Iowa,1-Truck,0.3054311,412.8256,1351.616126

25-Massachusetts,20-Kansas,25-Massachusetts/20-Kansas,1-Truck,0.1501371,237.4344,1581.450554

25-Massachusetts,21-Kentucky,25-Massachusetts/21-Kentucky,1-Truck,0.3037097,299.3184,985.5411269

25-Massachusetts,22-Louisiana,25-Massachusetts/22-Louisiana,1-Truck,0.1566739,261.638,1669.952685

25-Massachusetts,23-Maine,25-Massachusetts/23-Maine,1-Truck,4.2642561,902.3343,211.6041529

25-Massachusetts,24-Maryland,25-Massachusetts/24-Maryland,1-Truck,0.7263498,317.3725,436.9416774

25-Massachusetts,25-Massachusetts,25-Massachusetts/25-Massachusetts,1-Truck,206.2899944,7862.2938,38.11282182

25-Massachusetts,26-Michigan,25-Massachusetts/26-Michigan,1-Truck,0.3261105,292.0595,895.5844721

25-Massachusetts,27-Minnesota,25-Massachusetts/27-Minnesota,1-Truck,0.363163,543.8631,1497.572991

25-Massachusetts,28-Mississippi,25-Massachusetts/28-Mississippi,1-Truck,0.1724136,240.2779,1393.613381

25-Massachusetts,29-Missouri,25-Massachusetts/29-Missouri,1-Truck,0.1460827,191.674,1312.092397

25-Massachusetts,30-Montana,25-Massachusetts/30-Montana,1-Truck,0.0076258,18.5746,2435.75756

25-Massachusetts,31-Nebraska,25-Massachusetts/31-Nebraska,1-Truck,0.0703918,108.4852,1541.162465

25-Massachusetts,32-Nevada,25-Massachusetts/32-Nevada,1-Truck,0.0589559,165.4548,2806.416321

25-Massachusetts,33-New Hampshire,25-Massachusetts/33-New Hampshire,1-Truck,15.7165552,1269.5718,80.77926644

25-Massachusetts,34-New Jersey,25-Massachusetts/34-New Jersey,1-Truck,2.7216641,668.3691,245.5736915

25-Massachusetts,35-New Mexico,25-Massachusetts/35-New Mexico,1-Truck,0.0173958,39.1062,2248.025385

25-Massachusetts,36-New York,25-Massachusetts/36-New York,1-Truck,11.2064781,2238.1019,199.7150113

25-Massachusetts,37-North Carolina,25-Massachusetts/37-North Carolina,1-Truck,0.7948758,647.013,813.9799954

25-Massachusetts,38-North Dakota,25-Massachusetts/38-North Dakota,1-Truck,0.0254969,44.7909,1756.719444

25-Massachusetts,39-Ohio,25-Massachusetts/39-Ohio,1-Truck,3.1878978,2371.261,743.8321894

25-Massachusetts,40-Oklahoma,25-Massachusetts/40-Oklahoma,1-Truck,0.07628,127.5456,1672.071316

25-Massachusetts,41-Oregon,25-Massachusetts/41-Oregon,1-Truck,0.0551913,172.1707,3119.526085

25-Massachusetts,42-Pennsylvania,25-Massachusetts/42-Pennsylvania,1-Truck,3.7347147,1392.202,372.7733205

25-Massachusetts,44-Rhode Island,25-Massachusetts/44-Rhode Island,1-Truck,9.8307129,586.0208,59.61122107

25-Massachusetts,45-South Carolina,25-Massachusetts/45-South Carolina,1-Truck,0.3382919,335.002,990.2749667

25-Massachusetts,46-South Dakota,25-Massachusetts/46-South Dakota,1-Truck,0.0254599,42.2355,1658.902824

25-Massachusetts,47-Tennessee,25-Massachusetts/47-Tennessee,1-Truck,0.4696597,519.9914,1107.166316

25-Massachusetts,48-Texas,25-Massachusetts/48-Texas,1-Truck,1.428663,2714.2874,1899.879398

25-Massachusetts,49-Utah,25-Massachusetts/49-Utah,1-Truck,0.0482036,116.8364,2423.81067

25-Massachusetts,50-Vermont,25-Massachusetts/50-Vermont,1-Truck,1.9935867,346.3445,173.7293392

25-Massachusetts,51-Virginia,25-Massachusetts/51-Virginia,1-Truck,1.1320324,689.5868,609.1581831

25-Massachusetts,53-Washington,25-Massachusetts/53-Washington,1-Truck,0.1955813,601.4266,3075.072106

25-Massachusetts,54-West Virginia,25-Massachusetts/54-West Virginia,1-Truck,0.1453404,94.4853,650.0966008

25-Massachusetts,55-Wisconsin,25-Massachusetts/55-Wisconsin,1-Truck,0.6428098,758.8889,1180.580788

25-Massachusetts,56-Wyoming,25-Massachusetts/56-Wyoming,1-Truck,0.0051211,10.6592,2081.427818

26-Michigan,01-Alabama,26-Michigan/01-Alabama,1-Truck,1.1416602,906.0822,793.6531378

26-Michigan,02-Alaska,26-Michigan/02-Alaska,1-Truck,0,0,-

26-Michigan,04-Arizona,26-Michigan/04-Arizona,1-Truck,0.5861727,1188.8843,2028.215064

26-Michigan,05-Arkansas,26-Michigan/05-Arkansas,1-Truck,0.7086447,607.0427,856.6249067

26-Michigan,06-California,26-Michigan/06-California,1-Truck,1.8524008,4219.9785,2278.113084

26-Michigan,08-Colorado,26-Michigan/08-Colorado,1-Truck,0.4483259,561.1117,1251.571011

26-Michigan,09-Connecticut,26-Michigan/09-Connecticut,1-Truck,0.1908114,150.1311,786.8036187

26-Michigan,10-Delaware,26-Michigan/10-Delaware,1-Truck,0.0955896,68.4517,716.0998686

26-Michigan,11-Washington DC,26-Michigan/11-Washington DC,1-Truck,0.0049385,3.0151,610.529513

26-Michigan,12-Florida,26-Michigan/12-Florida,1-Truck,1.0631796,1306.7771,1229.121684

26-Michigan,13-Georgia,26-Michigan/13-Georgia,1-Truck,1.4788732,1208.233,816.9956694

26-Michigan,15-Hawaii,26-Michigan/15-Hawaii,1-Truck,0,0,-

26-Michigan,16-Idaho,26-Michigan/16-Idaho,1-Truck,0.18377,338.6621,1842.858464

26-Michigan,17-Illinois,26-Michigan/17-Illinois,1-Truck,13.9201679,4102.4211,294.7106047

26-Michigan,18-Indiana,26-Michigan/18-Indiana,1-Truck,29.530265,6746.0773,228.4462161

26-Michigan,19-Iowa,26-Michigan/19-Iowa,1-Truck,1.6055497,819.0229,510.1199296

26-Michigan,20-Kansas,26-Michigan/20-Kansas,1-Truck,0.4974857,426.7865,857.8869704

26-Michigan,21-Kentucky,26-Michigan/21-Kentucky,1-Truck,3.3730305,1362.7733,404.0204499

26-Michigan,22-Louisiana,26-Michigan/22-Louisiana,1-Truck,0.4198296,475.0394,1131.505258

26-Michigan,23-Maine,26-Michigan/23-Maine,1-Truck,0.0976133,93.0127,952.8691275

26-Michigan,24-Maryland,26-Michigan/24-Maryland,1-Truck,0.6795428,410.1838,603.6173145

26-Michigan,25-Massachusetts,26-Michigan/25-Massachusetts,1-Truck,0.3261105,292.0595,895.5844721

26-Michigan,26-Michigan,26-Michigan/26-Michigan,1-Truck,497.5939846,48361.143,97.18996712

26-Michigan,27-Minnesota,26-Michigan/27-Minnesota,1-Truck,1.4748488,917.7786,622.2865693

26-Michigan,28-Mississippi,26-Michigan/28-Mississippi,1-Truck,0.4072234,358.6339,880.6809727

26-Michigan,29-Missouri,26-Michigan/29-Missouri,1-Truck,1.788896,1115.4692,623.5517325

26-Michigan,30-Montana,26-Michigan/30-Montana,1-Truck,0.0447698,55.6038,1241.993487

26-Michigan,31-Nebraska,26-Michigan/31-Nebraska,1-Truck,0.5350558,414.8464,775.3329653

26-Michigan,32-Nevada,26-Michigan/32-Nevada,1-Truck,0.1089755,223.7949,2053.625815

26-Michigan,33-New Hampshire,26-Michigan/33-New Hampshire,1-Truck,0.0952273,87.5673,919.5608822

26-Michigan,34-New Jersey,26-Michigan/34-New Jersey,1-Truck,1.1168563,760.8036,681.2009746

26-Michigan,35-New Mexico,26-Michigan/35-New Mexico,1-Truck,0.0682885,105.2863,1541.786684

26-Michigan,36-New York,26-Michigan/36-New York,1-Truck,2.2555046,1227.3865,544.173796

26-Michigan,37-North Carolina,26-Michigan/37-North Carolina,1-Truck,1.8194195,1341.5571,737.3544694

26-Michigan,38-North Dakota,26-Michigan/38-North Dakota,1-Truck,0.2522076,227.2498,901.0426331

26-Michigan,39-Ohio,26-Michigan/39-Ohio,1-Truck,26.1012448,5597.274,214.4447149

26-Michigan,40-Oklahoma,26-Michigan/40-Oklahoma,1-Truck,0.4134746,414.809,1003.227284

26-Michigan,41-Oregon,26-Michigan/41-Oregon,1-Truck,0.2168932,490.7388,2262.58269

26-Michigan,42-Pennsylvania,26-Michigan/42-Pennsylvania,1-Truck,4.8616489,2329.4526,479.1486691

26-Michigan,44-Rhode Island,26-Michigan/44-Rhode Island,1-Truck,0.0479135,42.6221,889.5634842

26-Michigan,45-South Carolina,26-Michigan/45-South Carolina,1-Truck,1.0836473,867.9255,800.9298782

26-Michigan,46-South Dakota,26-Michigan/46-South Dakota,1-Truck,0.1452054,116.6742,803.5114397

26-Michigan,47-Tennessee,26-Michigan/47-Tennessee,1-Truck,2.6888562,1646.1666,612.2181618

26-Michigan,48-Texas,26-Michigan/48-Texas,1-Truck,3.7466018,4935.6377,1317.363831

26-Michigan,49-Utah,26-Michigan/49-Utah,1-Truck,0.2419173,392.639,1623.029854

26-Michigan,50-Vermont,26-Michigan/50-Vermont,1-Truck,0.0591776,44.5982,753.6331315

26-Michigan,51-Virginia,26-Michigan/51-Virginia,1-Truck,0.8521833,574.4349,674.0743453

26-Michigan,53-Washington,26-Michigan/53-Washington,1-Truck,0.2509502,546.966,2179.579853

26-Michigan,54-West Virginia,26-Michigan/54-West Virginia,1-Truck,0.4131825,173.1251,419.003951

26-Michigan,55-Wisconsin,26-Michigan/55-Wisconsin,1-Truck,11.7517253,4295.2452,365.4991153

26-Michigan,56-Wyoming,26-Michigan/56-Wyoming,1-Truck,0.0530076,68.738,1296.757446

27-Minnesota,01-Alabama,27-Minnesota/01-Alabama,1-Truck,0.4036228,456.5211,1131.058751

27-Minnesota,02-Alaska,27-Minnesota/02-Alaska,1-Truck,0,0,-

27-Minnesota,04-Arizona,27-Minnesota/04-Arizona,1-Truck,0.4415098,771.9438,1748.418268

27-Minnesota,05-Arkansas,27-Minnesota/05-Arkansas,1-Truck,0.2780889,223.1036,802.2743806

27-Minnesota,06-California,27-Minnesota/06-California,1-Truck,1.630799,3139.3039,1925.009704

27-Minnesota,08-Colorado,27-Minnesota/08-Colorado,1-Truck,0.5414214,489.386,903.8911281

27-Minnesota,09-Connecticut,27-Minnesota/09-Connecticut,1-Truck,0.1416843,198.5375,1401.26676

27-Minnesota,10-Delaware,27-Minnesota/10-Delaware,1-Truck,0.1128064,159.8122,1416.694443

27-Minnesota,11-Washington DC,27-Minnesota/11-Washington DC,1-Truck,0.0035508,4.5515,1281.823814

27-Minnesota,12-Florida,27-Minnesota/12-Florida,1-Truck,0.507214,809.3427,1595.663172

27-Minnesota,13-Georgia,27-Minnesota/13-Georgia,1-Truck,0.7324985,871.9192,1190.335816

27-Minnesota,15-Hawaii,27-Minnesota/15-Hawaii,1-Truck,0,0,-

27-Minnesota,16-Idaho,27-Minnesota/16-Idaho,1-Truck,0.1846542,242.3942,1312.69259

27-Minnesota,17-Illinois,27-Minnesota/17-Illinois,1-Truck,8.1487341,3715.2303,455.9272955

27-Minnesota,18-Indiana,27-Minnesota/18-Indiana,1-Truck,2.9548908,1902.3646,643.8019977

27-Minnesota,19-Iowa,27-Minnesota/19-Iowa,1-Truck,41.8323778,12185.4374,291.2920097

27-Minnesota,20-Kansas,27-Minnesota/20-Kansas,1-Truck,1.0985775,597.9481,544.2930517

27-Minnesota,21-Kentucky,27-Minnesota/21-Kentucky,1-Truck,0.5790178,479.8943,828.8075082

27-Minnesota,22-Louisiana,27-Minnesota/22-Louisiana,1-Truck,0.3470277,415.707,1197.907256

27-Minnesota,23-Maine,27-Minnesota/23-Maine,1-Truck,0.0635454,99.005,1558.019935

27-Minnesota,24-Maryland,27-Minnesota/24-Maryland,1-Truck,0.2616263,326.6375,1248.48878

27-Minnesota,25-Massachusetts,27-Minnesota/25-Massachusetts,1-Truck,0.363163,543.8631,1497.572991

27-Minnesota,26-Michigan,27-Minnesota/26-Michigan,1-Truck,1.4748488,917.7786,622.2865693

27-Minnesota,27-Minnesota,27-Minnesota/27-Minnesota,1-Truck,619.9820728,71021.1174,114.5535017

27-Minnesota,28-Mississippi,27-Minnesota/28-Mississippi,1-Truck,0.2402743,244.4298,1017.294817

27-Minnesota,29-Missouri,27-Minnesota/29-Missouri,1-Truck,1.5018581,814.3132,542.2038207

27-Minnesota,30-Montana,27-Minnesota/30-Montana,1-Truck,0.153981,120.8755,785.0026951

27-Minnesota,31-Nebraska,27-Minnesota/31-Nebraska,1-Truck,4.6540862,1757.6645,377.6604954

27-Minnesota,32-Nevada,27-Minnesota/32-Nevada,1-Truck,0.1488547,243.0333,1632.688118

27-Minnesota,33-New Hampshire,27-Minnesota/33-New Hampshire,1-Truck,0.0264254,39.6471,1500.340581

27-Minnesota,34-New Jersey,27-Minnesota/34-New Jersey,1-Truck,0.5682283,763.1968,1343.11649

27-Minnesota,35-New Mexico,27-Minnesota/35-New Mexico,1-Truck,0.9917935,1208.1643,1218.161139

27-Minnesota,36-New York,27-Minnesota/36-New York,1-Truck,0.6079072,737.8849,1213.811746

27-Minnesota,37-North Carolina,27-Minnesota/37-North Carolina,1-Truck,0.8009301,1031.0136,1287.270387

27-Minnesota,38-North Dakota,27-Minnesota/38-North Dakota,1-Truck,19.2121897,6999.3517,364.3182692

27-Minnesota,39-Ohio,27-Minnesota/39-Ohio,1-Truck,1.8228913,1491.2582,818.073025

27-Minnesota,40-Oklahoma,27-Minnesota/40-Oklahoma,1-Truck,0.5626039,438.7581,779.8703493

27-Minnesota,41-Oregon,27-Minnesota/41-Oregon,1-Truck,0.7513786,1280.5684,1704.291818

27-Minnesota,42-Pennsylvania,27-Minnesota/42-Pennsylvania,1-Truck,1.0290247,1201.6545,1167.760599

27-Minnesota,44-Rhode Island,27-Minnesota/44-Rhode Island,1-Truck,0.0596873,92.7757,1554.362486

27-Minnesota,45-South Carolina,27-Minnesota/45-South Carolina,1-Truck,0.4438965,584.7676,1317.351229

27-Minnesota,46-South Dakota,27-Minnesota/46-South Dakota,1-Truck,7.4853398,2126.8418,284.1343021

27-Minnesota,47-Tennessee,27-Minnesota/47-Tennessee,1-Truck,0.6435896,599.5052,931.5023114

27-Minnesota,48-Texas,27-Minnesota/48-Texas,1-Truck,1.7928671,2037.152,1136.253769

27-Minnesota,49-Utah,27-Minnesota/49-Utah,1-Truck,0.4440302,556.2139,1252.648806

27-Minnesota,50-Vermont,27-Minnesota/50-Vermont,1-Truck,0.0235527,31.9822,1357.899519

27-Minnesota,51-Virginia,27-Minnesota/51-Virginia,1-Truck,0.3365163,433.6186,1288.55155

27-Minnesota,53-Washington,27-Minnesota/53-Washington,1-Truck,0.4952625,787.2341,1589.528987

27-Minnesota,54-West Virginia,27-Minnesota/54-West Virginia,1-Truck,0.1025969,104.5144,1018.689649

27-Minnesota,55-Wisconsin,27-Minnesota/55-Wisconsin,1-Truck,39.6394612,9284.7986,234.2312009

27-Minnesota,56-Wyoming,27-Minnesota/56-Wyoming,1-Truck,0.13995,112.4075,803.1975706

28-Mississippi,01-Alabama,28-Mississippi/01-Alabama,1-Truck,13.8768181,2957.6425,213.1354954

28-Mississippi,02-Alaska,28-Mississippi/02-Alaska,1-Truck,0,0,-

28-Mississippi,04-Arizona,28-Mississippi/04-Arizona,1-Truck,0.1607709,242.5171,1508.463907

28-Mississippi,05-Arkansas,28-Mississippi/05-Arkansas,1-Truck,4.2373396,1096.9843,258.8851505

28-Mississippi,06-California,28-Mississippi/06-California,1-Truck,0.6069262,1186.4663,1954.87738

28-Mississippi,08-Colorado,28-Mississippi/08-Colorado,1-Truck,0.1544955,191.0918,1236.876155

28-Mississippi,09-Connecticut,28-Mississippi/09-Connecticut,1-Truck,0.0350515,45.0381,1284.912201

28-Mississippi,10-Delaware,28-Mississippi/10-Delaware,1-Truck,0.0409701,44.2062,1078.986871

28-Mississippi,11-Washington DC,28-Mississippi/11-Washington DC,1-Truck,0.0021363,2.0401,954.9688714

28-Mississippi,12-Florida,28-Mississippi/12-Florida,1-Truck,1.8835482,1035.111,549.5537624

28-Mississippi,13-Georgia,28-Mississippi/13-Georgia,1-Truck,2.9050943,1153.8741,397.189895

28-Mississippi,15-Hawaii,28-Mississippi/15-Hawaii,1-Truck,0,0,-

28-Mississippi,16-Idaho,28-Mississippi/16-Idaho,1-Truck,0.0167698,33.6493,2006.541521

28-Mississippi,17-Illinois,28-Mississippi/17-Illinois,1-Truck,1.3007477,776.8782,597.2551018

28-Mississippi,18-Indiana,28-Mississippi/18-Indiana,1-Truck,1.3196961,793.1278,600.9927589

28-Mississippi,19-Iowa,28-Mississippi/19-Iowa,1-Truck,0.3014996,234.9008,779.1081647

28-Mississippi,20-Kansas,28-Mississippi/20-Kansas,1-Truck,0.2951303,194.6144,659.4185687

28-Mississippi,21-Kentucky,28-Mississippi/21-Kentucky,1-Truck,0.8232816,358.0847,434.9480178

28-Mississippi,22-Louisiana,28-Mississippi/22-Louisiana,1-Truck,10.8906844,2253.3601,206.907116

28-Mississippi,23-Maine,28-Mississippi/23-Maine,1-Truck,0.0043771,6.8782,1571.405725

28-Mississippi,24-Maryland,28-Mississippi/24-Maryland,1-Truck,0.0914223,90.5685,990.6609219

28-Mississippi,25-Massachusetts,28-Mississippi/25-Massachusetts,1-Truck,0.1724136,240.2779,1393.613381

28-Mississippi,26-Michigan,28-Mississippi/26-Michigan,1-Truck,0.4072234,358.6339,880.6809727

28-Mississippi,27-Minnesota,28-Mississippi/27-Minnesota,1-Truck,0.2402743,244.4298,1017.294817

28-Mississippi,28-Mississippi,28-Mississippi/28-Mississippi,1-Truck,145.6488096,18227.9734,125.1501708

28-Mississippi,29-Missouri,28-Mississippi/29-Missouri,1-Truck,1.0942296,472.1809,431.519034

28-Mississippi,30-Montana,28-Mississippi/30-Montana,1-Truck,0.0050771,9.5505,1881.093538

28-Mississippi,31-Nebraska,28-Mississippi/31-Nebraska,1-Truck,0.1157677,102.6755,886.9097339

28-Mississippi,32-Nevada,28-Mississippi/32-Nevada,1-Truck,0.1436863,300.1704,2089.067642

28-Mississippi,33-New Hampshire,28-Mississippi/33-New Hampshire,1-Truck,0.0208634,30.2364,1449.255634

28-Mississippi,34-New Jersey,28-Mississippi/34-New Jersey,1-Truck,0.5265923,609.7463,1157.909639

28-Mississippi,35-New Mexico,28-Mississippi/35-New Mexico,1-Truck,0.062479,64.8972,1038.704205

28-Mississippi,36-New York,28-Mississippi/36-New York,1-Truck,0.3089548,366.5195,1186.320782

28-Mississippi,37-North Carolina,28-Mississippi/37-North Carolina,1-Truck,1.1636826,782.7172,672.6208676

28-Mississippi,38-North Dakota,28-Mississippi/38-North Dakota,1-Truck,0.0215219,27.8934,1296.047282

28-Mississippi,39-Ohio,28-Mississippi/39-Ohio,1-Truck,0.906588,679.6297,749.6566246

28-Mississippi,40-Oklahoma,28-Mississippi/40-Oklahoma,1-Truck,0.4416839,245.067,554.8470297

28-Mississippi,41-Oregon,28-Mississippi/41-Oregon,1-Truck,0.0782673,193.4553,2471.72574

28-Mississippi,42-Pennsylvania,28-Mississippi/42-Pennsylvania,1-Truck,0.5469476,563.5604,1030.373659

28-Mississippi,44-Rhode Island,28-Mississippi/44-Rhode Island,1-Truck,0.0046512,6.562,1410.818713

28-Mississippi,45-South Carolina,28-Mississippi/45-South Carolina,1-Truck,0.7380849,412.9768,559.5247918

28-Mississippi,46-South Dakota,28-Mississippi/46-South Dakota,1-Truck,0.0562313,60.7923,1081.111409

28-Mississippi,47-Tennessee,28-Mississippi/47-Tennessee,1-Truck,12.2516327,2152.4293,175.6850987

28-Mississippi,48-Texas,28-Mississippi/48-Texas,1-Truck,4.9773005,2542.1707,510.7529071

28-Mississippi,49-Utah,28-Mississippi/49-Utah,1-Truck,0.106858,184.9442,1730.747347

28-Mississippi,50-Vermont,28-Mississippi/50-Vermont,1-Truck,0.006922,9.9014,1430.424733

28-Mississippi,51-Virginia,28-Mississippi/51-Virginia,1-Truck,0.3770272,298.8402,792.622389

28-Mississippi,53-Washington,28-Mississippi/53-Washington,1-Truck,0.0953588,243.2458,2550.847955

28-Mississippi,54-West Virginia,28-Mississippi/54-West Virginia,1-Truck,0.1002114,71.8503,716.9872889

28-Mississippi,55-Wisconsin,28-Mississippi/55-Wisconsin,1-Truck,0.4019655,348.0452,865.8583883

28-Mississippi,56-Wyoming,28-Mississippi/56-Wyoming,1-Truck,0.0286848,43.0286,1500.048806

29-Missouri,01-Alabama,29-Missouri/01-Alabama,1-Truck,1.0481706,569.1724,543.0150397

29-Missouri,02-Alaska,29-Missouri/02-Alaska,1-Truck,0,0,-

29-Missouri,04-Arizona,29-Missouri/04-Arizona,1-Truck,0.3901033,522.2744,1338.810515

29-Missouri,05-Arkansas,29-Missouri/05-Arkansas,1-Truck,7.9437102,2080.8484,261.9491834

29-Missouri,06-California,29-Missouri/06-California,1-Truck,2.4405597,4315.2819,1768.152568

29-Missouri,08-Colorado,29-Missouri/08-Colorado,1-Truck,1.6127723,1222.7357,758.1576767

29-Missouri,09-Connecticut,29-Missouri/09-Connecticut,1-Truck,0.2834231,361.3885,1275.084847

29-Missouri,10-Delaware,29-Missouri/10-Delaware,1-Truck,0.0684011,71.2854,1042.167451

29-Missouri,11-Washington DC,29-Missouri/11-Washington DC,1-Truck,0.0067215,6.6889,995.1498921

29-Missouri,12-Florida,29-Missouri/12-Florida,1-Truck,0.9820393,1029.5293,1048.358553

29-Missouri,13-Georgia,29-Missouri/13-Georgia,1-Truck,1.687534,1132.6184,671.1677513

29-Missouri,15-Hawaii,29-Missouri/15-Hawaii,1-Truck,0,0,-

29-Missouri,16-Idaho,29-Missouri/16-Idaho,1-Truck,0.1319553,181.333,1374.200203

29-Missouri,17-Illinois,29-Missouri/17-Illinois,1-Truck,27.3204521,5192.3373,190.0531251

29-Missouri,18-Indiana,29-Missouri/18-Indiana,1-Truck,3.9556337,1529.3687,386.6305164

29-Missouri,19-Iowa,29-Missouri/19-Iowa,1-Truck,6.913543,2017.5003,291.8185799

29-Missouri,20-Kansas,29-Missouri/20-Kansas,1-Truck,19.9140854,2858.0941,143.5212335

29-Missouri,21-Kentucky,29-Missouri/21-Kentucky,1-Truck,2.6910665,969.5251,360.275415

29-Missouri,22-Louisiana,29-Missouri/22-Louisiana,1-Truck,0.7268611,480.0827,660.4875402

29-Missouri,23-Maine,29-Missouri/23-Maine,1-Truck,0.0228725,34.6216,1513.677998

29-Missouri,24-Maryland,29-Missouri/24-Maryland,1-Truck,0.2870766,269.1951,937.7117466

29-Missouri,25-Massachusetts,29-Missouri/25-Massachusetts,1-Truck,0.1460827,191.674,1312.092397

29-Missouri,26-Michigan,29-Missouri/26-Michigan,1-Truck,1.788896,1115.4692,623.5517325

29-Missouri,27-Minnesota,29-Missouri/27-Minnesota,1-Truck,1.5018581,814.3132,542.2038207

29-Missouri,28-Mississippi,29-Missouri/28-Mississippi,1-Truck,1.0942296,472.1809,431.519034

29-Missouri,29-Missouri,29-Missouri/29-Missouri,1-Truck,378.7524784,41610.0872,109.8608975

29-Missouri,30-Montana,29-Missouri/30-Montana,1-Truck,0.0567396,73.7084,1299.064498

29-Missouri,31-Nebraska,29-Missouri/31-Nebraska,1-Truck,3.3044935,971.1546,293.8890937

29-Missouri,32-Nevada,29-Missouri/32-Nevada,1-Truck,0.168294,275.0493,1634.338123

29-Missouri,33-New Hampshire,29-Missouri/33-New Hampshire,1-Truck,0.0534733,71.9406,1345.355533

29-Missouri,34-New Jersey,29-Missouri/34-New Jersey,1-Truck,0.5103601,552.2316,1082.043052

29-Missouri,35-New Mexico,29-Missouri/35-New Mexico,1-Truck,0.308848,266.8448,864.0004144

29-Missouri,36-New York,29-Missouri/36-New York,1-Truck,0.6661669,691.8108,1038.494708

29-Missouri,37-North Carolina,29-Missouri/37-North Carolina,1-Truck,1.0794925,922.6371,854.6952387

29-Missouri,38-North Dakota,29-Missouri/38-North Dakota,1-Truck,0.2007548,158.014,787.0994865

29-Missouri,39-Ohio,29-Missouri/39-Ohio,1-Truck,3.0823939,1776.6875,576.3985907

29-Missouri,40-Oklahoma,29-Missouri/40-Oklahoma,1-Truck,6.6283896,1958.6406,295.4926789

29-Missouri,41-Oregon,29-Missouri/41-Oregon,1-Truck,0.2771428,525.8303,1897.326216

29-Missouri,42-Pennsylvania,29-Missouri/42-Pennsylvania,1-Truck,2.0712635,1907.4604,920.9163392

29-Missouri,44-Rhode Island,29-Missouri/44-Rhode Island,1-Truck,0.0227295,28.2716,1243.828505

29-Missouri,45-South Carolina,29-Missouri/45-South Carolina,1-Truck,0.5236549,446.0358,851.7743269

29-Missouri,46-South Dakota,29-Missouri/46-South Dakota,1-Truck,0.2307038,122.0882,529.1989122

29-Missouri,47-Tennessee,29-Missouri/47-Tennessee,1-Truck,3.5956883,1277.5061,355.2883324

29-Missouri,48-Texas,29-Missouri/48-Texas,1-Truck,8.0863585,5615.6201,694.4559903

29-Missouri,49-Utah,29-Missouri/49-Utah,1-Truck,0.6768067,752.2621,1111.487372

29-Missouri,50-Vermont,29-Missouri/50-Vermont,1-Truck,0.0385571,50.8182,1317.998501

29-Missouri,51-Virginia,29-Missouri/51-Virginia,1-Truck,0.5311365,481.4907,906.5291126

29-Missouri,53-Washington,29-Missouri/53-Washington,1-Truck,0.6973914,1334.4706,1913.517431

29-Missouri,54-West Virginia,29-Missouri/54-West Virginia,1-Truck,0.0970757,63.6589,655.765552

29-Missouri,55-Wisconsin,29-Missouri/55-Wisconsin,1-Truck,2.5556945,1259.4928,492.8182144

29-Missouri,56-Wyoming,29-Missouri/56-Wyoming,1-Truck,0.3869635,344.8272,891.1104019

30-Montana,01-Alabama,30-Montana/01-Alabama,1-Truck,0.01779,32.6434,1834.929736

30-Montana,02-Alaska,30-Montana/02-Alaska,1-Truck,0,0,-

30-Montana,04-Arizona,30-Montana/04-Arizona,1-Truck,0.0486798,59.9459,1231.43275

30-Montana,05-Arkansas,30-Montana/05-Arkansas,1-Truck,0.0777404,111.76,1437.605158

30-Montana,06-California,30-Montana/06-California,1-Truck,0.8134076,980.4698,1205.38559

30-Montana,08-Colorado,30-Montana/08-Colorado,1-Truck,1.3795004,898.8178,651.5531275

30-Montana,09-Connecticut,30-Montana/09-Connecticut,1-Truck,0.0036182,7.6561,2115.996905

30-Montana,10-Delaware,30-Montana/10-Delaware,1-Truck,0.0000444,0.1002,2256.756757

30-Montana,11-Washington DC,30-Montana/11-Washington DC,1-Truck,0.0000578,0.1252,2166.089965

30-Montana,12-Florida,30-Montana/12-Florida,1-Truck,0.0121991,30.4982,2500.036888

30-Montana,13-Georgia,30-Montana/13-Georgia,1-Truck,0.0477228,95.9865,2011.334205

30-Montana,15-Hawaii,30-Montana/15-Hawaii,1-Truck,0,0,-

30-Montana,16-Idaho,30-Montana/16-Idaho,1-Truck,11.1174577,4866.2823,437.715387

30-Montana,17-Illinois,30-Montana/17-Illinois,1-Truck,0.1073777,130.7223,1217.406407

30-Montana,18-Indiana,30-Montana/18-Indiana,1-Truck,0.0589477,81.2677,1378.640727

30-Montana,19-Iowa,30-Montana/19-Iowa,1-Truck,0.0529024,52.7397,996.9245252

30-Montana,20-Kansas,30-Montana/20-Kansas,1-Truck,0.0389894,45.4074,1164.608842

30-Montana,21-Kentucky,30-Montana/21-Kentucky,1-Truck,0.0086226,15.0648,1747.129636

30-Montana,22-Louisiana,30-Montana/22-Louisiana,1-Truck,0.0058258,10.8003,1853.874146

30-Montana,23-Maine,30-Montana/23-Maine,1-Truck,0.0137079,29.8292,2176.059061

30-Montana,24-Maryland,30-Montana/24-Maryland,1-Truck,0.0200195,41.205,2058.243213

30-Montana,25-Massachusetts,30-Montana/25-Massachusetts,1-Truck,0.0076258,18.5746,2435.75756

30-Montana,26-Michigan,30-Montana/26-Michigan,1-Truck,0.0447698,55.6038,1241.993487

30-Montana,27-Minnesota,30-Montana/27-Minnesota,1-Truck,0.153981,120.8755,785.0026951

30-Montana,28-Mississippi,30-Montana/28-Mississippi,1-Truck,0.0050771,9.5505,1881.093538

30-Montana,29-Missouri,30-Montana/29-Missouri,1-Truck,0.0567396,73.7084,1299.064498

30-Montana,30-Montana,30-Montana/30-Montana,1-Truck,71.8678174,11924.8776,165.927922

30-Montana,31-Nebraska,30-Montana/31-Nebraska,1-Truck,0.1602821,121.1052,755.5753263

30-Montana,32-Nevada,30-Montana/32-Nevada,1-Truck,0.1140669,93.2435,817.445727

30-Montana,33-New Hampshire,30-Montana/33-New Hampshire,1-Truck,0.0011073,2.7181,2454.709654

30-Montana,34-New Jersey,30-Montana/34-New Jersey,1-Truck,0.0082104,18.4375,2245.627497

30-Montana,35-New Mexico,30-Montana/35-New Mexico,1-Truck,0.0064471,6.4944,1007.336632

30-Montana,36-New York,30-Montana/36-New York,1-Truck,0.0204027,42.8994,2102.633475

30-Montana,37-North Carolina,30-Montana/37-North Carolina,1-Truck,0.0339898,73.341,2157.735556

30-Montana,38-North Dakota,30-Montana/38-North Dakota,1-Truck,2.0368605,678.9309,333.3222378

30-Montana,39-Ohio,30-Montana/39-Ohio,1-Truck,0.0625415,103.3884,1653.11673

30-Montana,40-Oklahoma,30-Montana/40-Oklahoma,1-Truck,0.0747725,101.2488,1354.091411

30-Montana,41-Oregon,30-Montana/41-Oregon,1-Truck,0.5484023,354.3212,646.0972173

30-Montana,42-Pennsylvania,30-Montana/42-Pennsylvania,1-Truck,0.0446423,91.2517,2044.06359

30-Montana,44-Rhode Island,30-Montana/44-Rhode Island,1-Truck,0.0002056,0.4971,2417.801556

30-Montana,45-South Carolina,30-Montana/45-South Carolina,1-Truck,0.0549359,114.6804,2087.531104

30-Montana,46-South Dakota,30-Montana/46-South Dakota,1-Truck,0.699682,295.0232,421.6532653

30-Montana,47-Tennessee,30-Montana/47-Tennessee,1-Truck,0.0406121,72.2761,1779.669113

30-Montana,48-Texas,30-Montana/48-Texas,1-Truck,0.2307912,361.606,1566.810173

30-Montana,49-Utah,30-Montana/49-Utah,1-Truck,1.3304213,708.0379,532.1907429

30-Montana,50-Vermont,30-Montana/50-Vermont,1-Truck,0.0004376,0.9692,2214.808044

30-Montana,51-Virginia,30-Montana/51-Virginia,1-Truck,0.027978,60.7398,2170.984345

30-Montana,53-Washington,30-Montana/53-Washington,1-Truck,1.4881202,759.0099,510.0460971

30-Montana,54-West Virginia,30-Montana/54-West Virginia,1-Truck,0.0010315,2.0302,1968.201648

30-Montana,55-Wisconsin,30-Montana/55-Wisconsin,1-Truck,0.1431581,151.5092,1058.334806

30-Montana,56-Wyoming,30-Montana/56-Wyoming,1-Truck,4.7712411,1500.0996,314.4044848

31-Nebraska,01-Alabama,31-Nebraska/01-Alabama,1-Truck,0.9424473,909.7858,965.3439508

31-Nebraska,02-Alaska,31-Nebraska/02-Alaska,1-Truck,0,0,-

31-Nebraska,04-Arizona,31-Nebraska/04-Arizona,1-Truck,0.162277,199.9151,1231.937366

31-Nebraska,05-Arkansas,31-Nebraska/05-Arkansas,1-Truck,0.4419768,272.1527,615.7624111

31-Nebraska,06-California,31-Nebraska/06-California,1-Truck,0.7144133,1044.9552,1462.676017

31-Nebraska,08-Colorado,31-Nebraska/08-Colorado,1-Truck,7.6436288,3270.6306,427.889774

31-Nebraska,09-Connecticut,31-Nebraska/09-Connecticut,1-Truck,0.0812695,117.1722,1441.773359

31-Nebraska,10-Delaware,31-Nebraska/10-Delaware,1-Truck,0.0184624,25.5335,1383.000043

31-Nebraska,11-Washington DC,31-Nebraska/11-Washington DC,1-Truck,0.0003919,0.4958,1265.118653

31-Nebraska,12-Florida,31-Nebraska/12-Florida,1-Truck,0.3526782,528.1814,1497.629851

31-Nebraska,13-Georgia,31-Nebraska/13-Georgia,1-Truck,0.3236867,352.1507,1087.936885

31-Nebraska,15-Hawaii,31-Nebraska/15-Hawaii,1-Truck,0,0,-

31-Nebraska,16-Idaho,31-Nebraska/16-Idaho,1-Truck,0.0835963,78.9509,944.4305549

31-Nebraska,17-Illinois,31-Nebraska/17-Illinois,1-Truck,2.5332212,1304.021,514.7679168

31-Nebraska,18-Indiana,31-Nebraska/18-Indiana,1-Truck,0.9112157,605.8671,664.8997597

31-Nebraska,19-Iowa,31-Nebraska/19-Iowa,1-Truck,22.9466197,5030.8141,219.2398778

31-Nebraska,20-Kansas,31-Nebraska/20-Kansas,1-Truck,13.2297661,3580.4441,270.6354801

31-Nebraska,21-Kentucky,31-Nebraska/21-Kentucky,1-Truck,0.2544556,204.9727,805.5342464

31-Nebraska,22-Louisiana,31-Nebraska/22-Louisiana,1-Truck,0.1662468,168.3119,1012.421893

31-Nebraska,23-Maine,31-Nebraska/23-Maine,1-Truck,0.0032192,5.4175,1682.871521

31-Nebraska,24-Maryland,31-Nebraska/24-Maryland,1-Truck,0.0875115,110.8162,1266.304429

31-Nebraska,25-Massachusetts,31-Nebraska/25-Massachusetts,1-Truck,0.0703918,108.4852,1541.162465

31-Nebraska,26-Michigan,31-Nebraska/26-Michigan,1-Truck,0.5350558,414.8464,775.3329653

31-Nebraska,27-Minnesota,31-Nebraska/27-Minnesota,1-Truck,4.6540862,1757.6645,377.6604954

31-Nebraska,28-Mississippi,31-Nebraska/28-Mississippi,1-Truck,0.1157677,102.6755,886.9097339

31-Nebraska,29-Missouri,31-Nebraska/29-Missouri,1-Truck,3.3044935,971.1546,293.8890937

31-Nebraska,30-Montana,31-Nebraska/30-Montana,1-Truck,0.1602821,121.1052,755.5753263

31-Nebraska,31-Nebraska,31-Nebraska/31-Nebraska,1-Truck,400.3877206,54379.2656,135.8165168

31-Nebraska,32-Nevada,31-Nebraska/32-Nevada,1-Truck,0.0749723,87.8855,1172.239614

31-Nebraska,33-New Hampshire,31-Nebraska/33-New Hampshire,1-Truck,0.0082616,13.5279,1637.44311

31-Nebraska,34-New Jersey,31-Nebraska/34-New Jersey,1-Truck,0.1510353,207.3393,1372.787024

31-Nebraska,35-New Mexico,31-Nebraska/35-New Mexico,1-Truck,0.1022287,71.1093,695.5903773

31-Nebraska,36-New York,31-Nebraska/36-New York,1-Truck,0.1657119,222.2309,1341.067841

31-Nebraska,37-North Carolina,31-Nebraska/37-North Carolina,1-Truck,0.2763689,362.569,1311.902316

31-Nebraska,38-North Dakota,31-Nebraska/38-North Dakota,1-Truck,0.4417442,225.5458,510.580105

31-Nebraska,39-Ohio,31-Nebraska/39-Ohio,1-Truck,0.816081,709.631,869.5595168

31-Nebraska,40-Oklahoma,31-Nebraska/40-Oklahoma,1-Truck,1.2012703,574.9692,478.6343257

31-Nebraska,41-Oregon,31-Nebraska/41-Oregon,1-Truck,0.1900892,290.5834,1528.668646

31-Nebraska,42-Pennsylvania,31-Nebraska/42-Pennsylvania,1-Truck,0.3940706,481.8115,1222.652743

31-Nebraska,44-Rhode Island,31-Nebraska/44-Rhode Island,1-Truck,0.0280912,43.6325,1553.244432

31-Nebraska,45-South Carolina,31-Nebraska/45-South Carolina,1-Truck,0.093845,121.7144,1296.972668

31-Nebraska,46-South Dakota,31-Nebraska/46-South Dakota,1-Truck,8.3698334,2548.0284,304.4300022

31-Nebraska,47-Tennessee,31-Nebraska/47-Tennessee,1-Truck,0.3961428,318.5996,804.2544254

31-Nebraska,48-Texas,31-Nebraska/48-Texas,1-Truck,2.1342891,1585.5718,742.9039487

31-Nebraska,49-Utah,31-Nebraska/49-Utah,1-Truck,0.2543904,199.4695,784.1078122

31-Nebraska,50-Vermont,31-Nebraska/50-Vermont,1-Truck,0.019939,30.5565,1532.499122

31-Nebraska,51-Virginia,31-Nebraska/51-Virginia,1-Truck,0.2853724,353.3685,1238.271466

31-Nebraska,53-Washington,31-Nebraska/53-Washington,1-Truck,0.1174774,176.5221,1502.604756

31-Nebraska,54-West Virginia,31-Nebraska/54-West Virginia,1-Truck,0.0231634,24.7099,1066.76481

31-Nebraska,55-Wisconsin,31-Nebraska/55-Wisconsin,1-Truck,1.2209792,670.6981,549.3116508

31-Nebraska,56-Wyoming,31-Nebraska/56-Wyoming,1-Truck,0.5812058,238.3871,410.1595339

32-Nevada,01-Alabama,32-Nevada/01-Alabama,1-Truck,0.0474557,94.5692,1992.789064

32-Nevada,02-Alaska,32-Nevada/02-Alaska,1-Truck,0,0,-

32-Nevada,04-Arizona,32-Nevada/04-Arizona,1-Truck,3.2810911,1230.2433,374.949449

32-Nevada,05-Arkansas,32-Nevada/05-Arkansas,1-Truck,0.0280634,44.5633,1587.950854

32-Nevada,06-California,32-Nevada/06-California,1-Truck,16.8797556,5355.1101,317.2504524

32-Nevada,08-Colorado,32-Nevada/08-Colorado,1-Truck,0.4979033,381.051,765.3112562

32-Nevada,09-Connecticut,32-Nevada/09-Connecticut,1-Truck,0.0275761,75.2769,2729.787751

32-Nevada,10-Delaware,32-Nevada/10-Delaware,1-Truck,0.0020382,5.2948,2597.782357

32-Nevada,11-Washington DC,32-Nevada/11-Washington DC,1-Truck,0.0013655,3.3598,2460.490663

32-Nevada,12-Florida,32-Nevada/12-Florida,1-Truck,0.2192574,581.4039,2651.695678

32-Nevada,13-Georgia,32-Nevada/13-Georgia,1-Truck,0.1195203,264.9891,2217.105379

32-Nevada,15-Hawaii,32-Nevada/15-Hawaii,1-Truck,0,0,-

32-Nevada,16-Idaho,32-Nevada/16-Idaho,1-Truck,0.6255145,299.0039,478.0127399

32-Nevada,17-Illinois,32-Nevada/17-Illinois,1-Truck,0.2630028,463.9728,1764.136351

32-Nevada,18-Indiana,32-Nevada/18-Indiana,1-Truck,0.1168958,222.232,1901.11193

32-Nevada,19-Iowa,32-Nevada/19-Iowa,1-Truck,0.0786558,117.1549,1489.462951

32-Nevada,20-Kansas,32-Nevada/20-Kansas,1-Truck,0.1028409,145.7522,1417.259087

32-Nevada,21-Kentucky,32-Nevada/21-Kentucky,1-Truck,0.0833996,166.0859,1991.447201

32-Nevada,22-Louisiana,32-Nevada/22-Louisiana,1-Truck,0.0491968,88.8282,1805.568655

32-Nevada,23-Maine,32-Nevada/23-Maine,1-Truck,0.0263909,80.0504,3033.257676

32-Nevada,24-Maryland,32-Nevada/24-Maryland,1-Truck,0.0661131,161.5905,2444.15252

32-Nevada,25-Massachusetts,32-Nevada/25-Massachusetts,1-Truck,0.0589559,165.4548,2806.416321

32-Nevada,26-Michigan,32-Nevada/26-Michigan,1-Truck,0.1089755,223.7949,2053.625815

32-Nevada,27-Minnesota,32-Nevada/27-Minnesota,1-Truck,0.1488547,243.0333,1632.688118

32-Nevada,28-Mississippi,32-Nevada/28-Mississippi,1-Truck,0.1436863,300.1704,2089.067642

32-Nevada,29-Missouri,32-Nevada/29-Missouri,1-Truck,0.168294,275.0493,1634.338123

32-Nevada,30-Montana,32-Nevada/30-Montana,1-Truck,0.1140669,93.2435,817.445727

32-Nevada,31-Nebraska,32-Nevada/31-Nebraska,1-Truck,0.0749723,87.8855,1172.239614

32-Nevada,32-Nevada,32-Nevada/32-Nevada,1-Truck,122.609948,9266.7596,75.5791822

32-Nevada,33-New Hampshire,32-Nevada/33-New Hampshire,1-Truck,0.0200276,57.2205,2857.082227

32-Nevada,34-New Jersey,32-Nevada/34-New Jersey,1-Truck,0.0850046,222.1484,2613.369159

32-Nevada,35-New Mexico,32-Nevada/35-New Mexico,1-Truck,0.0879323,63.5002,722.148744

32-Nevada,36-New York,32-Nevada/36-New York,1-Truck,0.3264421,826.5603,2532.027272

32-Nevada,37-North Carolina,32-Nevada/37-North Carolina,1-Truck,0.0982887,236.4915,2406.090425

32-Nevada,38-North Dakota,32-Nevada/38-North Dakota,1-Truck,0.0270538,39.3837,1455.754829

32-Nevada,39-Ohio,32-Nevada/39-Ohio,1-Truck,0.2000087,426.8069,2133.941674

32-Nevada,40-Oklahoma,32-Nevada/40-Oklahoma,1-Truck,0.1052492,144.701,1374.841804

32-Nevada,41-Oregon,32-Nevada/41-Oregon,1-Truck,0.7919889,503.2478,635.4227944

32-Nevada,42-Pennsylvania,32-Nevada/42-Pennsylvania,1-Truck,0.2193747,538.7296,2455.750823

32-Nevada,44-Rhode Island,32-Nevada/44-Rhode Island,1-Truck,0.0018281,5.2505,2872.107653

32-Nevada,45-South Carolina,32-Nevada/45-South Carolina,1-Truck,0.0656809,151.2947,2303.480921

32-Nevada,46-South Dakota,32-Nevada/46-South Dakota,1-Truck,0.0145225,19.0123,1309.161646

32-Nevada,47-Tennessee,32-Nevada/47-Tennessee,1-Truck,0.2081368,435.6051,2092.878818

32-Nevada,48-Texas,32-Nevada/48-Texas,1-Truck,1.1961396,1643.3462,1373.874922

32-Nevada,49-Utah,32-Nevada/49-Utah,1-Truck,2.6193545,1013.4109,386.8933739

32-Nevada,50-Vermont,32-Nevada/50-Vermont,1-Truck,0.0454759,124.4741,2737.14429

32-Nevada,51-Virginia,32-Nevada/51-Virginia,1-Truck,0.1626464,397.6611,2444.942526

32-Nevada,53-Washington,32-Nevada/53-Washington,1-Truck,0.5738425,504.245,878.7167211

32-Nevada,54-West Virginia,32-Nevada/54-West Virginia,1-Truck,0.0044719,10.2902,2301.080078

32-Nevada,55-Wisconsin,32-Nevada/55-Wisconsin,1-Truck,0.2132944,387.9794,1818.985402

32-Nevada,56-Wyoming,32-Nevada/56-Wyoming,1-Truck,0.1767797,119.5414,676.2167828

33-New Hampshire,01-Alabama,33-New Hampshire/01-Alabama,1-Truck,0.0628275,81.2001,1292.429271

33-New Hampshire,02-Alaska,33-New Hampshire/02-Alaska,1-Truck,0,0,-

33-New Hampshire,04-Arizona,33-New Hampshire/04-Arizona,1-Truck,0.0372009,100.8522,2711.015056

33-New Hampshire,05-Arkansas,33-New Hampshire/05-Arkansas,1-Truck,0.0861096,133.3721,1548.86447

33-New Hampshire,06-California,33-New Hampshire/06-California,1-Truck,0.1953131,606.7913,3106.761912

33-New Hampshire,08-Colorado,33-New Hampshire/08-Colorado,1-Truck,0.0217423,44.8962,2064.924134

33-New Hampshire,09-Connecticut,33-New Hampshire/09-Connecticut,1-Truck,1.1708181,194.9573,166.5137394

33-New Hampshire,10-Delaware,33-New Hampshire/10-Delaware,1-Truck,0.0145911,6.2693,429.6660293

33-New Hampshire,11-Washington DC,33-New Hampshire/11-Washington DC,1-Truck,0.0023553,1.2117,514.4567571

33-New Hampshire,12-Florida,33-New Hampshire/12-Florida,1-Truck,0.1276134,189.7633,1487.017037

33-New Hampshire,13-Georgia,33-New Hampshire/13-Georgia,1-Truck,0.1353505,157.0063,1159.997931

33-New Hampshire,15-Hawaii,33-New Hampshire/15-Hawaii,1-Truck,0,0,-

33-New Hampshire,16-Idaho,33-New Hampshire/16-Idaho,1-Truck,0.0287799,74.6156,2592.628883

33-New Hampshire,17-Illinois,33-New Hampshire/17-Illinois,1-Truck,0.1988187,219.8662,1105.862779

33-New Hampshire,18-Indiana,33-New Hampshire/18-Indiana,1-Truck,0.127876,125.4399,980.9495136

33-New Hampshire,19-Iowa,33-New Hampshire/19-Iowa,1-Truck,0.0707419,99.3232,1404.022227

33-New Hampshire,20-Kansas,33-New Hampshire/20-Kansas,1-Truck,0.0245725,37.6022,1530.255367

33-New Hampshire,21-Kentucky,33-New Hampshire/21-Kentucky,1-Truck,0.0529202,54.1099,1022.481019

33-New Hampshire,22-Louisiana,33-New Hampshire/22-Louisiana,1-Truck,0.0199149,33.729,1693.656508

33-New Hampshire,23-Maine,33-New Hampshire/23-Maine,1-Truck,4.8581688,731.5388,150.5791236

33-New Hampshire,24-Maryland,33-New Hampshire/24-Maryland,1-Truck,0.2379964,118.6914,498.7109049

33-New Hampshire,25-Massachusetts,33-New Hampshire/25-Massachusetts,1-Truck,15.7165552,1269.5718,80.77926644

33-New Hampshire,26-Michigan,33-New Hampshire/26-Michigan,1-Truck,0.0952273,87.5673,919.5608822

33-New Hampshire,27-Minnesota,33-New Hampshire/27-Minnesota,1-Truck,0.0264254,39.6471,1500.340581

33-New Hampshire,28-Mississippi,33-New Hampshire/28-Mississippi,1-Truck,0.0208634,30.2364,1449.255634

33-New Hampshire,29-Missouri,33-New Hampshire/29-Missouri,1-Truck,0.0534733,71.9406,1345.355533

33-New Hampshire,30-Montana,33-New Hampshire/30-Montana,1-Truck,0.0011073,2.7181,2454.709654

33-New Hampshire,31-Nebraska,33-New Hampshire/31-Nebraska,1-Truck,0.0082616,13.5279,1637.44311

33-New Hampshire,32-Nevada,33-New Hampshire/32-Nevada,1-Truck,0.0200276,57.2205,2857.082227

33-New Hampshire,33-New Hampshire,33-New Hampshire/33-New Hampshire,1-Truck,69.030476,3080.4882,44.62504648

33-New Hampshire,34-New Jersey,33-New Hampshire/34-New Jersey,1-Truck,0.4480254,139.9327,312.3320687

33-New Hampshire,35-New Mexico,33-New Hampshire/35-New Mexico,1-Truck,0.0036071,8.1954,2272.019073

33-New Hampshire,36-New York,33-New Hampshire/36-New York,1-Truck,1.9569597,493.0638,251.9539876

33-New Hampshire,37-North Carolina,33-New Hampshire/37-North Carolina,1-Truck,0.1307931,113.3568,866.6879216

33-New Hampshire,38-North Dakota,33-New Hampshire/38-North Dakota,1-Truck,0.0014068,2.4603,1748.862667

33-New Hampshire,39-Ohio,33-New Hampshire/39-Ohio,1-Truck,0.2875835,220.958,768.3264165

33-New Hampshire,40-Oklahoma,33-New Hampshire/40-Oklahoma,1-Truck,0.0245554,43.5318,1772.799466

33-New Hampshire,41-Oregon,33-New Hampshire/41-Oregon,1-Truck,0.0364226,112.5534,3090.207728

33-New Hampshire,42-Pennsylvania,33-New Hampshire/42-Pennsylvania,1-Truck,0.7479133,316.3876,423.0271076

33-New Hampshire,44-Rhode Island,33-New Hampshire/44-Rhode Island,1-Truck,0.495242,60.8013,122.7708878

33-New Hampshire,45-South Carolina,33-New Hampshire/45-South Carolina,1-Truck,0.0947372,98.4233,1038.908686

33-New Hampshire,46-South Dakota,33-New Hampshire/46-South Dakota,1-Truck,0.0067347,11.2776,1674.551205

33-New Hampshire,47-Tennessee,33-New Hampshire/47-Tennessee,1-Truck,0.0511689,57.7836,1129.271882

33-New Hampshire,48-Texas,33-New Hampshire/48-Texas,1-Truck,0.1029365,199.5097,1938.182277

33-New Hampshire,49-Utah,33-New Hampshire/49-Utah,1-Truck,0.0178561,44.5501,2494.951305

33-New Hampshire,50-Vermont,33-New Hampshire/50-Vermont,1-Truck,3.9564176,483.2833,122.1517415

33-New Hampshire,51-Virginia,33-New Hampshire/51-Virginia,1-Truck,0.2296323,154.0733,670.9565684

33-New Hampshire,53-Washington,33-New Hampshire/53-Washington,1-Truck,0.0249779,78.9291,3159.957402

33-New Hampshire,54-West Virginia,33-New Hampshire/54-West Virginia,1-Truck,0.0143307,9.7997,683.8256331

33-New Hampshire,55-Wisconsin,33-New Hampshire/55-Wisconsin,1-Truck,0.0743161,89.07,1198.528986

33-New Hampshire,56-Wyoming,33-New Hampshire/56-Wyoming,1-Truck,0.0188714,41.0619,2175.879903

34-New Jersey,01-Alabama,34-New Jersey/01-Alabama,1-Truck,0.4299564,419.769,976.3059696

34-New Jersey,02-Alaska,34-New Jersey/02-Alaska,1-Truck,0,0,-

34-New Jersey,04-Arizona,34-New Jersey/04-Arizona,1-Truck,0.2338572,590.1225,2523.430966

34-New Jersey,05-Arkansas,34-New Jersey/05-Arkansas,1-Truck,0.2622067,324.2255,1236.526374

34-New Jersey,06-California,34-New Jersey/06-California,1-Truck,2.6885675,7756.5982,2885.030114

34-New Jersey,08-Colorado,34-New Jersey/08-Colorado,1-Truck,0.2569096,468.6604,1824.222995

34-New Jersey,09-Connecticut,34-New Jersey/09-Connecticut,1-Truck,4.4892522,589.2368,131.2550006

34-New Jersey,10-Delaware,34-New Jersey/10-Delaware,1-Truck,3.8465206,370.7814,96.39397226

34-New Jersey,11-Washington DC,34-New Jersey/11-Washington DC,1-Truck,0.1111601,18.9277,170.2742261

34-New Jersey,12-Florida,34-New Jersey/12-Florida,1-Truck,1.7324066,2005.8312,1157.829346

34-New Jersey,13-Georgia,34-New Jersey/13-Georgia,1-Truck,1.7861043,1521.259,851.7190178

34-New Jersey,15-Hawaii,34-New Jersey/15-Hawaii,1-Truck,0,0,-

34-New Jersey,16-Idaho,34-New Jersey/16-Idaho,1-Truck,0.0691206,170.7667,2470.561598

34-New Jersey,17-Illinois,34-New Jersey/17-Illinois,1-Truck,2.1051908,1850.4321,878.9854582

34-New Jersey,18-Indiana,34-New Jersey/18-Indiana,1-Truck,1.3563174,991.2765,730.8587946

34-New Jersey,19-Iowa,34-New Jersey/19-Iowa,1-Truck,0.2967328,336.994,1135.681664

34-New Jersey,20-Kansas,34-New Jersey/20-Kansas,1-Truck,0.4376393,581.5989,1328.945778

34-New Jersey,21-Kentucky,34-New Jersey/21-Kentucky,1-Truck,0.7111109,522.1756,734.3096555

34-New Jersey,22-Louisiana,34-New Jersey/22-Louisiana,1-Truck,1.0596075,1432.4077,1351.828578

34-New Jersey,23-Maine,34-New Jersey/23-Maine,1-Truck,1.7007577,721.1633,424.0247156

34-New Jersey,24-Maryland,34-New Jersey/24-Maryland,1-Truck,5.4186916,871.913,160.9084008

34-New Jersey,25-Massachusetts,34-New Jersey/25-Massachusetts,1-Truck,2.7216641,668.3691,245.5736915

34-New Jersey,26-Michigan,34-New Jersey/26-Michigan,1-Truck,1.1168563,760.8036,681.2009746

34-New Jersey,27-Minnesota,34-New Jersey/27-Minnesota,1-Truck,0.5682283,763.1968,1343.11649

34-New Jersey,28-Mississippi,34-New Jersey/28-Mississippi,1-Truck,0.5265923,609.7463,1157.909639

34-New Jersey,29-Missouri,34-New Jersey/29-Missouri,1-Truck,0.5103601,552.2316,1082.043052

34-New Jersey,30-Montana,34-New Jersey/30-Montana,1-Truck,0.0082104,18.4375,2245.627497

34-New Jersey,31-Nebraska,34-New Jersey/31-Nebraska,1-Truck,0.1510353,207.3393,1372.787024

34-New Jersey,32-Nevada,34-New Jersey/32-Nevada,1-Truck,0.0850046,222.1484,2613.369159

34-New Jersey,33-New Hampshire,34-New Jersey/33-New Hampshire,1-Truck,0.4480254,139.9327,312.3320687

34-New Jersey,34-New Jersey,34-New Jersey/34-New Jersey,1-Truck,276.9227822,9725.3894,35.1194991

34-New Jersey,35-New Mexico,34-New Jersey/35-New Mexico,1-Truck,0.0249412,50.6741,2031.742659

34-New Jersey,36-New York,34-New Jersey/36-New York,1-Truck,30.9750533,2830.7729,91.38879835

34-New Jersey,37-North Carolina,34-New Jersey/37-North Carolina,1-Truck,1.7853298,972.5073,544.721373

34-New Jersey,38-North Dakota,34-New Jersey/38-North Dakota,1-Truck,0.071591,125.6353,1754.903549

34-New Jersey,39-Ohio,34-New Jersey/39-Ohio,1-Truck,3.116159,1674.0327,537.2102964

34-New Jersey,40-Oklahoma,34-New Jersey/40-Oklahoma,1-Truck,0.3701956,558.2428,1507.96714

34-New Jersey,41-Oregon,34-New Jersey/41-Oregon,1-Truck,0.1625554,476.1773,2929.323172

34-New Jersey,42-Pennsylvania,34-New Jersey/42-Pennsylvania,1-Truck,47.0310224,4994.1876,106.1892203

34-New Jersey,44-Rhode Island,34-New Jersey/44-Rhode Island,1-Truck,0.3674685,80.2736,218.4502889

34-New Jersey,45-South Carolina,34-New Jersey/45-South Carolina,1-Truck,0.6789456,473.9893,698.1255936

34-New Jersey,46-South Dakota,34-New Jersey/46-South Dakota,1-Truck,0.0344067,51.3605,1492.747052

34-New Jersey,47-Tennessee,34-New Jersey/47-Tennessee,1-Truck,0.7819858,634.4943,811.3885188

34-New Jersey,48-Texas,34-New Jersey/48-Texas,1-Truck,2.1720565,3615.0847,1664.360342

34-New Jersey,49-Utah,34-New Jersey/49-Utah,1-Truck,0.1729436,386.3248,2233.81958

34-New Jersey,50-Vermont,34-New Jersey/50-Vermont,1-Truck,0.5694718,189.1038,332.0687697

34-New Jersey,51-Virginia,34-New Jersey/51-Virginia,1-Truck,3.0333314,957.5173,315.6652451

34-New Jersey,53-Washington,34-New Jersey/53-Washington,1-Truck,0.408112,1190.0855,2916.075734

34-New Jersey,54-West Virginia,34-New Jersey/54-West Virginia,1-Truck,0.583662,226.7755,388.539086

34-New Jersey,55-Wisconsin,34-New Jersey/55-Wisconsin,1-Truck,0.8119686,821.9176,1012.252937

34-New Jersey,56-Wyoming,34-New Jersey/56-Wyoming,1-Truck,0.0312397,61.0443,1954.061659

35-New Mexico,01-Alabama,35-New Mexico/01-Alabama,1-Truck,0.0756437,91.5887,1210.790852

35-New Mexico,02-Alaska,35-New Mexico/02-Alaska,1-Truck,0,0,-

35-New Mexico,04-Arizona,35-New Mexico/04-Arizona,1-Truck,2.0742161,790.0165,380.8747314

35-New Mexico,05-Arkansas,35-New Mexico/05-Arkansas,1-Truck,0.0736615,62.9354,854.3866199

35-New Mexico,06-California,35-New Mexico/06-California,1-Truck,1.1569357,987.4722,853.5238389

35-New Mexico,08-Colorado,35-New Mexico/08-Colorado,1-Truck,2.1541018,892.4178,414.2876627

35-New Mexico,09-Connecticut,35-New Mexico/09-Connecticut,1-Truck,0.0181533,40.8643,2251.067299

35-New Mexico,10-Delaware,35-New Mexico/10-Delaware,1-Truck,0.0012424,2.4754,1992.433999

35-New Mexico,11-Washington DC,35-New Mexico/11-Washington DC,1-Truck,0.0003696,0.6891,1864.448052

35-New Mexico,12-Florida,35-New Mexico/12-Florida,1-Truck,0.0779768,131.0159,1680.190775

35-New Mexico,13-Georgia,35-New Mexico/13-Georgia,1-Truck,0.0975053,133.139,1365.45398

35-New Mexico,15-Hawaii,35-New Mexico/15-Hawaii,1-Truck,0,0,-

35-New Mexico,16-Idaho,35-New Mexico/16-Idaho,1-Truck,0.139325,123.2701,884.766553

35-New Mexico,17-Illinois,35-New Mexico/17-Illinois,1-Truck,0.2147306,264.6134,1232.304106

35-New Mexico,18-Indiana,35-New Mexico/18-Indiana,1-Truck,0.0918144,122.9969,1339.625375

35-New Mexico,19-Iowa,35-New Mexico/19-Iowa,1-Truck,0.0530398,54.5274,1028.046863

35-New Mexico,20-Kansas,35-New Mexico/20-Kansas,1-Truck,0.1174304,78.6354,669.6340982

35-New Mexico,21-Kentucky,35-New Mexico/21-Kentucky,1-Truck,0.1063497,138.8924,1305.997102

35-New Mexico,22-Louisiana,35-New Mexico/22-Louisiana,1-Truck,0.4928961,479.0328,971.8737884

35-New Mexico,23-Maine,35-New Mexico/23-Maine,1-Truck,0.0015985,3.8394,2401.876759

35-New Mexico,24-Maryland,35-New Mexico/24-Maryland,1-Truck,0.0118005,22.2547,1885.911614

35-New Mexico,25-Massachusetts,35-New Mexico/25-Massachusetts,1-Truck,0.0173958,39.1062,2248.025385

35-New Mexico,26-Michigan,35-New Mexico/26-Michigan,1-Truck,0.0682885,105.2863,1541.786684

35-New Mexico,27-Minnesota,35-New Mexico/27-Minnesota,1-Truck,0.9917935,1208.1643,1218.161139

35-New Mexico,28-Mississippi,35-New Mexico/28-Mississippi,1-Truck,0.062479,64.8972,1038.704205

35-New Mexico,29-Missouri,35-New Mexico/29-Missouri,1-Truck,0.308848,266.8448,864.0004144

35-New Mexico,30-Montana,35-New Mexico/30-Montana,1-Truck,0.0064471,6.4944,1007.336632

35-New Mexico,31-Nebraska,35-New Mexico/31-Nebraska,1-Truck,0.1022287,71.1093,695.5903773

35-New Mexico,32-Nevada,35-New Mexico/32-Nevada,1-Truck,0.0879323,63.5002,722.148744

35-New Mexico,33-New Hampshire,35-New Mexico/33-New Hampshire,1-Truck,0.0036071,8.1954,2272.019073

35-New Mexico,34-New Jersey,35-New Mexico/34-New Jersey,1-Truck,0.0249412,50.6741,2031.742659

35-New Mexico,35-New Mexico,35-New Mexico/35-New Mexico,1-Truck,69.2974906,8046.6626,116.1176621

35-New Mexico,36-New York,35-New Mexico/36-New York,1-Truck,0.0201332,40.9017,2031.554845

35-New Mexico,37-North Carolina,35-New Mexico/37-North Carolina,1-Truck,0.0713344,123.3797,1729.596099

35-New Mexico,38-North Dakota,35-New Mexico/38-North Dakota,1-Truck,0.0101079,11.5615,1143.808308

35-New Mexico,39-Ohio,35-New Mexico/39-Ohio,1-Truck,0.1307016,196.1752,1500.939545

35-New Mexico,40-Oklahoma,35-New Mexico/40-Oklahoma,1-Truck,0.311702,167.628,537.7828824

35-New Mexico,41-Oregon,35-New Mexico/41-Oregon,1-Truck,0.036894,48.6912,1319.75931

35-New Mexico,42-Pennsylvania,35-New Mexico/42-Pennsylvania,1-Truck,0.1296867,233.8651,1803.308281

35-New Mexico,44-Rhode Island,35-New Mexico/44-Rhode Island,1-Truck,0.0090888,20.581,2264.435349

35-New Mexico,45-South Carolina,35-New Mexico/45-South Carolina,1-Truck,0.023356,37.2709,1595.774105

35-New Mexico,46-South Dakota,35-New Mexico/46-South Dakota,1-Truck,0.0063614,5.7824,908.9822995

35-New Mexico,47-Tennessee,35-New Mexico/47-Tennessee,1-Truck,0.1026441,115.2025,1122.348971

35-New Mexico,48-Texas,35-New Mexico/48-Texas,1-Truck,9.7654419,3931.914,402.6355428

35-New Mexico,49-Utah,35-New Mexico/49-Utah,1-Truck,0.2809947,155.1373,552.1004489

35-New Mexico,50-Vermont,35-New Mexico/50-Vermont,1-Truck,0.0017537,3.9789,2268.860124

35-New Mexico,51-Virginia,35-New Mexico/51-Virginia,1-Truck,0.023215,41.4397,1785.039845

35-New Mexico,53-Washington,35-New Mexico/53-Washington,1-Truck,0.0628678,90.9104,1446.056646

35-New Mexico,54-West Virginia,35-New Mexico/54-West Virginia,1-Truck,0.0020212,3.3305,1647.783495

35-New Mexico,55-Wisconsin,35-New Mexico/55-Wisconsin,1-Truck,0.1891188,253.4201,1340.004801

35-New Mexico,56-Wyoming,35-New Mexico/56-Wyoming,1-Truck,0.0676854,35.4823,524.2238356

36-New York,01-Alabama,36-New York/01-Alabama,1-Truck,0.5175646,535.2994,1034.265867

36-New York,02-Alaska,36-New York/02-Alaska,1-Truck,0,0,-

36-New York,04-Arizona,36-New York/04-Arizona,1-Truck,0.389405,960.5378,2466.680705

36-New York,05-Arkansas,36-New York/05-Arkansas,1-Truck,0.4429318,548.2664,1237.812232

36-New York,06-California,36-New York/06-California,1-Truck,2.9200884,8239.7034,2821.730808

36-New York,08-Colorado,36-New York/08-Colorado,1-Truck,0.3164001,573.9489,1813.997214

36-New York,09-Connecticut,36-New York/09-Connecticut,1-Truck,12.1607199,1479.6864,121.6775333

36-New York,10-Delaware,36-New York/10-Delaware,1-Truck,0.5995932,163.5095,272.7007244

36-New York,11-Washington DC,36-New York/11-Washington DC,1-Truck,0.0365189,11.8315,323.9829239

36-New York,12-Florida,36-New York/12-Florida,1-Truck,1.7598558,2194.5144,1246.98535

36-New York,13-Georgia,36-New York/13-Georgia,1-Truck,1.7677886,1650.8545,933.8528939

36-New York,15-Hawaii,36-New York/15-Hawaii,1-Truck,0,0,-

36-New York,16-Idaho,36-New York/16-Idaho,1-Truck,0.4075835,895.787,2197.79996

36-New York,17-Illinois,36-New York/17-Illinois,1-Truck,3.6167231,2751.4868,760.7678896

36-New York,18-Indiana,36-New York/18-Indiana,1-Truck,2.3817505,1474.8093,619.2123398

36-New York,19-Iowa,36-New York/19-Iowa,1-Truck,0.4960496,501.8042,1011.600856

36-New York,20-Kansas,36-New York/20-Kansas,1-Truck,0.384776,501.3893,1303.068019

36-New York,21-Kentucky,36-New York/21-Kentucky,1-Truck,0.9468475,669.682,707.2754588

36-New York,22-Louisiana,36-New York/22-Louisiana,1-Truck,0.2863141,388.5592,1357.108155

36-New York,23-Maine,36-New York/23-Maine,1-Truck,2.380718,896.6878,376.645953

36-New York,24-Maryland,36-New York/24-Maryland,1-Truck,2.3861174,710.5173,297.7713083

36-New York,25-Massachusetts,36-New York/25-Massachusetts,1-Truck,11.2064781,2238.1019,199.7150113

36-New York,26-Michigan,36-New York/26-Michigan,1-Truck,2.2555046,1227.3865,544.173796

36-New York,27-Minnesota,36-New York/27-Minnesota,1-Truck,0.6079072,737.8849,1213.811746

36-New York,28-Mississippi,36-New York/28-Mississippi,1-Truck,0.3089548,366.5195,1186.320782

36-New York,29-Missouri,36-New York/29-Missouri,1-Truck,0.6661669,691.8108,1038.494708

36-New York,30-Montana,36-New York/30-Montana,1-Truck,0.0204027,42.8994,2102.633475

36-New York,31-Nebraska,36-New York/31-Nebraska,1-Truck,0.1657119,222.2309,1341.067841

36-New York,32-Nevada,36-New York/32-Nevada,1-Truck,0.3264421,826.5603,2532.027272

36-New York,33-New Hampshire,36-New York/33-New Hampshire,1-Truck,1.9569597,493.0638,251.9539876

36-New York,34-New Jersey,36-New York/34-New Jersey,1-Truck,30.9750533,2830.7729,91.38879835

36-New York,35-New Mexico,36-New York/35-New Mexico,1-Truck,0.0201332,40.9017,2031.554845

36-New York,36-New York,36-New York/36-New York,1-Truck,644.3256356,43123.7512,66.9285045

36-New York,37-North Carolina,36-New York/37-North Carolina,1-Truck,2.1634009,1407.1095,650.4155101

36-New York,38-North Dakota,36-New York/38-North Dakota,1-Truck,0.0692686,104.0721,1502.442665

36-New York,39-Ohio,36-New York/39-Ohio,1-Truck,7.8110088,3212.3648,411.2611933

36-New York,40-Oklahoma,36-New York/40-Oklahoma,1-Truck,0.4317293,609.5784,1411.945865

36-New York,41-Oregon,36-New York/41-Oregon,1-Truck,0.417445,1170.0157,2802.802046

36-New York,42-Pennsylvania,36-New York/42-Pennsylvania,1-Truck,37.1044947,7552.8003,203.554862

36-New York,44-Rhode Island,36-New York/44-Rhode Island,1-Truck,0.8551093,199.9652,233.8475327

36-New York,45-South Carolina,36-New York/45-South Carolina,1-Truck,1.1402601,899.7875,789.1072397

36-New York,46-South Dakota,36-New York/46-South Dakota,1-Truck,0.0482558,67.5791,1400.434766

36-New York,47-Tennessee,36-New York/47-Tennessee,1-Truck,0.8799539,775.0546,880.790005

36-New York,48-Texas,36-New York/48-Texas,1-Truck,3.2526795,5349.4677,1644.634124

36-New York,49-Utah,36-New York/49-Utah,1-Truck,0.1472401,319.8969,2172.620774

36-New York,50-Vermont,36-New York/50-Vermont,1-Truck,2.3998404,430.6949,179.468143

36-New York,51-Virginia,36-New York/51-Virginia,1-Truck,2.9225833,1290.8726,441.688899

36-New York,53-Washington,36-New York/53-Washington,1-Truck,0.3552543,996.2013,2804.192096

36-New York,54-West Virginia,36-New York/54-West Virginia,1-Truck,0.8134394,361.0298,443.8312184

36-New York,55-Wisconsin,36-New York/55-Wisconsin,1-Truck,1.4820978,1340.2891,904.3189323

36-New York,56-Wyoming,36-New York/56-Wyoming,1-Truck,0.0251506,49.9084,1984.382082

37-North Carolina,01-Alabama,37-North Carolina/01-Alabama,1-Truck,2.4650629,1155.1371,468.6034989

37-North Carolina,02-Alaska,37-North Carolina/02-Alaska,1-Truck,0,0,-

37-North Carolina,04-Arizona,37-North Carolina/04-Arizona,1-Truck,0.4713748,992.4444,2105.425237

37-North Carolina,05-Arkansas,37-North Carolina/05-Arkansas,1-Truck,0.8310166,692.7968,833.67384

37-North Carolina,06-California,37-North Carolina/06-California,1-Truck,1.7994114,4618.4793,2566.661132

37-North Carolina,08-Colorado,37-North Carolina/08-Colorado,1-Truck,0.4042793,655.644,1621.760006

37-North Carolina,09-Connecticut,37-North Carolina/09-Connecticut,1-Truck,0.5843192,400.6428,685.6574283

37-North Carolina,10-Delaware,37-North Carolina/10-Delaware,1-Truck,0.3762989,153.553,408.0612513

37-North Carolina,11-Washington DC,37-North Carolina/11-Washington DC,1-Truck,0.0847876,26.9819,318.2293166

37-North Carolina,12-Florida,37-North Carolina/12-Florida,1-Truck,4.5022884,2625.0647,583.0512101

37-North Carolina,13-Georgia,37-North Carolina/13-Georgia,1-Truck,13.2738446,4139.7707,311.8742779

37-North Carolina,15-Hawaii,37-North Carolina/15-Hawaii,1-Truck,0,0,-

37-North Carolina,16-Idaho,37-North Carolina/16-Idaho,1-Truck,0.1577643,371.7203,2356.175003

37-North Carolina,17-Illinois,37-North Carolina/17-Illinois,1-Truck,2.6550291,2113.8502,796.1683734

37-North Carolina,18-Indiana,37-North Carolina/18-Indiana,1-Truck,2.3983363,1451.3372,605.1433237

37-North Carolina,19-Iowa,37-North Carolina/19-Iowa,1-Truck,0.6662997,695.9208,1044.456121

37-North Carolina,20-Kansas,37-North Carolina/20-Kansas,1-Truck,0.4323076,478.9229,1107.829009

37-North Carolina,21-Kentucky,37-North Carolina/21-Kentucky,1-Truck,3.4685696,1494.877,430.9779455

37-North Carolina,22-Louisiana,37-North Carolina/22-Louisiana,1-Truck,0.8018277,687.376,857.261479

37-North Carolina,23-Maine,37-North Carolina/23-Maine,1-Truck,0.224963,218.6467,971.9229384

37-North Carolina,24-Maryland,37-North Carolina/24-Maryland,1-Truck,2.0590945,745.6776,362.1386002

37-North Carolina,25-Massachusetts,37-North Carolina/25-Massachusetts,1-Truck,0.7948758,647.013,813.9799954

37-North Carolina,26-Michigan,37-North Carolina/26-Michigan,1-Truck,1.8194195,1341.5571,737.3544694

37-North Carolina,27-Minnesota,37-North Carolina/27-Minnesota,1-Truck,0.8009301,1031.0136,1287.270387

37-North Carolina,28-Mississippi,37-North Carolina/28-Mississippi,1-Truck,1.1636826,782.7172,672.6208676

37-North Carolina,29-Missouri,37-North Carolina/29-Missouri,1-Truck,1.0794925,922.6371,854.6952387

37-North Carolina,30-Montana,37-North Carolina/30-Montana,1-Truck,0.0339898,73.341,2157.735556

37-North Carolina,31-Nebraska,37-North Carolina/31-Nebraska,1-Truck,0.2763689,362.569,1311.902316

37-North Carolina,32-Nevada,37-North Carolina/32-Nevada,1-Truck,0.0982887,236.4915,2406.090425

37-North Carolina,33-New Hampshire,37-North Carolina/33-New Hampshire,1-Truck,0.1307931,113.3568,866.6879216

37-North Carolina,34-New Jersey,37-North Carolina/34-New Jersey,1-Truck,1.7853298,972.5073,544.721373

37-North Carolina,35-New Mexico,37-North Carolina/35-New Mexico,1-Truck,0.0713344,123.3797,1729.596099

37-North Carolina,36-New York,37-North Carolina/36-New York,1-Truck,2.1634009,1407.1095,650.4155101

37-North Carolina,37-North Carolina,37-North Carolina/37-North Carolina,1-Truck,466.5090886,42661.104,91.44753027

37-North Carolina,38-North Dakota,37-North Carolina/38-North Dakota,1-Truck,0.0697161,115.076,1650.637371

37-North Carolina,39-Ohio,37-North Carolina/39-Ohio,1-Truck,4.4097631,2187.2996,496.0129491

37-North Carolina,40-Oklahoma,37-North Carolina/40-Oklahoma,1-Truck,0.5632347,625.8313,1111.137684

37-North Carolina,41-Oregon,37-North Carolina/41-Oregon,1-Truck,0.2638274,731.0978,2771.121574

37-North Carolina,42-Pennsylvania,37-North Carolina/42-Pennsylvania,1-Truck,4.8985032,2344.0325,478.5201528

37-North Carolina,44-Rhode Island,37-North Carolina/44-Rhode Island,1-Truck,0.10329,81.7875,791.8239907

37-North Carolina,45-South Carolina,37-North Carolina/45-South Carolina,1-Truck,27.2139099,4656.4245,171.1045755

37-North Carolina,46-South Dakota,37-North Carolina/46-South Dakota,1-Truck,0.0820506,119.2983,1453.960117

37-North Carolina,47-Tennessee,37-North Carolina/47-Tennessee,1-Truck,11.8243198,3592.7905,303.8475414

37-North Carolina,48-Texas,37-North Carolina/48-Texas,1-Truck,19.8695185,23932.887,1204.502615

37-North Carolina,49-Utah,37-North Carolina/49-Utah,1-Truck,0.1893393,397.5041,2099.427324

37-North Carolina,50-Vermont,37-North Carolina/50-Vermont,1-Truck,0.1062922,91.1265,857.3206689

37-North Carolina,51-Virginia,37-North Carolina/51-Virginia,1-Truck,23.1806512,4914.4701,212.0074219

37-North Carolina,53-Washington,37-North Carolina/53-Washington,1-Truck,0.3347711,953.5002,2848.215393

37-North Carolina,54-West Virginia,37-North Carolina/54-West Virginia,1-Truck,1.1800901,373.9168,316.8544504

37-North Carolina,55-Wisconsin,37-North Carolina/55-Wisconsin,1-Truck,1.0883914,1050.8569,965.5137848

37-North Carolina,56-Wyoming,37-North Carolina/56-Wyoming,1-Truck,0.0353865,65.8334,1860.410043

38-North Dakota,01-Alabama,38-North Dakota/01-Alabama,1-Truck,0.0234117,34.7399,1483.869177

38-North Dakota,02-Alaska,38-North Dakota/02-Alaska,1-Truck,0,0,-

38-North Dakota,04-Arizona,38-North Dakota/04-Arizona,1-Truck,0.0154654,24.935,1612.308767

38-North Dakota,05-Arkansas,38-North Dakota/05-Arkansas,1-Truck,0.0401528,45.8101,1140.894284

38-North Dakota,06-California,38-North Dakota/06-California,1-Truck,0.2688778,464.108,1726.092671

38-North Dakota,08-Colorado,38-North Dakota/08-Colorado,1-Truck,0.2824988,224.6116,795.0886871

38-North Dakota,09-Connecticut,38-North Dakota/09-Connecticut,1-Truck,0.0431054,72.9326,1691.959708

38-North Dakota,10-Delaware,38-North Dakota/10-Delaware,1-Truck,0.0064725,11.1673,1725.345693

38-North Dakota,11-Washington DC,38-North Dakota/11-Washington DC,1-Truck,0.0000856,0.1421,1660.046729

38-North Dakota,12-Florida,38-North Dakota/12-Florida,1-Truck,0.0962528,183.0631,1901.898958

38-North Dakota,13-Georgia,38-North Dakota/13-Georgia,1-Truck,0.1369916,202.7163,1479.771752

38-North Dakota,15-Hawaii,38-North Dakota/15-Hawaii,1-Truck,0,0,-

38-North Dakota,16-Idaho,38-North Dakota/16-Idaho,1-Truck,0.1726821,152.0686,880.6274652

38-North Dakota,17-Illinois,38-North Dakota/17-Illinois,1-Truck,1.0482448,922.5197,880.0613177

38-North Dakota,18-Indiana,38-North Dakota/18-Indiana,1-Truck,0.52986,529.3752,999.0850413

38-North Dakota,19-Iowa,38-North Dakota/19-Iowa,1-Truck,1.025609,552.8714,539.0664473

38-North Dakota,20-Kansas,38-North Dakota/20-Kansas,1-Truck,0.3195459,249.7381,781.5406175

38-North Dakota,21-Kentucky,38-North Dakota/21-Kentucky,1-Truck,0.2693466,341.2913,1267.108254

38-North Dakota,22-Louisiana,38-North Dakota/22-Louisiana,1-Truck,0.0490948,73.0204,1487.334708

38-North Dakota,23-Maine,38-North Dakota/23-Maine,1-Truck,0.0042519,7.8088,1836.543663

38-North Dakota,24-Maryland,38-North Dakota/24-Maryland,1-Truck,0.0608784,96.9495,1592.510644

38-North Dakota,25-Massachusetts,38-North Dakota/25-Massachusetts,1-Truck,0.0254969,44.7909,1756.719444

38-North Dakota,26-Michigan,38-North Dakota/26-Michigan,1-Truck,0.2522076,227.2498,901.0426331

38-North Dakota,27-Minnesota,38-North Dakota/27-Minnesota,1-Truck,19.2121897,6999.3517,364.3182692

38-North Dakota,28-Mississippi,38-North Dakota/28-Mississippi,1-Truck,0.0215219,27.8934,1296.047282

38-North Dakota,29-Missouri,38-North Dakota/29-Missouri,1-Truck,0.2007548,158.014,787.0994865

38-North Dakota,30-Montana,38-North Dakota/30-Montana,1-Truck,2.0368605,678.9309,333.3222378

38-North Dakota,31-Nebraska,38-North Dakota/31-Nebraska,1-Truck,0.4417442,225.5458,510.580105

38-North Dakota,32-Nevada,38-North Dakota/32-Nevada,1-Truck,0.0270538,39.3837,1455.754829

38-North Dakota,33-New Hampshire,38-North Dakota/33-New Hampshire,1-Truck,0.0014068,2.4603,1748.862667

38-North Dakota,34-New Jersey,38-North Dakota/34-New Jersey,1-Truck,0.071591,125.6353,1754.903549

38-North Dakota,35-New Mexico,38-North Dakota/35-New Mexico,1-Truck,0.0101079,11.5615,1143.808308

38-North Dakota,36-New York,38-North Dakota/36-New York,1-Truck,0.0692686,104.0721,1502.442665

38-North Dakota,37-North Carolina,38-North Dakota/37-North Carolina,1-Truck,0.0697161,115.076,1650.637371

38-North Dakota,38-North Dakota,38-North Dakota/38-North Dakota,1-Truck,162.0108102,27551.6668,170.0606692

38-North Dakota,39-Ohio,38-North Dakota/39-Ohio,1-Truck,0.5465589,649.9827,1189.227181

38-North Dakota,40-Oklahoma,38-North Dakota/40-Oklahoma,1-Truck,0.267796,270.0542,1008.432538

38-North Dakota,41-Oregon,38-North Dakota/41-Oregon,1-Truck,0.0906985,122.2735,1348.131446

38-North Dakota,42-Pennsylvania,38-North Dakota/42-Pennsylvania,1-Truck,0.0923939,140.5811,1521.540924

38-North Dakota,44-Rhode Island,38-North Dakota/44-Rhode Island,1-Truck,0.001872,3.6259,1936.912393

38-North Dakota,45-South Carolina,38-North Dakota/45-South Carolina,1-Truck,0.0495906,84.1271,1696.432388

38-North Dakota,46-South Dakota,38-North Dakota/46-South Dakota,1-Truck,10.3191518,3402.3519,329.7123607

38-North Dakota,47-Tennessee,38-North Dakota/47-Tennessee,1-Truck,0.1539982,201.7994,1310.401031

38-North Dakota,48-Texas,38-North Dakota/48-Texas,1-Truck,0.8182798,1108.1635,1354.259875

38-North Dakota,49-Utah,38-North Dakota/49-Utah,1-Truck,0.0996056,102.1845,1025.891115

38-North Dakota,50-Vermont,38-North Dakota/50-Vermont,1-Truck,0.0066393,10.5973,1596.147184

38-North Dakota,51-Virginia,38-North Dakota/51-Virginia,1-Truck,0.0822393,132.4402,1610.4247

38-North Dakota,53-Washington,38-North Dakota/53-Washington,1-Truck,0.114607,136.2323,1188.690918

38-North Dakota,54-West Virginia,38-North Dakota/54-West Virginia,1-Truck,0.0027876,3.6424,1306.643708

38-North Dakota,55-Wisconsin,38-North Dakota/55-Wisconsin,1-Truck,0.5544365,283.3187,511.0029733

38-North Dakota,56-Wyoming,38-North Dakota/56-Wyoming,1-Truck,0.1744031,96.8417,555.2751069

39-Ohio,01-Alabama,39-Ohio/01-Alabama,1-Truck,2.8652096,1844.3356,643.700063

39-Ohio,02-Alaska,39-Ohio/02-Alaska,1-Truck,0,0,-

39-Ohio,04-Arizona,39-Ohio/04-Arizona,1-Truck,0.4691958,920.9041,1962.72878

39-Ohio,05-Arkansas,39-Ohio/05-Arkansas,1-Truck,1.1199455,851.8851,760.6487101

39-Ohio,06-California,39-Ohio/06-California,1-Truck,7.151657,17377.0747,2429.796997

39-Ohio,08-Colorado,39-Ohio/08-Colorado,1-Truck,1.0014662,1322.5036,1320.567384

39-Ohio,09-Connecticut,39-Ohio/09-Connecticut,1-Truck,1.0409396,657.1509,631.3055051

39-Ohio,10-Delaware,39-Ohio/10-Delaware,1-Truck,0.3639017,184.3465,506.5832339

39-Ohio,11-Washington DC,39-Ohio/11-Washington DC,1-Truck,0.009621,3.9114,406.5481759

39-Ohio,12-Florida,39-Ohio/12-Florida,1-Truck,2.3358949,2369.5807,1014.42094

39-Ohio,13-Georgia,39-Ohio/13-Georgia,1-Truck,5.3224967,3295.321,619.1306798

39-Ohio,15-Hawaii,39-Ohio/15-Hawaii,1-Truck,0,0,-

39-Ohio,16-Idaho,39-Ohio/16-Idaho,1-Truck,0.1832931,350.9121,1914.486143

39-Ohio,17-Illinois,39-Ohio/17-Illinois,1-Truck,13.2405604,4866.758,367.5643517

39-Ohio,18-Indiana,39-Ohio/18-Indiana,1-Truck,40.2229118,7613.4474,189.2813588

39-Ohio,19-Iowa,39-Ohio/19-Iowa,1-Truck,3.4184907,1992.9972,583.0050086

39-Ohio,20-Kansas,39-Ohio/20-Kansas,1-Truck,1.3817185,1085.2239,785.4160598

39-Ohio,21-Kentucky,39-Ohio/21-Kentucky,1-Truck,20.5658695,4029.6699,195.9396805

39-Ohio,22-Louisiana,39-Ohio/22-Louisiana,1-Truck,1.0072681,1004.5433,997.2948612

39-Ohio,23-Maine,39-Ohio/23-Maine,1-Truck,0.3406212,300.5208,882.2727417

39-Ohio,24-Maryland,39-Ohio/24-Maryland,1-Truck,1.6806389,658.8666,392.0334106

39-Ohio,25-Massachusetts,39-Ohio/25-Massachusetts,1-Truck,3.1878978,2371.261,743.8321894

39-Ohio,26-Michigan,39-Ohio/26-Michigan,1-Truck,26.1012448,5597.274,214.4447149

39-Ohio,27-Minnesota,39-Ohio/27-Minnesota,1-Truck,1.8228913,1491.2582,818.073025

39-Ohio,28-Mississippi,39-Ohio/28-Mississippi,1-Truck,0.906588,679.6297,749.6566246

39-Ohio,29-Missouri,39-Ohio/29-Missouri,1-Truck,3.0823939,1776.6875,576.3985907

39-Ohio,30-Montana,39-Ohio/30-Montana,1-Truck,0.0625415,103.3884,1653.11673

39-Ohio,31-Nebraska,39-Ohio/31-Nebraska,1-Truck,0.816081,709.631,869.5595168

39-Ohio,32-Nevada,39-Ohio/32-Nevada,1-Truck,0.2000087,426.8069,2133.941674

39-Ohio,33-New Hampshire,39-Ohio/33-New Hampshire,1-Truck,0.2875835,220.958,768.3264165

39-Ohio,34-New Jersey,39-Ohio/34-New Jersey,1-Truck,3.116159,1674.0327,537.2102964

39-Ohio,35-New Mexico,39-Ohio/35-New Mexico,1-Truck,0.1307016,196.1752,1500.939545

39-Ohio,36-New York,39-Ohio/36-New York,1-Truck,7.8110088,3212.3648,411.2611933

39-Ohio,37-North Carolina,39-Ohio/37-North Carolina,1-Truck,4.4097631,2187.2996,496.0129491

39-Ohio,38-North Dakota,39-Ohio/38-North Dakota,1-Truck,0.5465589,649.9827,1189.227181

39-Ohio,39-Ohio,39-Ohio/39-Ohio,1-Truck,715.1997592,53783.4342,75.20057649

39-Ohio,40-Oklahoma,39-Ohio/40-Oklahoma,1-Truck,0.9881602,908.0784,918.9586871

39-Ohio,41-Oregon,39-Ohio/41-Oregon,1-Truck,0.4059668,954.1933,2350.422005

39-Ohio,42-Pennsylvania,39-Ohio/42-Pennsylvania,1-Truck,31.229104,7481.5333,239.5692589

39-Ohio,44-Rhode Island,39-Ohio/44-Rhode Island,1-Truck,0.2630392,190.245,723.2572179

39-Ohio,45-South Carolina,39-Ohio/45-South Carolina,1-Truck,2.287682,1309.307,572.3291087

39-Ohio,46-South Dakota,39-Ohio/46-South Dakota,1-Truck,0.3039743,288.4711,948.9983199

39-Ohio,47-Tennessee,39-Ohio/47-Tennessee,1-Truck,5.127195,2354.0971,459.1393735

39-Ohio,48-Texas,39-Ohio/48-Texas,1-Truck,6.7735194,8185.7494,1208.492796

39-Ohio,49-Utah,39-Ohio/49-Utah,1-Truck,0.477715,826.1981,1729.479083

39-Ohio,50-Vermont,39-Ohio/50-Vermont,1-Truck,0.1785652,131.8564,738.4215961

39-Ohio,51-Virginia,39-Ohio/51-Virginia,1-Truck,4.0687094,1750.1807,430.1562309

39-Ohio,53-Washington,39-Ohio/53-Washington,1-Truck,0.5357426,1283.8574,2396.407155

39-Ohio,54-West Virginia,39-Ohio/54-West Virginia,1-Truck,7.9711819,1722.2603,216.0608454

39-Ohio,55-Wisconsin,39-Ohio/55-Wisconsin,1-Truck,5.502393,2813.0694,511.2447257

39-Ohio,56-Wyoming,39-Ohio/56-Wyoming,1-Truck,0.1670015,241.9681,1448.897764

40-Oklahoma,01-Alabama,40-Oklahoma/01-Alabama,1-Truck,0.6570607,454.2443,691.3277571

40-Oklahoma,02-Alaska,40-Oklahoma/02-Alaska,1-Truck,0,0,-

40-Oklahoma,04-Arizona,40-Oklahoma/04-Arizona,1-Truck,0.3349215,328.3199,980.2891125

40-Oklahoma,05-Arkansas,40-Oklahoma/05-Arkansas,1-Truck,6.7528991,1651.0899,244.5008989

40-Oklahoma,06-California,40-Oklahoma/06-California,1-Truck,1.4775872,2164.4595,1464.860754

40-Oklahoma,08-Colorado,40-Oklahoma/08-Colorado,1-Truck,1.250288,819.2488,655.2480708

40-Oklahoma,09-Connecticut,40-Oklahoma/09-Connecticut,1-Truck,0.0403186,61.3212,1520.915905

40-Oklahoma,10-Delaware,40-Oklahoma/10-Delaware,1-Truck,0.0109713,16.0063,1458.924649

40-Oklahoma,11-Washington DC,40-Oklahoma/11-Washington DC,1-Truck,0.0004746,0.6192,1304.677623

40-Oklahoma,12-Florida,40-Oklahoma/12-Florida,1-Truck,0.580933,688.751,1185.594552

40-Oklahoma,13-Georgia,40-Oklahoma/13-Georgia,1-Truck,0.9815821,846.2947,862.174137

40-Oklahoma,15-Hawaii,40-Oklahoma/15-Hawaii,1-Truck,0,0,-

40-Oklahoma,16-Idaho,40-Oklahoma/16-Idaho,1-Truck,0.2015095,294.4319,1461.131609

40-Oklahoma,17-Illinois,40-Oklahoma/17-Illinois,1-Truck,1.5732103,1118.1297,710.7312354

40-Oklahoma,18-Indiana,40-Oklahoma/18-Indiana,1-Truck,0.673475,488.7144,725.6607892

40-Oklahoma,19-Iowa,40-Oklahoma/19-Iowa,1-Truck,0.9229307,516.2881,559.4007221

40-Oklahoma,20-Kansas,40-Oklahoma/20-Kansas,1-Truck,15.8660777,4172.1837,262.9625153

40-Oklahoma,21-Kentucky,40-Oklahoma/21-Kentucky,1-Truck,0.2822036,197.7405,700.7015502

40-Oklahoma,22-Louisiana,40-Oklahoma/22-Louisiana,1-Truck,0.9438284,479.9599,508.5245369

40-Oklahoma,23-Maine,40-Oklahoma/23-Maine,1-Truck,0.022603,41.4797,1835.141353

40-Oklahoma,24-Maryland,40-Oklahoma/24-Maryland,1-Truck,0.2127518,285.2037,1340.54659

40-Oklahoma,25-Massachusetts,40-Oklahoma/25-Massachusetts,1-Truck,0.07628,127.5456,1672.071316

40-Oklahoma,26-Michigan,40-Oklahoma/26-Michigan,1-Truck,0.4134746,414.809,1003.227284

40-Oklahoma,27-Minnesota,40-Oklahoma/27-Minnesota,1-Truck,0.5626039,438.7581,779.8703493

40-Oklahoma,28-Mississippi,40-Oklahoma/28-Mississippi,1-Truck,0.4416839,245.067,554.8470297

40-Oklahoma,29-Missouri,40-Oklahoma/29-Missouri,1-Truck,6.6283896,1958.6406,295.4926789

40-Oklahoma,30-Montana,40-Oklahoma/30-Montana,1-Truck,0.0747725,101.2488,1354.091411

40-Oklahoma,31-Nebraska,40-Oklahoma/31-Nebraska,1-Truck,1.2012703,574.9692,478.6343257

40-Oklahoma,32-Nevada,40-Oklahoma/32-Nevada,1-Truck,0.1052492,144.701,1374.841804

40-Oklahoma,33-New Hampshire,40-Oklahoma/33-New Hampshire,1-Truck,0.0245554,43.5318,1772.799466

40-Oklahoma,34-New Jersey,40-Oklahoma/34-New Jersey,1-Truck,0.3701956,558.2428,1507.96714

40-Oklahoma,35-New Mexico,40-Oklahoma/35-New Mexico,1-Truck,0.311702,167.628,537.7828824

40-Oklahoma,36-New York,40-Oklahoma/36-New York,1-Truck,0.4317293,609.5784,1411.945865

40-Oklahoma,37-North Carolina,40-Oklahoma/37-North Carolina,1-Truck,0.5632347,625.8313,1111.137684

40-Oklahoma,38-North Dakota,40-Oklahoma/38-North Dakota,1-Truck,0.267796,270.0542,1008.432538

40-Oklahoma,39-Ohio,40-Oklahoma/39-Ohio,1-Truck,0.9881602,908.0784,918.9586871

40-Oklahoma,40-Oklahoma,40-Oklahoma/40-Oklahoma,1-Truck,240.932677,19152.9846,79.49517201

40-Oklahoma,41-Oregon,40-Oklahoma/41-Oregon,1-Truck,0.2023577,394.9858,1951.918805

40-Oklahoma,42-Pennsylvania,40-Oklahoma/42-Pennsylvania,1-Truck,0.7120037,878.6941,1234.114514

40-Oklahoma,44-Rhode Island,40-Oklahoma/44-Rhode Island,1-Truck,0.0020594,3.4467,1673.642809

40-Oklahoma,45-South Carolina,40-Oklahoma/45-South Carolina,1-Truck,0.4728122,491.359,1039.226568

40-Oklahoma,46-South Dakota,40-Oklahoma/46-South Dakota,1-Truck,0.0581486,39.6729,682.2675009

40-Oklahoma,47-Tennessee,40-Oklahoma/47-Tennessee,1-Truck,1.5255853,1095.5592,718.1238571

40-Oklahoma,48-Texas,40-Oklahoma/48-Texas,1-Truck,35.97982,11524.6826,320.3096236

40-Oklahoma,49-Utah,40-Oklahoma/49-Utah,1-Truck,0.1497362,171.7324,1146.899681

40-Oklahoma,50-Vermont,40-Oklahoma/50-Vermont,1-Truck,0.0065253,10.6872,1637.809756

40-Oklahoma,51-Virginia,40-Oklahoma/51-Virginia,1-Truck,0.3048918,364.4679,1195.400795

40-Oklahoma,53-Washington,40-Oklahoma/53-Washington,1-Truck,0.2498641,489.2014,1957.869898

40-Oklahoma,54-West Virginia,40-Oklahoma/54-West Virginia,1-Truck,0.0531516,56.9805,1072.037342

40-Oklahoma,55-Wisconsin,40-Oklahoma/55-Wisconsin,1-Truck,0.6084986,515.1764,846.6353086

40-Oklahoma,56-Wyoming,40-Oklahoma/56-Wyoming,1-Truck,0.0926938,87.8113,947.3265742

41-Oregon,01-Alabama,41-Oregon/01-Alabama,1-Truck,0.164304,416.9885,2537.908389

41-Oregon,02-Alaska,41-Oregon/02-Alaska,1-Truck,0,0,-

41-Oregon,04-Arizona,41-Oregon/04-Arizona,1-Truck,0.6659545,853.7761,1282.033682

41-Oregon,05-Arkansas,41-Oregon/05-Arkansas,1-Truck,0.1138604,245.5207,2156.33091

41-Oregon,06-California,41-Oregon/06-California,1-Truck,11.7947194,6836.7642,579.6461932

41-Oregon,08-Colorado,41-Oregon/08-Colorado,1-Truck,0.6245652,738.1908,1181.927523

41-Oregon,09-Connecticut,41-Oregon/09-Connecticut,1-Truck,0.0669023,199.6325,2983.940761

41-Oregon,10-Delaware,41-Oregon/10-Delaware,1-Truck,0.0084646,25.2614,2984.358387

41-Oregon,11-Washington DC,41-Oregon/11-Washington DC,1-Truck,0.0073095,21.0992,2886.544907

41-Oregon,12-Florida,41-Oregon/12-Florida,1-Truck,0.3522079,1038.0487,2947.261262

41-Oregon,13-Georgia,41-Oregon/13-Georgia,1-Truck,0.2478467,645.8889,2606.001613

41-Oregon,15-Hawaii,41-Oregon/15-Hawaii,1-Truck,0,0,-

41-Oregon,16-Idaho,41-Oregon/16-Idaho,1-Truck,3.0494383,1182.5701,387.7993203

41-Oregon,17-Illinois,41-Oregon/17-Illinois,1-Truck,0.6962416,1423.752,2044.910847

41-Oregon,18-Indiana,41-Oregon/18-Indiana,1-Truck,0.2855039,641.0919,2245.475106

41-Oregon,19-Iowa,41-Oregon/19-Iowa,1-Truck,0.2811808,482.4349,1715.746239

41-Oregon,20-Kansas,41-Oregon/20-Kansas,1-Truck,0.1181655,199.5442,1688.684091

41-Oregon,21-Kentucky,41-Oregon/21-Kentucky,1-Truck,0.09855,231.6234,2350.313546

41-Oregon,22-Louisiana,41-Oregon/22-Louisiana,1-Truck,0.1041235,255.4588,2453.421178

41-Oregon,23-Maine,41-Oregon/23-Maine,1-Truck,0.0391712,125.0117,3191.418695

41-Oregon,24-Maryland,41-Oregon/24-Maryland,1-Truck,0.0820685,230.2109,2805.10671

41-Oregon,25-Massachusetts,41-Oregon/25-Massachusetts,1-Truck,0.0551913,172.1707,3119.526085

41-Oregon,26-Michigan,41-Oregon/26-Michigan,1-Truck,0.2168932,490.7388,2262.58269

41-Oregon,27-Minnesota,41-Oregon/27-Minnesota,1-Truck,0.7513786,1280.5684,1704.291818

41-Oregon,28-Mississippi,41-Oregon/28-Mississippi,1-Truck,0.0782673,193.4553,2471.72574

41-Oregon,29-Missouri,41-Oregon/29-Missouri,1-Truck,0.2771428,525.8303,1897.326216

41-Oregon,30-Montana,41-Oregon/30-Montana,1-Truck,0.5484023,354.3212,646.0972173

41-Oregon,31-Nebraska,41-Oregon/31-Nebraska,1-Truck,0.1900892,290.5834,1528.668646

41-Oregon,32-Nevada,41-Oregon/32-Nevada,1-Truck,0.7919889,503.2478,635.4227944

41-Oregon,33-New Hampshire,41-Oregon/33-New Hampshire,1-Truck,0.0364226,112.5534,3090.207728

41-Oregon,34-New Jersey,41-Oregon/34-New Jersey,1-Truck,0.1625554,476.1773,2929.323172

41-Oregon,35-New Mexico,41-Oregon/35-New Mexico,1-Truck,0.036894,48.6912,1319.75931

41-Oregon,36-New York,41-Oregon/36-New York,1-Truck,0.417445,1170.0157,2802.802046

41-Oregon,37-North Carolina,41-Oregon/37-North Carolina,1-Truck,0.2638274,731.0978,2771.121574

41-Oregon,38-North Dakota,41-Oregon/38-North Dakota,1-Truck,0.0906985,122.2735,1348.131446

41-Oregon,39-Ohio,41-Oregon/39-Ohio,1-Truck,0.4059668,954.1933,2350.422005

41-Oregon,40-Oklahoma,41-Oregon/40-Oklahoma,1-Truck,0.2023577,394.9858,1951.918805

41-Oregon,41-Oregon,41-Oregon/41-Oregon,1-Truck,266.3224738,25654.4752,96.32861558

41-Oregon,42-Pennsylvania,41-Oregon/42-Pennsylvania,1-Truck,0.3974599,1082.2273,2722.859086

41-Oregon,44-Rhode Island,41-Oregon/44-Rhode Island,1-Truck,0.0101941,31.7099,3110.613002

41-Oregon,45-South Carolina,41-Oregon/45-South Carolina,1-Truck,0.2163166,612.4757,2831.385571

41-Oregon,46-South Dakota,41-Oregon/46-South Dakota,1-Truck,0.0431998,55.8389,1292.573114

41-Oregon,47-Tennessee,41-Oregon/47-Tennessee,1-Truck,0.186119,448.7884,2411.298148

41-Oregon,48-Texas,41-Oregon/48-Texas,1-Truck,0.8446643,1752.7034,2075.029571

41-Oregon,49-Utah,41-Oregon/49-Utah,1-Truck,1.0598254,762.3938,719.3579244

41-Oregon,50-Vermont,41-Oregon/50-Vermont,1-Truck,0.0302114,91.5741,3031.110773

41-Oregon,51-Virginia,41-Oregon/51-Virginia,1-Truck,0.1220708,341.9384,2801.148186

41-Oregon,53-Washington,41-Oregon/53-Washington,1-Truck,28.7717816,5997.0203,208.4340964

41-Oregon,54-West Virginia,41-Oregon/54-West Virginia,1-Truck,0.0117688,29.8904,2539.80015

41-Oregon,55-Wisconsin,41-Oregon/55-Wisconsin,1-Truck,0.3632212,710.4967,1956.099203

41-Oregon,56-Wyoming,41-Oregon/56-Wyoming,1-Truck,0.0809903,80.8717,998.5356271

42-Pennsylvania,01-Alabama,42-Pennsylvania/01-Alabama,1-Truck,1.628367,1373.0581,843.2116961

42-Pennsylvania,02-Alaska,42-Pennsylvania/02-Alaska,1-Truck,0,0,-

42-Pennsylvania,04-Arizona,42-Pennsylvania/04-Arizona,1-Truck,0.2842288,668.203,2350.933473

42-Pennsylvania,05-Arkansas,42-Pennsylvania/05-Arkansas,1-Truck,0.8999085,932.0373,1035.702296

42-Pennsylvania,06-California,42-Pennsylvania/06-California,1-Truck,2.8486029,7668.6549,2692.075789

42-Pennsylvania,08-Colorado,42-Pennsylvania/08-Colorado,1-Truck,0.5624212,933.9154,1660.526666

42-Pennsylvania,09-Connecticut,42-Pennsylvania/09-Connecticut,1-Truck,4.3160541,1072.3453,248.4550182

42-Pennsylvania,10-Delaware,42-Pennsylvania/10-Delaware,1-Truck,7.9839504,974.3241,122.0353398

42-Pennsylvania,11-Washington DC,42-Pennsylvania/11-Washington DC,1-Truck,0.268333,44.7574,166.7979712

42-Pennsylvania,12-Florida,42-Pennsylvania/12-Florida,1-Truck,3.4917612,3703.6196,1060.673794

42-Pennsylvania,13-Georgia,42-Pennsylvania/13-Georgia,1-Truck,4.3154876,3230.1933,748.5117788

42-Pennsylvania,15-Hawaii,42-Pennsylvania/15-Hawaii,1-Truck,0,0,-

42-Pennsylvania,16-Idaho,42-Pennsylvania/16-Idaho,1-Truck,0.2741613,625.09,2280.008156

42-Pennsylvania,17-Illinois,42-Pennsylvania/17-Illinois,1-Truck,6.2985456,4238.4328,672.9224601

42-Pennsylvania,18-Indiana,42-Pennsylvania/18-Indiana,1-Truck,5.7349068,2814.8479,490.8271395

42-Pennsylvania,19-Iowa,42-Pennsylvania/19-Iowa,1-Truck,1.1489089,1077.3505,937.7162106

42-Pennsylvania,20-Kansas,42-Pennsylvania/20-Kansas,1-Truck,1.0046481,1099.7412,1094.653143

42-Pennsylvania,21-Kentucky,42-Pennsylvania/21-Kentucky,1-Truck,2.7039482,1403.3399,518.9965917

42-Pennsylvania,22-Louisiana,42-Pennsylvania/22-Louisiana,1-Truck,0.5275231,652.6626,1237.220891

42-Pennsylvania,23-Maine,42-Pennsylvania/23-Maine,1-Truck,1.6593797,868.0336,523.1072792

42-Pennsylvania,24-Maryland,42-Pennsylvania/24-Maryland,1-Truck,20.5198915,3270.5195,159.3828847

42-Pennsylvania,25-Massachusetts,42-Pennsylvania/25-Massachusetts,1-Truck,3.7347147,1392.202,372.7733205

42-Pennsylvania,26-Michigan,42-Pennsylvania/26-Michigan,1-Truck,4.8616489,2329.4526,479.1486691

42-Pennsylvania,27-Minnesota,42-Pennsylvania/27-Minnesota,1-Truck,1.0290247,1201.6545,1167.760599

42-Pennsylvania,28-Mississippi,42-Pennsylvania/28-Mississippi,1-Truck,0.5469476,563.5604,1030.373659

42-Pennsylvania,29-Missouri,42-Pennsylvania/29-Missouri,1-Truck,2.0712635,1907.4604,920.9163392

42-Pennsylvania,30-Montana,42-Pennsylvania/30-Montana,1-Truck,0.0446423,91.2517,2044.06359

42-Pennsylvania,31-Nebraska,42-Pennsylvania/31-Nebraska,1-Truck,0.3940706,481.8115,1222.652743

42-Pennsylvania,32-Nevada,42-Pennsylvania/32-Nevada,1-Truck,0.2193747,538.7296,2455.750823

42-Pennsylvania,33-New Hampshire,42-Pennsylvania/33-New Hampshire,1-Truck,0.7479133,316.3876,423.0271076

42-Pennsylvania,34-New Jersey,42-Pennsylvania/34-New Jersey,1-Truck,47.0310224,4994.1876,106.1892203

42-Pennsylvania,35-New Mexico,42-Pennsylvania/35-New Mexico,1-Truck,0.1296867,233.8651,1803.308281

42-Pennsylvania,36-New York,42-Pennsylvania/36-New York,1-Truck,37.1044947,7552.8003,203.554862

42-Pennsylvania,37-North Carolina,42-Pennsylvania/37-North Carolina,1-Truck,4.8985032,2344.0325,478.5201528

42-Pennsylvania,38-North Dakota,42-Pennsylvania/38-North Dakota,1-Truck,0.0923939,140.5811,1521.540924

42-Pennsylvania,39-Ohio,42-Pennsylvania/39-Ohio,1-Truck,31.229104,7481.5333,239.5692589

42-Pennsylvania,40-Oklahoma,42-Pennsylvania/40-Oklahoma,1-Truck,0.7120037,878.6941,1234.114514

42-Pennsylvania,41-Oregon,42-Pennsylvania/41-Oregon,1-Truck,0.3974599,1082.2273,2722.859086

42-Pennsylvania,42-Pennsylvania,42-Pennsylvania/42-Pennsylvania,1-Truck,593.8111464,49137.8484,82.74995964

42-Pennsylvania,44-Rhode Island,42-Pennsylvania/44-Rhode Island,1-Truck,0.4449703,153.0711,344.0029593

42-Pennsylvania,45-South Carolina,42-Pennsylvania/45-South Carolina,1-Truck,2.2243024,1365.5393,613.9180086

42-Pennsylvania,46-South Dakota,42-Pennsylvania/46-South Dakota,1-Truck,0.1320627,171.9188,1301.796798

42-Pennsylvania,47-Tennessee,42-Pennsylvania/47-Tennessee,1-Truck,2.7168536,1818.8091,669.4542172

42-Pennsylvania,48-Texas,42-Pennsylvania/48-Texas,1-Truck,4.3030155,6531.5793,1517.907454

42-Pennsylvania,49-Utah,42-Pennsylvania/49-Utah,1-Truck,0.497942,1030.4263,2069.370127

42-Pennsylvania,50-Vermont,42-Pennsylvania/50-Vermont,1-Truck,0.5522865,218.5846,395.7811752

42-Pennsylvania,51-Virginia,42-Pennsylvania/51-Virginia,1-Truck,11.1418984,3058.4314,274.4982309

42-Pennsylvania,53-Washington,42-Pennsylvania/53-Washington,1-Truck,0.5161495,1401.7338,2715.751541

42-Pennsylvania,54-West Virginia,42-Pennsylvania/54-West Virginia,1-Truck,8.7403665,1776.2607,203.2249677

42-Pennsylvania,55-Wisconsin,42-Pennsylvania/55-Wisconsin,1-Truck,2.5904083,2180.0706,841.5934276

42-Pennsylvania,56-Wyoming,42-Pennsylvania/56-Wyoming,1-Truck,0.2595406,464.7981,1790.849293

44-Rhode Island,01-Alabama,44-Rhode Island/01-Alabama,1-Truck,0.0476107,56.7881,1192.759191

44-Rhode Island,02-Alaska,44-Rhode Island/02-Alaska,1-Truck,0,0,-

44-Rhode Island,04-Arizona,44-Rhode Island/04-Arizona,1-Truck,0.0253552,68.1587,2688.154698

44-Rhode Island,05-Arkansas,44-Rhode Island/05-Arkansas,1-Truck,0.0121357,17.4502,1437.922823

44-Rhode Island,06-California,44-Rhode Island/06-California,1-Truck,0.0676794,209.7199,3098.725757

44-Rhode Island,08-Colorado,44-Rhode Island/08-Colorado,1-Truck,0.0161024,32.6563,2028.039298

44-Rhode Island,09-Connecticut,44-Rhode Island/09-Connecticut,1-Truck,2.1967542,170.0577,77.41316712

44-Rhode Island,10-Delaware,44-Rhode Island/10-Delaware,1-Truck,0.0178517,5.7485,322.0141499

44-Rhode Island,11-Washington DC,44-Rhode Island/11-Washington DC,1-Truck,0.0024606,1.1143,452.8570267

44-Rhode Island,12-Florida,44-Rhode Island/12-Florida,1-Truck,0.0744134,105.5695,1418.689376

44-Rhode Island,13-Georgia,44-Rhode Island/13-Georgia,1-Truck,0.0571999,63.0668,1102.568361

44-Rhode Island,15-Hawaii,44-Rhode Island/15-Hawaii,1-Truck,0,0,-

44-Rhode Island,16-Idaho,44-Rhode Island/16-Idaho,1-Truck,0.0017422,4.7042,2700.149237

44-Rhode Island,17-Illinois,44-Rhode Island/17-Illinois,1-Truck,0.0685577,72.1334,1052.156067

44-Rhode Island,18-Indiana,44-Rhode Island/18-Indiana,1-Truck,0.0355723,33.2504,934.7273019

44-Rhode Island,19-Iowa,44-Rhode Island/19-Iowa,1-Truck,0.0225317,30.3114,1345.277986

44-Rhode Island,20-Kansas,44-Rhode Island/20-Kansas,1-Truck,0.0189037,27.8854,1475.129208

44-Rhode Island,21-Kentucky,44-Rhode Island/21-Kentucky,1-Truck,0.0325428,31.9798,982.6997062

44-Rhode Island,22-Louisiana,44-Rhode Island/22-Louisiana,1-Truck,0.0175542,28.3176,1613.152408

44-Rhode Island,23-Maine,44-Rhode Island/23-Maine,1-Truck,0.340725,77.6775,227.9771076

44-Rhode Island,24-Maryland,44-Rhode Island/24-Maryland,1-Truck,0.0996231,39.9513,401.0244612

44-Rhode Island,25-Massachusetts,44-Rhode Island/25-Massachusetts,1-Truck,9.8307129,586.0208,59.61122107

44-Rhode Island,26-Michigan,44-Rhode Island/26-Michigan,1-Truck,0.0479135,42.6221,889.5634842

44-Rhode Island,27-Minnesota,44-Rhode Island/27-Minnesota,1-Truck,0.0596873,92.7757,1554.362486

44-Rhode Island,28-Mississippi,44-Rhode Island/28-Mississippi,1-Truck,0.0046512,6.562,1410.818713

44-Rhode Island,29-Missouri,44-Rhode Island/29-Missouri,1-Truck,0.0227295,28.2716,1243.828505

44-Rhode Island,30-Montana,44-Rhode Island/30-Montana,1-Truck,0.0002056,0.4971,2417.801556

44-Rhode Island,31-Nebraska,44-Rhode Island/31-Nebraska,1-Truck,0.0280912,43.6325,1553.244432

44-Rhode Island,32-Nevada,44-Rhode Island/32-Nevada,1-Truck,0.0018281,5.2505,2872.107653

44-Rhode Island,33-New Hampshire,44-Rhode Island/33-New Hampshire,1-Truck,0.495242,60.8013,122.7708878

44-Rhode Island,34-New Jersey,44-Rhode Island/34-New Jersey,1-Truck,0.3674685,80.2736,218.4502889

44-Rhode Island,35-New Mexico,44-Rhode Island/35-New Mexico,1-Truck,0.0090888,20.581,2264.435349

44-Rhode Island,36-New York,44-Rhode Island/36-New York,1-Truck,0.8551093,199.9652,233.8475327

44-Rhode Island,37-North Carolina,44-Rhode Island/37-North Carolina,1-Truck,0.10329,81.7875,791.8239907

44-Rhode Island,38-North Dakota,44-Rhode Island/38-North Dakota,1-Truck,0.001872,3.6259,1936.912393

44-Rhode Island,39-Ohio,44-Rhode Island/39-Ohio,1-Truck,0.2630392,190.245,723.2572179

44-Rhode Island,40-Oklahoma,44-Rhode Island/40-Oklahoma,1-Truck,0.0020594,3.4467,1673.642809

44-Rhode Island,41-Oregon,44-Rhode Island/41-Oregon,1-Truck,0.0101941,31.7099,3110.613002

44-Rhode Island,42-Pennsylvania,44-Rhode Island/42-Pennsylvania,1-Truck,0.4449703,153.0711,344.0029593

44-Rhode Island,44-Rhode Island,44-Rhode Island/44-Rhode Island,1-Truck,29.7671316,520.7322,17.49352968

44-Rhode Island,45-South Carolina,44-Rhode Island/45-South Carolina,1-Truck,0.0543371,51.341,944.8608777

44-Rhode Island,46-South Dakota,44-Rhode Island/46-South Dakota,1-Truck,0.0013086,2.2078,1687.146569

44-Rhode Island,47-Tennessee,44-Rhode Island/47-Tennessee,1-Truck,0.0615162,72.3667,1176.384432

44-Rhode Island,48-Texas,44-Rhode Island/48-Texas,1-Truck,0.2201458,468.3023,2127.23704

44-Rhode Island,49-Utah,44-Rhode Island/49-Utah,1-Truck,0.0152524,37.6172,2466.313498

44-Rhode Island,50-Vermont,44-Rhode Island/50-Vermont,1-Truck,0.1518746,35.1001,231.1123782

44-Rhode Island,51-Virginia,44-Rhode Island/51-Virginia,1-Truck,0.1192448,72.8625,611.0329339

44-Rhode Island,53-Washington,44-Rhode Island/53-Washington,1-Truck,0.0075337,23.1713,3075.686582

44-Rhode Island,54-West Virginia,44-Rhode Island/54-West Virginia,1-Truck,0.0148857,9.9525,668.5946915

44-Rhode Island,55-Wisconsin,44-Rhode Island/55-Wisconsin,1-Truck,0.033995,40.1393,1180.741285

44-Rhode Island,56-Wyoming,44-Rhode Island/56-Wyoming,1-Truck,0.0009693,1.9905,2053.543794

45-South Carolina,01-Alabama,45-South Carolina/01-Alabama,1-Truck,2.8284778,1110.9425,392.7704506

45-South Carolina,02-Alaska,45-South Carolina/02-Alaska,1-Truck,0,0,-

45-South Carolina,04-Arizona,45-South Carolina/04-Arizona,1-Truck,0.2046968,421.4886,2059.087392

45-South Carolina,05-Arkansas,45-South Carolina/05-Arkansas,1-Truck,0.599756,473.3837,789.2938128

45-South Carolina,06-California,45-South Carolina/06-California,1-Truck,1.1477098,2892.3558,2520.110746

45-South Carolina,08-Colorado,45-South Carolina/08-Colorado,1-Truck,0.1550437,253.432,1634.584314

45-South Carolina,09-Connecticut,45-South Carolina/09-Connecticut,1-Truck,0.234889,201.2524,856.7978918

45-South Carolina,10-Delaware,45-South Carolina/10-Delaware,1-Truck,0.1797893,106.2157,590.7787616

45-South Carolina,11-Washington DC,45-South Carolina/11-Washington DC,1-Truck,0.0265917,12.3211,463.3438253

45-South Carolina,12-Florida,45-South Carolina/12-Florida,1-Truck,4.1620922,1790.6486,430.2279993

45-South Carolina,13-Georgia,45-South Carolina/13-Georgia,1-Truck,17.998988,3519.2651,195.5257207

45-South Carolina,15-Hawaii,45-South Carolina/15-Hawaii,1-Truck,0,0,-

45-South Carolina,16-Idaho,45-South Carolina/16-Idaho,1-Truck,0.0795177,186.2197,2341.864767

45-South Carolina,17-Illinois,45-South Carolina/17-Illinois,1-Truck,1.6899372,1338.1471,791.8324421

45-South Carolina,18-Indiana,45-South Carolina/18-Indiana,1-Truck,1.2657588,790.115,624.2224032

45-South Carolina,19-Iowa,45-South Carolina/19-Iowa,1-Truck,0.3508179,372.4765,1061.737443

45-South Carolina,20-Kansas,45-South Carolina/20-Kansas,1-Truck,0.1352917,150.7303,1114.11343

45-South Carolina,21-Kentucky,45-South Carolina/21-Kentucky,1-Truck,1.6037485,700.1917,436.5969477

45-South Carolina,22-Louisiana,45-South Carolina/22-Louisiana,1-Truck,0.8291671,646.1491,779.2748892

45-South Carolina,23-Maine,45-South Carolina/23-Maine,1-Truck,0.1147702,134.8597,1175.041082

45-South Carolina,24-Maryland,45-South Carolina/24-Maryland,1-Truck,0.692839,351.7253,507.6580562

45-South Carolina,25-Massachusetts,45-South Carolina/25-Massachusetts,1-Truck,0.3382919,335.002,990.2749667

45-South Carolina,26-Michigan,45-South Carolina/26-Michigan,1-Truck,1.0836473,867.9255,800.9298782

45-South Carolina,27-Minnesota,45-South Carolina/27-Minnesota,1-Truck,0.4438965,584.7676,1317.351229

45-South Carolina,28-Mississippi,45-South Carolina/28-Mississippi,1-Truck,0.7380849,412.9768,559.5247918

45-South Carolina,29-Missouri,45-South Carolina/29-Missouri,1-Truck,0.5236549,446.0358,851.7743269

45-South Carolina,30-Montana,45-South Carolina/30-Montana,1-Truck,0.0549359,114.6804,2087.531104

45-South Carolina,31-Nebraska,45-South Carolina/31-Nebraska,1-Truck,0.093845,121.7144,1296.972668

45-South Carolina,32-Nevada,45-South Carolina/32-Nevada,1-Truck,0.0656809,151.2947,2303.480921

45-South Carolina,33-New Hampshire,45-South Carolina/33-New Hampshire,1-Truck,0.0947372,98.4233,1038.908686

45-South Carolina,34-New Jersey,45-South Carolina/34-New Jersey,1-Truck,0.6789456,473.9893,698.1255936

45-South Carolina,35-New Mexico,45-South Carolina/35-New Mexico,1-Truck,0.023356,37.2709,1595.774105

45-South Carolina,36-New York,45-South Carolina/36-New York,1-Truck,1.1402601,899.7875,789.1072397

45-South Carolina,37-North Carolina,45-South Carolina/37-North Carolina,1-Truck,27.2139099,4656.4245,171.1045755

45-South Carolina,38-North Dakota,45-South Carolina/38-North Dakota,1-Truck,0.0495906,84.1271,1696.432388

45-South Carolina,39-Ohio,45-South Carolina/39-Ohio,1-Truck,2.287682,1309.307,572.3291087

45-South Carolina,40-Oklahoma,45-South Carolina/40-Oklahoma,1-Truck,0.4728122,491.359,1039.226568

45-South Carolina,41-Oregon,45-South Carolina/41-Oregon,1-Truck,0.2163166,612.4757,2831.385571

45-South Carolina,42-Pennsylvania,45-South Carolina/42-Pennsylvania,1-Truck,2.2243024,1365.5393,613.9180086

45-South Carolina,44-Rhode Island,45-South Carolina/44-Rhode Island,1-Truck,0.0543371,51.341,944.8608777

45-South Carolina,45-South Carolina,45-South Carolina/45-South Carolina,1-Truck,274.6682638,20352.6658,74.09908054

45-South Carolina,46-South Dakota,45-South Carolina/46-South Dakota,1-Truck,0.0282612,39.5943,1401.012696

45-South Carolina,47-Tennessee,45-South Carolina/47-Tennessee,1-Truck,5.4257188,1896.4284,349.5257439

45-South Carolina,48-Texas,45-South Carolina/48-Texas,1-Truck,2.1905293,2381.9457,1087.383629

45-South Carolina,49-Utah,45-South Carolina/49-Utah,1-Truck,0.189809,385.6496,2031.777208

45-South Carolina,50-Vermont,45-South Carolina/50-Vermont,1-Truck,0.0358741,36.1569,1007.883125

45-South Carolina,51-Virginia,45-South Carolina/51-Virginia,1-Truck,2.6940024,897.2553,333.0566075

45-South Carolina,53-Washington,45-South Carolina/53-Washington,1-Truck,0.1754395,505.5292,2881.5016

45-South Carolina,54-West Virginia,45-South Carolina/54-West Virginia,1-Truck,0.3851298,168.3688,437.1741683

45-South Carolina,55-Wisconsin,45-South Carolina/55-Wisconsin,1-Truck,1.0234927,1031.0427,1007.376701

45-South Carolina,56-Wyoming,45-South Carolina/56-Wyoming,1-Truck,0.0261655,47.843,1828.476429

46-South Dakota,01-Alabama,46-South Dakota/01-Alabama,1-Truck,0.0172826,21.426,1239.74402

46-South Dakota,02-Alaska,46-South Dakota/02-Alaska,1-Truck,0,0,-

46-South Dakota,04-Arizona,46-South Dakota/04-Arizona,1-Truck,0.0340056,50.0056,1470.510739

46-South Dakota,05-Arkansas,46-South Dakota/05-Arkansas,1-Truck,0.0602169,46.4358,771.1423205

46-South Dakota,06-California,46-South Dakota/06-California,1-Truck,0.3904221,574.2506,1470.845528

46-South Dakota,08-Colorado,46-South Dakota/08-Colorado,1-Truck,0.439484,223.8332,509.3090989

46-South Dakota,09-Connecticut,46-South Dakota/09-Connecticut,1-Truck,0.0321317,51.0189,1587.805812

46-South Dakota,10-Delaware,46-South Dakota/10-Delaware,1-Truck,0.003745,5.5817,1490.440587

46-South Dakota,11-Washington DC,46-South Dakota/11-Washington DC,1-Truck,0.0000547,0.0778,1422.303473

46-South Dakota,12-Florida,46-South Dakota/12-Florida,1-Truck,0.0420123,69.7434,1660.070979

46-South Dakota,13-Georgia,46-South Dakota/13-Georgia,1-Truck,0.1586928,204.6338,1289.496436

46-South Dakota,15-Hawaii,46-South Dakota/15-Hawaii,1-Truck,0,0,-

46-South Dakota,16-Idaho,46-South Dakota/16-Idaho,1-Truck,0.0784798,70.5668,899.1715066

46-South Dakota,17-Illinois,46-South Dakota/17-Illinois,1-Truck,0.560016,365.9433,653.4515085

46-South Dakota,18-Indiana,46-South Dakota/18-Indiana,1-Truck,0.1545059,124.5817,806.3232537

46-South Dakota,19-Iowa,46-South Dakota/19-Iowa,1-Truck,8.7317204,2866.0474,328.233987

46-South Dakota,20-Kansas,46-South Dakota/20-Kansas,1-Truck,0.5459725,279.8994,512.6620846

46-South Dakota,21-Kentucky,46-South Dakota/21-Kentucky,1-Truck,0.0811713,78.5933,968.240006

46-South Dakota,22-Louisiana,46-South Dakota/22-Louisiana,1-Truck,0.0232355,27.7588,1194.671946

46-South Dakota,23-Maine,46-South Dakota/23-Maine,1-Truck,0.0073013,13.0197,1783.202991

46-South Dakota,24-Maryland,46-South Dakota/24-Maryland,1-Truck,0.0090784,12.7978,1409.697744

46-South Dakota,25-Massachusetts,46-South Dakota/25-Massachusetts,1-Truck,0.0254599,42.2355,1658.902824

46-South Dakota,26-Michigan,46-South Dakota/26-Michigan,1-Truck,0.1452054,116.6742,803.5114397

46-South Dakota,27-Minnesota,46-South Dakota/27-Minnesota,1-Truck,7.4853398,2126.8418,284.1343021

46-South Dakota,28-Mississippi,46-South Dakota/28-Mississippi,1-Truck,0.0562313,60.7923,1081.111409

46-South Dakota,29-Missouri,46-South Dakota/29-Missouri,1-Truck,0.2307038,122.0882,529.1989122

46-South Dakota,30-Montana,46-South Dakota/30-Montana,1-Truck,0.699682,295.0232,421.6532653

46-South Dakota,31-Nebraska,46-South Dakota/31-Nebraska,1-Truck,8.3698334,2548.0284,304.4300022

46-South Dakota,32-Nevada,46-South Dakota/32-Nevada,1-Truck,0.0145225,19.0123,1309.161646

46-South Dakota,33-New Hampshire,46-South Dakota/33-New Hampshire,1-Truck,0.0067347,11.2776,1674.551205

46-South Dakota,34-New Jersey,46-South Dakota/34-New Jersey,1-Truck,0.0344067,51.3605,1492.747052

46-South Dakota,35-New Mexico,46-South Dakota/35-New Mexico,1-Truck,0.0063614,5.7824,908.9822995

46-South Dakota,36-New York,46-South Dakota/36-New York,1-Truck,0.0482558,67.5791,1400.434766

46-South Dakota,37-North Carolina,46-South Dakota/37-North Carolina,1-Truck,0.0820506,119.2983,1453.960117

46-South Dakota,38-North Dakota,46-South Dakota/38-North Dakota,1-Truck,10.3191518,3402.3519,329.7123607

46-South Dakota,39-Ohio,46-South Dakota/39-Ohio,1-Truck,0.3039743,288.4711,948.9983199

46-South Dakota,40-Oklahoma,46-South Dakota/40-Oklahoma,1-Truck,0.0581486,39.6729,682.2675009

46-South Dakota,41-Oregon,46-South Dakota/41-Oregon,1-Truck,0.0431998,55.8389,1292.573114

46-South Dakota,42-Pennsylvania,46-South Dakota/42-Pennsylvania,1-Truck,0.1320627,171.9188,1301.796798

46-South Dakota,44-Rhode Island,46-South Dakota/44-Rhode Island,1-Truck,0.0013086,2.2078,1687.146569

46-South Dakota,45-South Carolina,46-South Dakota/45-South Carolina,1-Truck,0.0282612,39.5943,1401.012696

46-South Dakota,46-South Dakota,46-South Dakota/46-South Dakota,1-Truck,167.86853,24153.6398,143.8842635

46-South Dakota,47-Tennessee,46-South Dakota/47-Tennessee,1-Truck,0.1700832,166.6546,979.8416304

46-South Dakota,48-Texas,46-South Dakota/48-Texas,1-Truck,0.3790291,388.9937,1026.289802

46-South Dakota,49-Utah,46-South Dakota/49-Utah,1-Truck,0.1565999,127.204,812.2865979

46-South Dakota,50-Vermont,46-South Dakota/50-Vermont,1-Truck,0.0030453,4.9095,1612.156438

46-South Dakota,51-Virginia,46-South Dakota/51-Virginia,1-Truck,0.0567297,79.5771,1402.741421

46-South Dakota,53-Washington,46-South Dakota/53-Washington,1-Truck,0.0701055,92.727,1322.677964

46-South Dakota,54-West Virginia,46-South Dakota/54-West Virginia,1-Truck,0.0042126,4.9834,1182.974885

46-South Dakota,55-Wisconsin,46-South Dakota/55-Wisconsin,1-Truck,0.6637646,303.8767,457.8079337

46-South Dakota,56-Wyoming,46-South Dakota/56-Wyoming,1-Truck,0.958832,208.3791,217.3259758

47-Tennessee,01-Alabama,47-Tennessee/01-Alabama,1-Truck,14.0295702,3218.3468,229.3973909

47-Tennessee,02-Alaska,47-Tennessee/02-Alaska,1-Truck,0,0,-

47-Tennessee,04-Arizona,47-Tennessee/04-Arizona,1-Truck,0.3060709,485.6694,1586.787244

47-Tennessee,05-Arkansas,47-Tennessee/05-Arkansas,1-Truck,8.5305009,1998.3389,234.2580961

47-Tennessee,06-California,47-Tennessee/06-California,1-Truck,2.2483048,4579.8254,2037.012686

47-Tennessee,08-Colorado,47-Tennessee/08-Colorado,1-Truck,0.2900155,352.8262,1216.577045

47-Tennessee,09-Connecticut,47-Tennessee/09-Connecticut,1-Truck,0.218498,220.4312,1008.847678

47-Tennessee,10-Delaware,47-Tennessee/10-Delaware,1-Truck,0.1187682,81.5138,686.3268114

47-Tennessee,11-Washington DC,47-Tennessee/11-Washington DC,1-Truck,0.0034138,2.2203,650.3895952

47-Tennessee,12-Florida,47-Tennessee/12-Florida,1-Truck,2.7240832,1803.8856,662.1991575

47-Tennessee,13-Georgia,47-Tennessee/13-Georgia,1-Truck,17.752617,4961.9042,279.5026897

47-Tennessee,15-Hawaii,47-Tennessee/15-Hawaii,1-Truck,0,0,-

47-Tennessee,16-Idaho,47-Tennessee/16-Idaho,1-Truck,0.15413,298.5137,1936.765717

47-Tennessee,17-Illinois,47-Tennessee/17-Illinois,1-Truck,4.4706417,2071.2558,463.3016777

47-Tennessee,18-Indiana,47-Tennessee/18-Indiana,1-Truck,5.3958737,1892.0857,350.654186

47-Tennessee,19-Iowa,47-Tennessee/19-Iowa,1-Truck,0.8687964,592.6441,682.1438256

47-Tennessee,20-Kansas,47-Tennessee/20-Kansas,1-Truck,0.9780154,634.9111,649.1831315

47-Tennessee,21-Kentucky,47-Tennessee/21-Kentucky,1-Truck,20.111189,3926.8829,195.2586145

47-Tennessee,22-Louisiana,47-Tennessee/22-Louisiana,1-Truck,1.1182236,593.2965,530.5705406

47-Tennessee,23-Maine,47-Tennessee/23-Maine,1-Truck,0.0969552,120.225,1240.005693

47-Tennessee,24-Maryland,47-Tennessee/24-Maryland,1-Truck,0.561931,362.0286,644.2581029

47-Tennessee,25-Massachusetts,47-Tennessee/25-Massachusetts,1-Truck,0.4696597,519.9914,1107.166316

47-Tennessee,26-Michigan,47-Tennessee/26-Michigan,1-Truck,2.6888562,1646.1666,612.2181618

47-Tennessee,27-Minnesota,47-Tennessee/27-Minnesota,1-Truck,0.6435896,599.5052,931.5023114

47-Tennessee,28-Mississippi,47-Tennessee/28-Mississippi,1-Truck,12.2516327,2152.4293,175.6850987

47-Tennessee,29-Missouri,47-Tennessee/29-Missouri,1-Truck,3.5956883,1277.5061,355.2883324

47-Tennessee,30-Montana,47-Tennessee/30-Montana,1-Truck,0.0406121,72.2761,1779.669113

47-Tennessee,31-Nebraska,47-Tennessee/31-Nebraska,1-Truck,0.3961428,318.5996,804.2544254

47-Tennessee,32-Nevada,47-Tennessee/32-Nevada,1-Truck,0.2081368,435.6051,2092.878818

47-Tennessee,33-New Hampshire,47-Tennessee/33-New Hampshire,1-Truck,0.0511689,57.7836,1129.271882

47-Tennessee,34-New Jersey,47-Tennessee/34-New Jersey,1-Truck,0.7819858,634.4943,811.3885188

47-Tennessee,35-New Mexico,47-Tennessee/35-New Mexico,1-Truck,0.1026441,115.2025,1122.348971

47-Tennessee,36-New York,47-Tennessee/36-New York,1-Truck,0.8799539,775.0546,880.790005

47-Tennessee,37-North Carolina,47-Tennessee/37-North Carolina,1-Truck,11.8243198,3592.7905,303.8475414

47-Tennessee,38-North Dakota,47-Tennessee/38-North Dakota,1-Truck,0.1539982,201.7994,1310.401031

47-Tennessee,39-Ohio,47-Tennessee/39-Ohio,1-Truck,5.127195,2354.0971,459.1393735

47-Tennessee,40-Oklahoma,47-Tennessee/40-Oklahoma,1-Truck,1.5255853,1095.5592,718.1238571

47-Tennessee,41-Oregon,47-Tennessee/41-Oregon,1-Truck,0.186119,448.7884,2411.298148

47-Tennessee,42-Pennsylvania,47-Tennessee/42-Pennsylvania,1-Truck,2.7168536,1818.8091,669.4542172

47-Tennessee,44-Rhode Island,47-Tennessee/44-Rhode Island,1-Truck,0.0615162,72.3667,1176.384432

47-Tennessee,45-South Carolina,47-Tennessee/45-South Carolina,1-Truck,5.4257188,1896.4284,349.5257439

47-Tennessee,46-South Dakota,47-Tennessee/46-South Dakota,1-Truck,0.1700832,166.6546,979.8416304

47-Tennessee,47-Tennessee,47-Tennessee/47-Tennessee,1-Truck,419.7087414,32300.8032,76.96004399

47-Tennessee,48-Texas,47-Tennessee/48-Texas,1-Truck,6.1142946,4914.4603,803.7657034

47-Tennessee,49-Utah,47-Tennessee/49-Utah,1-Truck,0.2578711,436.4898,1692.666607

47-Tennessee,50-Vermont,47-Tennessee/50-Vermont,1-Truck,0.20058,221.5454,1104.523881

47-Tennessee,51-Virginia,47-Tennessee/51-Virginia,1-Truck,3.2449544,1241.7648,382.6755778

47-Tennessee,53-Washington,47-Tennessee/53-Washington,1-Truck,0.3408758,829.947,2434.748961

47-Tennessee,54-West Virginia,47-Tennessee/54-West Virginia,1-Truck,0.9113771,351.975,386.2012772

47-Tennessee,55-Wisconsin,47-Tennessee/55-Wisconsin,1-Truck,2.0338872,1440.7233,708.3594901

47-Tennessee,56-Wyoming,47-Tennessee/56-Wyoming,1-Truck,0.0300368,44.9789,1497.459783

48-Texas,01-Alabama,48-Texas/01-Alabama,1-Truck,4.2782757,2983.6612,697.3980662

48-Texas,02-Alaska,48-Texas/02-Alaska,1-Truck,0,0,-

48-Texas,04-Arizona,48-Texas/04-Arizona,1-Truck,3.4069816,2939.5205,862.7931833

48-Texas,05-Arkansas,48-Texas/05-Arkansas,1-Truck,11.7618167,4593.5614,390.5486301

48-Texas,06-California,48-Texas/06-California,1-Truck,12.0291101,16921.1346,1406.682162

48-Texas,08-Colorado,48-Texas/08-Colorado,1-Truck,6.265981,5288.1967,843.9535166

48-Texas,09-Connecticut,48-Texas/09-Connecticut,1-Truck,0.7485028,1381.2152,1845.303986

48-Texas,10-Delaware,48-Texas/10-Delaware,1-Truck,0.3611414,567.236,1570.675641

48-Texas,11-Washington DC,48-Texas/11-Washington DC,1-Truck,0.0142786,21.1191,1479.073579

48-Texas,12-Florida,48-Texas/12-Florida,1-Truck,7.6132735,8515.8965,1118.559119

48-Texas,13-Georgia,48-Texas/13-Georgia,1-Truck,11.0767262,9768.8647,881.9270716

48-Texas,15-Hawaii,48-Texas/15-Hawaii,1-Truck,0,0,-

48-Texas,16-Idaho,48-Texas/16-Idaho,1-Truck,0.8175049,1310.7376,1603.339136

48-Texas,17-Illinois,48-Texas/17-Illinois,1-Truck,9.1350887,9593.7211,1050.205577

48-Texas,18-Indiana,48-Texas/18-Indiana,1-Truck,4.3120155,4511.6572,1046.298929

48-Texas,19-Iowa,48-Texas/19-Iowa,1-Truck,1.9154037,1729.8653,903.1335274

48-Texas,20-Kansas,48-Texas/20-Kansas,1-Truck,5.752207,3126.5881,543.5458251

48-Texas,21-Kentucky,48-Texas/21-Kentucky,1-Truck,2.7778674,2638.8023,949.9381792

48-Texas,22-Louisiana,48-Texas/22-Louisiana,1-Truck,28.2559649,9358.0068,331.1869488

48-Texas,23-Maine,48-Texas/23-Maine,1-Truck,0.1182552,242.5424,2051.008328

48-Texas,24-Maryland,48-Texas/24-Maryland,1-Truck,1.219661,1791.516,1468.863889

48-Texas,25-Massachusetts,48-Texas/25-Massachusetts,1-Truck,1.428663,2714.2874,1899.879398

48-Texas,26-Michigan,48-Texas/26-Michigan,1-Truck,3.7466018,4935.6377,1317.363831

48-Texas,27-Minnesota,48-Texas/27-Minnesota,1-Truck,1.7928671,2037.152,1136.253769

48-Texas,28-Mississippi,48-Texas/28-Mississippi,1-Truck,4.9773005,2542.1707,510.7529071

48-Texas,29-Missouri,48-Texas/29-Missouri,1-Truck,8.0863585,5615.6201,694.4559903

48-Texas,30-Montana,48-Texas/30-Montana,1-Truck,0.2307912,361.606,1566.810173

48-Texas,31-Nebraska,48-Texas/31-Nebraska,1-Truck,2.1342891,1585.5718,742.9039487

48-Texas,32-Nevada,48-Texas/32-Nevada,1-Truck,1.1961396,1643.3462,1373.874922

48-Texas,33-New Hampshire,48-Texas/33-New Hampshire,1-Truck,0.1029365,199.5097,1938.182277

48-Texas,34-New Jersey,48-Texas/34-New Jersey,1-Truck,2.1720565,3615.0847,1664.360342

48-Texas,35-New Mexico,48-Texas/35-New Mexico,1-Truck,9.7654419,3931.914,402.6355428

48-Texas,36-New York,48-Texas/36-New York,1-Truck,3.2526795,5349.4677,1644.634124

48-Texas,37-North Carolina,48-Texas/37-North Carolina,1-Truck,19.8695185,23932.887,1204.502615

48-Texas,38-North Dakota,48-Texas/38-North Dakota,1-Truck,0.8182798,1108.1635,1354.259875

48-Texas,39-Ohio,48-Texas/39-Ohio,1-Truck,6.7735194,8185.7494,1208.492796

48-Texas,40-Oklahoma,48-Texas/40-Oklahoma,1-Truck,35.97982,11524.6826,320.3096236

48-Texas,41-Oregon,48-Texas/41-Oregon,1-Truck,0.8446643,1752.7034,2075.029571

48-Texas,42-Pennsylvania,48-Texas/42-Pennsylvania,1-Truck,4.3030155,6531.5793,1517.907454

48-Texas,44-Rhode Island,48-Texas/44-Rhode Island,1-Truck,0.2201458,468.3023,2127.23704

48-Texas,45-South Carolina,48-Texas/45-South Carolina,1-Truck,2.1905293,2381.9457,1087.383629

48-Texas,46-South Dakota,48-Texas/46-South Dakota,1-Truck,0.3790291,388.9937,1026.289802

48-Texas,47-Tennessee,48-Texas/47-Tennessee,1-Truck,6.1142946,4914.4603,803.7657034

48-Texas,48-Texas,48-Texas/48-Texas,1-Truck,2744.290554,290130.3038,105.7214235

48-Texas,49-Utah,48-Texas/49-Utah,1-Truck,6.0635107,8923.2523,1471.631327

48-Texas,50-Vermont,48-Texas/50-Vermont,1-Truck,0.2330898,439.0221,1883.48911

48-Texas,51-Virginia,48-Texas/51-Virginia,1-Truck,1.5065352,2003.9912,1330.198724

48-Texas,53-Washington,48-Texas/53-Washington,1-Truck,1.5828874,3396.8186,2145.963509

48-Texas,54-West Virginia,48-Texas/54-West Virginia,1-Truck,0.3864744,481.8409,1246.760199

48-Texas,55-Wisconsin,48-Texas/55-Wisconsin,1-Truck,3.2536945,3869.3042,1189.203289

48-Texas,56-Wyoming,48-Texas/56-Wyoming,1-Truck,0.8649938,988.0441,1142.255702

49-Utah,01-Alabama,49-Utah/01-Alabama,1-Truck,0.1409513,257.4486,1826.507453

49-Utah,02-Alaska,49-Utah/02-Alaska,1-Truck,0,0,-

49-Utah,04-Arizona,49-Utah/04-Arizona,1-Truck,1.767261,999.6179,565.631166

49-Utah,05-Arkansas,49-Utah/05-Arkansas,1-Truck,0.3081329,432.1704,1402.54546

49-Utah,06-California,49-Utah/06-California,1-Truck,6.6119669,4464.0818,675.1518674

49-Utah,08-Colorado,49-Utah/08-Colorado,1-Truck,3.5778593,1671.8088,467.2651046

49-Utah,09-Connecticut,49-Utah/09-Connecticut,1-Truck,0.0354096,81.0904,2290.06823

49-Utah,10-Delaware,49-Utah/10-Delaware,1-Truck,0.015745,34.9308,2218.532868

49-Utah,11-Washington DC,49-Utah/11-Washington DC,1-Truck,0.0014922,3.1722,2125.854443

49-Utah,12-Florida,49-Utah/12-Florida,1-Truck,0.1413816,322.5465,2281.389516

49-Utah,13-Georgia,49-Utah/13-Georgia,1-Truck,0.4259435,810.517,1902.874442

49-Utah,15-Hawaii,49-Utah/15-Hawaii,1-Truck,0,0,-

49-Utah,16-Idaho,49-Utah/16-Idaho,1-Truck,4.9179572,1332.959,271.0391624

49-Utah,17-Illinois,49-Utah/17-Illinois,1-Truck,0.5583786,775.3875,1388.641148

49-Utah,18-Indiana,49-Utah/18-Indiana,1-Truck,0.3659169,567.8099,1551.745492

49-Utah,19-Iowa,49-Utah/19-Iowa,1-Truck,0.2190844,243.0551,1109.413085

49-Utah,20-Kansas,49-Utah/20-Kansas,1-Truck,0.2082212,207.3047,995.5984309

49-Utah,21-Kentucky,49-Utah/21-Kentucky,1-Truck,0.1365186,218.7678,1602.476146

49-Utah,22-Louisiana,49-Utah/22-Louisiana,1-Truck,0.0717214,120.0207,1673.429409

49-Utah,23-Maine,49-Utah/23-Maine,1-Truck,0.0053485,13.7649,2573.600075

49-Utah,24-Maryland,49-Utah/24-Maryland,1-Truck,0.0545715,113.307,2076.303565

49-Utah,25-Massachusetts,49-Utah/25-Massachusetts,1-Truck,0.0482036,116.8364,2423.81067

49-Utah,26-Michigan,49-Utah/26-Michigan,1-Truck,0.2419173,392.639,1623.029854

49-Utah,27-Minnesota,49-Utah/27-Minnesota,1-Truck,0.4440302,556.2139,1252.648806

49-Utah,28-Mississippi,49-Utah/28-Mississippi,1-Truck,0.106858,184.9442,1730.747347

49-Utah,29-Missouri,49-Utah/29-Missouri,1-Truck,0.6768067,752.2621,1111.487372

49-Utah,30-Montana,49-Utah/30-Montana,1-Truck,1.3304213,708.0379,532.1907429

49-Utah,31-Nebraska,49-Utah/31-Nebraska,1-Truck,0.2543904,199.4695,784.1078122

49-Utah,32-Nevada,49-Utah/32-Nevada,1-Truck,2.6193545,1013.4109,386.8933739

49-Utah,33-New Hampshire,49-Utah/33-New Hampshire,1-Truck,0.0178561,44.5501,2494.951305

49-Utah,34-New Jersey,49-Utah/34-New Jersey,1-Truck,0.1729436,386.3248,2233.81958

49-Utah,35-New Mexico,49-Utah/35-New Mexico,1-Truck,0.2809947,155.1373,552.1004489

49-Utah,36-New York,49-Utah/36-New York,1-Truck,0.1472401,319.8969,2172.620774

49-Utah,37-North Carolina,49-Utah/37-North Carolina,1-Truck,0.1893393,397.5041,2099.427324

49-Utah,38-North Dakota,49-Utah/38-North Dakota,1-Truck,0.0996056,102.1845,1025.891115

49-Utah,39-Ohio,49-Utah/39-Ohio,1-Truck,0.477715,826.1981,1729.479083

49-Utah,40-Oklahoma,49-Utah/40-Oklahoma,1-Truck,0.1497362,171.7324,1146.899681

49-Utah,41-Oregon,49-Utah/41-Oregon,1-Truck,1.0598254,762.3938,719.3579244

49-Utah,42-Pennsylvania,49-Utah/42-Pennsylvania,1-Truck,0.497942,1030.4263,2069.370127

49-Utah,44-Rhode Island,49-Utah/44-Rhode Island,1-Truck,0.0152524,37.6172,2466.313498

49-Utah,45-South Carolina,49-Utah/45-South Carolina,1-Truck,0.189809,385.6496,2031.777208

49-Utah,46-South Dakota,49-Utah/46-South Dakota,1-Truck,0.1565999,127.204,812.2865979

49-Utah,47-Tennessee,49-Utah/47-Tennessee,1-Truck,0.2578711,436.4898,1692.666607

49-Utah,48-Texas,49-Utah/48-Texas,1-Truck,6.0635107,8923.2523,1471.631327

49-Utah,49-Utah,49-Utah/49-Utah,1-Truck,162.1189472,9391.3678,57.92887236

49-Utah,50-Vermont,49-Utah/50-Vermont,1-Truck,0.0041931,10.0178,2389.115452

49-Utah,51-Virginia,49-Utah/51-Virginia,1-Truck,0.1458549,304.6649,2088.821836

49-Utah,53-Washington,49-Utah/53-Washington,1-Truck,1.2938192,1020.207,788.5236206

49-Utah,54-West Virginia,49-Utah/54-West Virginia,1-Truck,0.0028686,5.3336,1859.30419

49-Utah,55-Wisconsin,49-Utah/55-Wisconsin,1-Truck,0.4076494,579.4213,1421.371649

49-Utah,56-Wyoming,49-Utah/56-Wyoming,1-Truck,2.6383231,838.0129,317.6308846

50-Vermont,01-Alabama,50-Vermont/01-Alabama,1-Truck,0.0325645,40.632,1247.739102

50-Vermont,02-Alaska,50-Vermont/02-Alaska,1-Truck,0,0,-

50-Vermont,04-Arizona,50-Vermont/04-Arizona,1-Truck,0.0019202,5.2519,2735.079679

50-Vermont,05-Arkansas,50-Vermont/05-Arkansas,1-Truck,0.022228,32.7919,1475.251934

50-Vermont,06-California,50-Vermont/06-California,1-Truck,0.084179,256.7646,3050.221552

50-Vermont,08-Colorado,50-Vermont/08-Colorado,1-Truck,0.0071045,14.5919,2053.895418

50-Vermont,09-Connecticut,50-Vermont/09-Connecticut,1-Truck,0.4275237,93.4539,218.5934955

50-Vermont,10-Delaware,50-Vermont/10-Delaware,1-Truck,0.0058599,2.4605,419.8877114

50-Vermont,11-Washington DC,50-Vermont/11-Washington DC,1-Truck,0.000358,0.1987,555.027933

50-Vermont,12-Florida,50-Vermont/12-Florida,1-Truck,0.0945692,146.1019,1544.920545

50-Vermont,13-Georgia,50-Vermont/13-Georgia,1-Truck,0.1190706,137.8435,1157.661925

50-Vermont,15-Hawaii,50-Vermont/15-Hawaii,1-Truck,0,0,-

50-Vermont,16-Idaho,50-Vermont/16-Idaho,1-Truck,0.0039561,10.2924,2601.653143

50-Vermont,17-Illinois,50-Vermont/17-Illinois,1-Truck,0.1833523,179.3353,978.0913575

50-Vermont,18-Indiana,50-Vermont/18-Indiana,1-Truck,0.1633673,153.0299,936.722955

50-Vermont,19-Iowa,50-Vermont/19-Iowa,1-Truck,0.0851503,103.9755,1221.082016

50-Vermont,20-Kansas,50-Vermont/20-Kansas,1-Truck,0.0202355,32.5683,1609.463567

50-Vermont,21-Kentucky,50-Vermont/21-Kentucky,1-Truck,0.0490264,50.4999,1030.055236

50-Vermont,22-Louisiana,50-Vermont/22-Louisiana,1-Truck,0.0043902,7.241,1649.355382

50-Vermont,23-Maine,50-Vermont/23-Maine,1-Truck,0.346686,80.7062,232.7933634

50-Vermont,24-Maryland,50-Vermont/24-Maryland,1-Truck,0.166811,86.2854,517.264449

50-Vermont,25-Massachusetts,50-Vermont/25-Massachusetts,1-Truck,1.9935867,346.3445,173.7293392

50-Vermont,26-Michigan,50-Vermont/26-Michigan,1-Truck,0.0591776,44.5982,753.6331315

50-Vermont,27-Minnesota,50-Vermont/27-Minnesota,1-Truck,0.0235527,31.9822,1357.899519

50-Vermont,28-Mississippi,50-Vermont/28-Mississippi,1-Truck,0.006922,9.9014,1430.424733

50-Vermont,29-Missouri,50-Vermont/29-Missouri,1-Truck,0.0385571,50.8182,1317.998501

50-Vermont,30-Montana,50-Vermont/30-Montana,1-Truck,0.0004376,0.9692,2214.808044

50-Vermont,31-Nebraska,50-Vermont/31-Nebraska,1-Truck,0.019939,30.5565,1532.499122

50-Vermont,32-Nevada,50-Vermont/32-Nevada,1-Truck,0.0454759,124.4741,2737.14429

50-Vermont,33-New Hampshire,50-Vermont/33-New Hampshire,1-Truck,3.9564176,483.2833,122.1517415

50-Vermont,34-New Jersey,50-Vermont/34-New Jersey,1-Truck,0.5694718,189.1038,332.0687697

50-Vermont,35-New Mexico,50-Vermont/35-New Mexico,1-Truck,0.0017537,3.9789,2268.860124

50-Vermont,36-New York,50-Vermont/36-New York,1-Truck,2.3998404,430.6949,179.468143

50-Vermont,37-North Carolina,50-Vermont/37-North Carolina,1-Truck,0.1062922,91.1265,857.3206689

50-Vermont,38-North Dakota,50-Vermont/38-North Dakota,1-Truck,0.0066393,10.5973,1596.147184

50-Vermont,39-Ohio,50-Vermont/39-Ohio,1-Truck,0.1785652,131.8564,738.4215961

50-Vermont,40-Oklahoma,50-Vermont/40-Oklahoma,1-Truck,0.0065253,10.6872,1637.809756

50-Vermont,41-Oregon,50-Vermont/41-Oregon,1-Truck,0.0302114,91.5741,3031.110773

50-Vermont,42-Pennsylvania,50-Vermont/42-Pennsylvania,1-Truck,0.5522865,218.5846,395.7811752

50-Vermont,44-Rhode Island,50-Vermont/44-Rhode Island,1-Truck,0.1518746,35.1001,231.1123782

50-Vermont,45-South Carolina,50-Vermont/45-South Carolina,1-Truck,0.0358741,36.1569,1007.883125

50-Vermont,46-South Dakota,50-Vermont/46-South Dakota,1-Truck,0.0030453,4.9095,1612.156438

50-Vermont,47-Tennessee,50-Vermont/47-Tennessee,1-Truck,0.20058,221.5454,1104.523881

50-Vermont,48-Texas,50-Vermont/48-Texas,1-Truck,0.2330898,439.0221,1883.48911

50-Vermont,49-Utah,50-Vermont/49-Utah,1-Truck,0.0041931,10.0178,2389.115452

50-Vermont,50-Vermont,50-Vermont/50-Vermont,1-Truck,22.9408614,1488.915,64.90231444

50-Vermont,51-Virginia,50-Vermont/51-Virginia,1-Truck,0.1152989,78.4162,680.1122994

50-Vermont,53-Washington,50-Vermont/53-Washington,1-Truck,0.0101531,29.4342,2899.035762

50-Vermont,54-West Virginia,50-Vermont/54-West Virginia,1-Truck,0.0336428,21.6791,644.3904788

50-Vermont,55-Wisconsin,50-Vermont/55-Wisconsin,1-Truck,0.0912971,98.9062,1083.344378

50-Vermont,56-Wyoming,50-Vermont/56-Wyoming,1-Truck,0.000197,0.412,2091.370558

51-Virginia,01-Alabama,51-Virginia/01-Alabama,1-Truck,1.0291401,658.3916,639.7492431

51-Virginia,02-Alaska,51-Virginia/02-Alaska,1-Truck,0,0,-

51-Virginia,04-Arizona,51-Virginia/04-Arizona,1-Truck,0.2513282,539.213,2145.453634

51-Virginia,05-Arkansas,51-Virginia/05-Arkansas,1-Truck,0.4791385,454.9497,949.5160585

51-Virginia,06-California,51-Virginia/06-California,1-Truck,1.2658968,3324.7458,2626.395611

51-Virginia,08-Colorado,51-Virginia/08-Colorado,1-Truck,0.2937326,480.9559,1637.39367

51-Virginia,09-Connecticut,51-Virginia/09-Connecticut,1-Truck,0.6346872,303.77,478.6137171

51-Virginia,10-Delaware,51-Virginia/10-Delaware,1-Truck,0.8603635,188.718,219.3468226

51-Virginia,11-Washington DC,51-Virginia/11-Washington DC,1-Truck,2.2174486,237.3028,107.0161446

51-Virginia,12-Florida,51-Virginia/12-Florida,1-Truck,2.4308413,1809.9232,744.5665828

51-Virginia,13-Georgia,51-Virginia/13-Georgia,1-Truck,3.2071546,1572.9625,490.4542176

51-Virginia,15-Hawaii,51-Virginia/15-Hawaii,1-Truck,0,0,-

51-Virginia,16-Idaho,51-Virginia/16-Idaho,1-Truck,0.0547888,128.9112,2352.87504

51-Virginia,17-Illinois,51-Virginia/17-Illinois,1-Truck,1.6447072,1256.2741,763.8284188

51-Virginia,18-Indiana,51-Virginia/18-Indiana,1-Truck,1.6165176,926.5926,573.2029147

51-Virginia,19-Iowa,51-Virginia/19-Iowa,1-Truck,0.2780329,277.621,998.5185206

51-Virginia,20-Kansas,51-Virginia/20-Kansas,1-Truck,0.2761749,313.9017,1136.604739

51-Virginia,21-Kentucky,51-Virginia/21-Kentucky,1-Truck,3.445091,1117.9828,324.5147371

51-Virginia,22-Louisiana,51-Virginia/22-Louisiana,1-Truck,0.3208275,331.0015,1031.711745

51-Virginia,23-Maine,51-Virginia/23-Maine,1-Truck,0.2474805,194.1577,784.5373676

51-Virginia,24-Maryland,51-Virginia/24-Maryland,1-Truck,24.0845183,3241.7212,134.5977179

51-Virginia,25-Massachusetts,51-Virginia/25-Massachusetts,1-Truck,1.1320324,689.5868,609.1581831

51-Virginia,26-Michigan,51-Virginia/26-Michigan,1-Truck,0.8521833,574.4349,674.0743453

51-Virginia,27-Minnesota,51-Virginia/27-Minnesota,1-Truck,0.3365163,433.6186,1288.55155

51-Virginia,28-Mississippi,51-Virginia/28-Mississippi,1-Truck,0.3770272,298.8402,792.622389

51-Virginia,29-Missouri,51-Virginia/29-Missouri,1-Truck,0.5311365,481.4907,906.5291126

51-Virginia,30-Montana,51-Virginia/30-Montana,1-Truck,0.027978,60.7398,2170.984345

51-Virginia,31-Nebraska,51-Virginia/31-Nebraska,1-Truck,0.2853724,353.3685,1238.271466

51-Virginia,32-Nevada,51-Virginia/32-Nevada,1-Truck,0.1626464,397.6611,2444.942526

51-Virginia,33-New Hampshire,51-Virginia/33-New Hampshire,1-Truck,0.2296323,154.0733,670.9565684

51-Virginia,34-New Jersey,51-Virginia/34-New Jersey,1-Truck,3.0333314,957.5173,315.6652451

51-Virginia,35-New Mexico,51-Virginia/35-New Mexico,1-Truck,0.023215,41.4397,1785.039845

51-Virginia,36-New York,51-Virginia/36-New York,1-Truck,2.9225833,1290.8726,441.688899

51-Virginia,37-North Carolina,51-Virginia/37-North Carolina,1-Truck,23.1806512,4914.4701,212.0074219

51-Virginia,38-North Dakota,51-Virginia/38-North Dakota,1-Truck,0.0822393,132.4402,1610.4247

51-Virginia,39-Ohio,51-Virginia/39-Ohio,1-Truck,4.0687094,1750.1807,430.1562309

51-Virginia,40-Oklahoma,51-Virginia/40-Oklahoma,1-Truck,0.3048918,364.4679,1195.400795

51-Virginia,41-Oregon,51-Virginia/41-Oregon,1-Truck,0.1220708,341.9384,2801.148186

51-Virginia,42-Pennsylvania,51-Virginia/42-Pennsylvania,1-Truck,11.1418984,3058.4314,274.4982309

51-Virginia,44-Rhode Island,51-Virginia/44-Rhode Island,1-Truck,0.1192448,72.8625,611.0329339

51-Virginia,45-South Carolina,51-Virginia/45-South Carolina,1-Truck,2.6940024,897.2553,333.0566075

51-Virginia,46-South Dakota,51-Virginia/46-South Dakota,1-Truck,0.0567297,79.5771,1402.741421

51-Virginia,47-Tennessee,51-Virginia/47-Tennessee,1-Truck,3.2449544,1241.7648,382.6755778

51-Virginia,48-Texas,51-Virginia/48-Texas,1-Truck,1.5065352,2003.9912,1330.198724

51-Virginia,49-Utah,51-Virginia/49-Utah,1-Truck,0.1458549,304.6649,2088.821836

51-Virginia,50-Vermont,51-Virginia/50-Vermont,1-Truck,0.1152989,78.4162,680.1122994

51-Virginia,51-Virginia,51-Virginia/51-Virginia,1-Truck,383.217956,28551.7548,74.50526353

51-Virginia,53-Washington,51-Virginia/53-Washington,1-Truck,0.18029,502.9745,2789.808087

51-Virginia,54-West Virginia,51-Virginia/54-West Virginia,1-Truck,5.9820344,1153.8364,192.8836116

51-Virginia,55-Wisconsin,51-Virginia/55-Wisconsin,1-Truck,0.7809996,743.3512,951.7945976

51-Virginia,56-Wyoming,51-Virginia/56-Wyoming,1-Truck,0.0086788,14.5439,1675.796193

53-Washington,01-Alabama,53-Washington/01-Alabama,1-Truck,0.1548474,397.7145,2568.428659

53-Washington,02-Alaska,53-Washington/02-Alaska,1-Truck,0,0,-

53-Washington,04-Arizona,53-Washington/04-Arizona,1-Truck,0.5700358,831.7868,1459.183441

53-Washington,05-Arkansas,53-Washington/05-Arkansas,1-Truck,0.1907383,422.3056,2214.057691

53-Washington,06-California,53-Washington/06-California,1-Truck,9.9580882,9352.5157,939.1878754

53-Washington,08-Colorado,53-Washington/08-Colorado,1-Truck,0.6462279,832.3171,1287.962188

53-Washington,09-Connecticut,53-Washington/09-Connecticut,1-Truck,0.0378234,110.2707,2915.409508

53-Washington,10-Delaware,53-Washington/10-Delaware,1-Truck,0.0102663,30.9198,3011.776395

53-Washington,11-Washington DC,53-Washington/11-Washington DC,1-Truck,0.0046376,13.5227,2915.883215

53-Washington,12-Florida,53-Washington/12-Florida,1-Truck,0.3724094,1130.6984,3036.170408

53-Washington,13-Georgia,53-Washington/13-Georgia,1-Truck,0.4015728,1068.2164,2660.081559

53-Washington,15-Hawaii,53-Washington/15-Hawaii,1-Truck,0,0,-

53-Washington,16-Idaho,53-Washington/16-Idaho,1-Truck,6.3433174,1929.2892,304.1451465

53-Washington,17-Illinois,53-Washington/17-Illinois,1-Truck,0.6804922,1378.4718,2025.698164

53-Washington,18-Indiana,53-Washington/18-Indiana,1-Truck,0.4170482,909.2538,2180.212743

53-Washington,19-Iowa,53-Washington/19-Iowa,1-Truck,0.3094511,509.3462,1645.966681

53-Washington,20-Kansas,53-Washington/20-Kansas,1-Truck,0.2894623,500.3111,1728.41541

53-Washington,21-Kentucky,53-Washington/21-Kentucky,1-Truck,0.1899337,443.3593,2334.284542

53-Washington,22-Louisiana,53-Washington/22-Louisiana,1-Truck,0.0744745,193.6288,2599.934206

53-Washington,23-Maine,53-Washington/23-Maine,1-Truck,0.0085075,26.5173,3116.932119

53-Washington,24-Maryland,53-Washington/24-Maryland,1-Truck,0.1025787,295.2846,2878.615151

53-Washington,25-Massachusetts,53-Washington/25-Massachusetts,1-Truck,0.1955813,601.4266,3075.072106

53-Washington,26-Michigan,53-Washington/26-Michigan,1-Truck,0.2509502,546.966,2179.579853

53-Washington,27-Minnesota,53-Washington/27-Minnesota,1-Truck,0.4952625,787.2341,1589.528987

53-Washington,28-Mississippi,53-Washington/28-Mississippi,1-Truck,0.0953588,243.2458,2550.847955

53-Washington,29-Missouri,53-Washington/29-Missouri,1-Truck,0.6973914,1334.4706,1913.517431

53-Washington,30-Montana,53-Washington/30-Montana,1-Truck,1.4881202,759.0099,510.0460971

53-Washington,31-Nebraska,53-Washington/31-Nebraska,1-Truck,0.1174774,176.5221,1502.604756

53-Washington,32-Nevada,53-Washington/32-Nevada,1-Truck,0.5738425,504.245,878.7167211

53-Washington,33-New Hampshire,53-Washington/33-New Hampshire,1-Truck,0.0249779,78.9291,3159.957402

53-Washington,34-New Jersey,53-Washington/34-New Jersey,1-Truck,0.408112,1190.0855,2916.075734

53-Washington,35-New Mexico,53-Washington/35-New Mexico,1-Truck,0.0628678,90.9104,1446.056646

53-Washington,36-New York,53-Washington/36-New York,1-Truck,0.3552543,996.2013,2804.192096

53-Washington,37-North Carolina,53-Washington/37-North Carolina,1-Truck,0.3347711,953.5002,2848.215393

53-Washington,38-North Dakota,53-Washington/38-North Dakota,1-Truck,0.114607,136.2323,1188.690918

53-Washington,39-Ohio,53-Washington/39-Ohio,1-Truck,0.5357426,1283.8574,2396.407155

53-Washington,40-Oklahoma,53-Washington/40-Oklahoma,1-Truck,0.2498641,489.2014,1957.869898

53-Washington,41-Oregon,53-Washington/41-Oregon,1-Truck,28.7717816,5997.0203,208.4340964

53-Washington,42-Pennsylvania,53-Washington/42-Pennsylvania,1-Truck,0.5161495,1401.7338,2715.751541

53-Washington,44-Rhode Island,53-Washington/44-Rhode Island,1-Truck,0.0075337,23.1713,3075.686582

53-Washington,45-South Carolina,53-Washington/45-South Carolina,1-Truck,0.1754395,505.5292,2881.5016

53-Washington,46-South Dakota,53-Washington/46-South Dakota,1-Truck,0.0701055,92.727,1322.677964

53-Washington,47-Tennessee,53-Washington/47-Tennessee,1-Truck,0.3408758,829.947,2434.748961

53-Washington,48-Texas,53-Washington/48-Texas,1-Truck,1.5828874,3396.8186,2145.963509

53-Washington,49-Utah,53-Washington/49-Utah,1-Truck,1.2938192,1020.207,788.5236206

53-Washington,50-Vermont,53-Washington/50-Vermont,1-Truck,0.0101531,29.4342,2899.035762

53-Washington,51-Virginia,53-Washington/51-Virginia,1-Truck,0.18029,502.9745,2789.808087

53-Washington,53-Washington,53-Washington/53-Washington,1-Truck,439.2137676,39045.6092,88.89887358

53-Washington,54-West Virginia,53-Washington/54-West Virginia,1-Truck,0.0272111,69.4056,2550.635586

53-Washington,55-Wisconsin,53-Washington/55-Wisconsin,1-Truck,0.5122493,932.3553,1820.120203

53-Washington,56-Wyoming,53-Washington/56-Wyoming,1-Truck,0.1774791,171.0658,963.8644776

54-West Virginia,01-Alabama,54-West Virginia/01-Alabama,1-Truck,0.1421878,86.7575,610.16135

54-West Virginia,02-Alaska,54-West Virginia/02-Alaska,1-Truck,0,0,-

54-West Virginia,04-Arizona,54-West Virginia/04-Arizona,1-Truck,0.012325,25.4611,2065.809331

54-West Virginia,05-Arkansas,54-West Virginia/05-Arkansas,1-Truck,0.0490161,36.2564,739.6834918

54-West Virginia,06-California,54-West Virginia/06-California,1-Truck,0.1181807,291.4987,2466.550799

54-West Virginia,08-Colorado,54-West Virginia/08-Colorado,1-Truck,0.0099231,14.1936,1430.359464

54-West Virginia,09-Connecticut,54-West Virginia/09-Connecticut,1-Truck,0.1066299,54.1357,507.6971844

54-West Virginia,10-Delaware,54-West Virginia/10-Delaware,1-Truck,0.1073703,34.278,319.2502955

54-West Virginia,11-Washington DC,54-West Virginia/11-Washington DC,1-Truck,0.0809863,17.1214,211.4110658

54-West Virginia,12-Florida,54-West Virginia/12-Florida,1-Truck,0.1856087,163.9988,883.5728067

54-West Virginia,13-Georgia,54-West Virginia/13-Georgia,1-Truck,0.3331667,175.2058,525.8802876

54-West Virginia,15-Hawaii,54-West Virginia/15-Hawaii,1-Truck,0,0,-

54-West Virginia,16-Idaho,54-West Virginia/16-Idaho,1-Truck,0.0066443,14.3498,2159.715847

54-West Virginia,17-Illinois,54-West Virginia/17-Illinois,1-Truck,0.4964216,268.4965,540.8638544

54-West Virginia,18-Indiana,54-West Virginia/18-Indiana,1-Truck,1.0989884,395.0828,359.4967881

54-West Virginia,19-Iowa,54-West Virginia/19-Iowa,1-Truck,0.0314365,25.3024,804.873316

54-West Virginia,20-Kansas,54-West Virginia/20-Kansas,1-Truck,0.0379081,35.6913,941.5217328

54-West Virginia,21-Kentucky,54-West Virginia/21-Kentucky,1-Truck,2.9871888,856.7325,286.8022604

54-West Virginia,22-Louisiana,54-West Virginia/22-Louisiana,1-Truck,0.0723076,73.3254,1014.075975

54-West Virginia,23-Maine,54-West Virginia/23-Maine,1-Truck,0.0568355,47.3462,833.0392096

54-West Virginia,24-Maryland,54-West Virginia/24-Maryland,1-Truck,2.6688805,589.8523,221.0111318

54-West Virginia,25-Massachusetts,54-West Virginia/25-Massachusetts,1-Truck,0.1453404,94.4853,650.0966008

54-West Virginia,26-Michigan,54-West Virginia/26-Michigan,1-Truck,0.4131825,173.1251,419.003951

54-West Virginia,27-Minnesota,54-West Virginia/27-Minnesota,1-Truck,0.1025969,104.5144,1018.689649

54-West Virginia,28-Mississippi,54-West Virginia/28-Mississippi,1-Truck,0.1002114,71.8503,716.9872889

54-West Virginia,29-Missouri,54-West Virginia/29-Missouri,1-Truck,0.0970757,63.6589,655.765552

54-West Virginia,30-Montana,54-West Virginia/30-Montana,1-Truck,0.0010315,2.0302,1968.201648

54-West Virginia,31-Nebraska,54-West Virginia/31-Nebraska,1-Truck,0.0231634,24.7099,1066.76481

54-West Virginia,32-Nevada,54-West Virginia/32-Nevada,1-Truck,0.0044719,10.2902,2301.080078

54-West Virginia,33-New Hampshire,54-West Virginia/33-New Hampshire,1-Truck,0.0143307,9.7997,683.8256331

54-West Virginia,34-New Jersey,54-West Virginia/34-New Jersey,1-Truck,0.583662,226.7755,388.539086

54-West Virginia,35-New Mexico,54-West Virginia/35-New Mexico,1-Truck,0.0020212,3.3305,1647.783495

54-West Virginia,36-New York,54-West Virginia/36-New York,1-Truck,0.8134394,361.0298,443.8312184

54-West Virginia,37-North Carolina,54-West Virginia/37-North Carolina,1-Truck,1.1800901,373.9168,316.8544504

54-West Virginia,38-North Dakota,54-West Virginia/38-North Dakota,1-Truck,0.0027876,3.6424,1306.643708

54-West Virginia,39-Ohio,54-West Virginia/39-Ohio,1-Truck,7.9711819,1722.2603,216.0608454

54-West Virginia,40-Oklahoma,54-West Virginia/40-Oklahoma,1-Truck,0.0531516,56.9805,1072.037342

54-West Virginia,41-Oregon,54-West Virginia/41-Oregon,1-Truck,0.0117688,29.8904,2539.80015

54-West Virginia,42-Pennsylvania,54-West Virginia/42-Pennsylvania,1-Truck,8.7403665,1776.2607,203.2249677

54-West Virginia,44-Rhode Island,54-West Virginia/44-Rhode Island,1-Truck,0.0148857,9.9525,668.5946915

54-West Virginia,45-South Carolina,54-West Virginia/45-South Carolina,1-Truck,0.3851298,168.3688,437.1741683

54-West Virginia,46-South Dakota,54-West Virginia/46-South Dakota,1-Truck,0.0042126,4.9834,1182.974885

54-West Virginia,47-Tennessee,54-West Virginia/47-Tennessee,1-Truck,0.9113771,351.975,386.2012772

54-West Virginia,48-Texas,54-West Virginia/48-Texas,1-Truck,0.3864744,481.8409,1246.760199

54-West Virginia,49-Utah,54-West Virginia/49-Utah,1-Truck,0.0028686,5.3336,1859.30419

54-West Virginia,50-Vermont,54-West Virginia/50-Vermont,1-Truck,0.0336428,21.6791,644.3904788

54-West Virginia,51-Virginia,54-West Virginia/51-Virginia,1-Truck,5.9820344,1153.8364,192.8836116

54-West Virginia,53-Washington,54-West Virginia/53-Washington,1-Truck,0.0272111,69.4056,2550.635586

54-West Virginia,54-West Virginia,54-West Virginia/54-West Virginia,1-Truck,132.2541502,12631.3626,95.5082512

54-West Virginia,55-Wisconsin,54-West Virginia/55-Wisconsin,1-Truck,0.190987,133.072,696.7594653

54-West Virginia,56-Wyoming,54-West Virginia/56-Wyoming,1-Truck,0.0132423,21.5343,1626.175211

55-Wisconsin,01-Alabama,55-Wisconsin/01-Alabama,1-Truck,1.2848144,1156.8437,900.3975205

55-Wisconsin,02-Alaska,55-Wisconsin/02-Alaska,1-Truck,0,0,-

55-Wisconsin,04-Arizona,55-Wisconsin/04-Arizona,1-Truck,0.3470969,644.2583,1856.133835

55-Wisconsin,05-Arkansas,55-Wisconsin/05-Arkansas,1-Truck,0.88167,678.9616,770.0858598

55-Wisconsin,06-California,55-Wisconsin/06-California,1-Truck,2.5068702,5212.1316,2079.139

55-Wisconsin,08-Colorado,55-Wisconsin/08-Colorado,1-Truck,0.7393401,779.9946,1054.987549

55-Wisconsin,09-Connecticut,55-Wisconsin/09-Connecticut,1-Truck,0.2459366,268.8341,1093.103263

55-Wisconsin,10-Delaware,55-Wisconsin/10-Delaware,1-Truck,0.0998081,102.2951,1024.917817

55-Wisconsin,11-Washington DC,55-Wisconsin/11-Washington DC,1-Truck,0.0209249,20.3384,971.9711922

55-Wisconsin,12-Florida,55-Wisconsin/12-Florida,1-Truck,1.475795,1966.5138,1332.511494

55-Wisconsin,13-Georgia,55-Wisconsin/13-Georgia,1-Truck,2.0373224,1907.546,936.3005089

55-Wisconsin,15-Hawaii,55-Wisconsin/15-Hawaii,1-Truck,0,0,-

55-Wisconsin,16-Idaho,55-Wisconsin/16-Idaho,1-Truck,0.7833791,1144.656,1461.177609

55-Wisconsin,17-Illinois,55-Wisconsin/17-Illinois,1-Truck,33.4727496,6498.5259,194.143773

55-Wisconsin,18-Indiana,55-Wisconsin/18-Indiana,1-Truck,7.6985007,2393.7538,310.9376609

55-Wisconsin,19-Iowa,55-Wisconsin/19-Iowa,1-Truck,8.4583957,2355.5415,278.4856116

55-Wisconsin,20-Kansas,55-Wisconsin/20-Kansas,1-Truck,1.2064894,799.8426,662.9503749

55-Wisconsin,21-Kentucky,55-Wisconsin/21-Kentucky,1-Truck,1.4803397,830.312,560.8928815

55-Wisconsin,22-Louisiana,55-Wisconsin/22-Louisiana,1-Truck,0.3409891,374.8068,1099.175311

55-Wisconsin,23-Maine,55-Wisconsin/23-Maine,1-Truck,0.2255533,291.8295,1293.838308

55-Wisconsin,24-Maryland,55-Wisconsin/24-Maryland,1-Truck,0.5165886,482.033,933.1080864

55-Wisconsin,25-Massachusetts,55-Wisconsin/25-Massachusetts,1-Truck,0.6428098,758.8889,1180.580788

55-Wisconsin,26-Michigan,55-Wisconsin/26-Michigan,1-Truck,11.7517253,4295.2452,365.4991153

55-Wisconsin,27-Minnesota,55-Wisconsin/27-Minnesota,1-Truck,39.6394612,9284.7986,234.2312009

55-Wisconsin,28-Mississippi,55-Wisconsin/28-Mississippi,1-Truck,0.4019655,348.0452,865.8583883

55-Wisconsin,29-Missouri,55-Wisconsin/29-Missouri,1-Truck,2.5556945,1259.4928,492.8182144

55-Wisconsin,30-Montana,55-Wisconsin/30-Montana,1-Truck,0.1431581,151.5092,1058.334806

55-Wisconsin,31-Nebraska,55-Wisconsin/31-Nebraska,1-Truck,1.2209792,670.6981,549.3116508

55-Wisconsin,32-Nevada,55-Wisconsin/32-Nevada,1-Truck,0.2132944,387.9794,1818.985402

55-Wisconsin,33-New Hampshire,55-Wisconsin/33-New Hampshire,1-Truck,0.0743161,89.07,1198.528986

55-Wisconsin,34-New Jersey,55-Wisconsin/34-New Jersey,1-Truck,0.8119686,821.9176,1012.252937

55-Wisconsin,35-New Mexico,55-Wisconsin/35-New Mexico,1-Truck,0.1891188,253.4201,1340.004801

55-Wisconsin,36-New York,55-Wisconsin/36-New York,1-Truck,1.4820978,1340.2891,904.3189323

55-Wisconsin,37-North Carolina,55-Wisconsin/37-North Carolina,1-Truck,1.0883914,1050.8569,965.5137848

55-Wisconsin,38-North Dakota,55-Wisconsin/38-North Dakota,1-Truck,0.5544365,283.3187,511.0029733

55-Wisconsin,39-Ohio,55-Wisconsin/39-Ohio,1-Truck,5.502393,2813.0694,511.2447257

55-Wisconsin,40-Oklahoma,55-Wisconsin/40-Oklahoma,1-Truck,0.6084986,515.1764,846.6353086

55-Wisconsin,41-Oregon,55-Wisconsin/41-Oregon,1-Truck,0.3632212,710.4967,1956.099203

55-Wisconsin,42-Pennsylvania,55-Wisconsin/42-Pennsylvania,1-Truck,2.5904083,2180.0706,841.5934276

55-Wisconsin,44-Rhode Island,55-Wisconsin/44-Rhode Island,1-Truck,0.033995,40.1393,1180.741285

55-Wisconsin,45-South Carolina,55-Wisconsin/45-South Carolina,1-Truck,1.0234927,1031.0427,1007.376701

55-Wisconsin,46-South Dakota,55-Wisconsin/46-South Dakota,1-Truck,0.6637646,303.8767,457.8079337

55-Wisconsin,47-Tennessee,55-Wisconsin/47-Tennessee,1-Truck,2.0338872,1440.7233,708.3594901

55-Wisconsin,48-Texas,55-Wisconsin/48-Texas,1-Truck,3.2536945,3869.3042,1189.203289

55-Wisconsin,49-Utah,55-Wisconsin/49-Utah,1-Truck,0.4076494,579.4213,1421.371649

55-Wisconsin,50-Vermont,55-Wisconsin/50-Vermont,1-Truck,0.0912971,98.9062,1083.344378

55-Wisconsin,51-Virginia,55-Wisconsin/51-Virginia,1-Truck,0.7809996,743.3512,951.7945976

55-Wisconsin,53-Washington,55-Wisconsin/53-Washington,1-Truck,0.5122493,932.3553,1820.120203

55-Wisconsin,54-West Virginia,55-Wisconsin/54-West Virginia,1-Truck,0.190987,133.072,696.7594653

55-Wisconsin,55-Wisconsin,55-Wisconsin/55-Wisconsin,1-Truck,594.7701618,60988.5946,102.5414497

55-Wisconsin,56-Wyoming,55-Wisconsin/56-Wyoming,1-Truck,0.0818604,84.1668,1028.174795

56-Wyoming,01-Alabama,56-Wyoming/01-Alabama,1-Truck,0.040977,66.0986,1613.065866

56-Wyoming,02-Alaska,56-Wyoming/02-Alaska,1-Truck,0,0,-

56-Wyoming,04-Arizona,56-Wyoming/04-Arizona,1-Truck,0.1238568,105.9746,855.6219763

56-Wyoming,05-Arkansas,56-Wyoming/05-Arkansas,1-Truck,0.0352227,41.347,1173.873667

56-Wyoming,06-California,56-Wyoming/06-California,1-Truck,0.6900391,687.6502,996.5380223

56-Wyoming,08-Colorado,56-Wyoming/08-Colorado,1-Truck,6.552043,1567.5425,239.2448432

56-Wyoming,09-Connecticut,56-Wyoming/09-Connecticut,1-Truck,0.0143968,28.9898,2013.628028

56-Wyoming,10-Delaware,56-Wyoming/10-Delaware,1-Truck,0.0009836,1.951,1983.52989

56-Wyoming,11-Washington DC,56-Wyoming/11-Washington DC,1-Truck,0.0000687,0.1237,1800.582242

56-Wyoming,12-Florida,56-Wyoming/12-Florida,1-Truck,0.0436138,86.6988,1987.875397

56-Wyoming,13-Georgia,56-Wyoming/13-Georgia,1-Truck,0.0511754,85.6671,1673.989847

56-Wyoming,15-Hawaii,56-Wyoming/15-Hawaii,1-Truck,0,0,-

56-Wyoming,16-Idaho,56-Wyoming/16-Idaho,1-Truck,0.5308545,218.1985,411.0325899

56-Wyoming,17-Illinois,56-Wyoming/17-Illinois,1-Truck,0.1721128,188.6588,1096.134628

56-Wyoming,18-Indiana,56-Wyoming/18-Indiana,1-Truck,0.1248719,154.4388,1236.77785

56-Wyoming,19-Iowa,56-Wyoming/19-Iowa,1-Truck,0.1188115,89.6893,754.8873636

56-Wyoming,20-Kansas,56-Wyoming/20-Kansas,1-Truck,0.0993225,73.3883,738.8889728

56-Wyoming,21-Kentucky,56-Wyoming/21-Kentucky,1-Truck,0.0690997,94.8031,1371.975566

56-Wyoming,22-Louisiana,56-Wyoming/22-Louisiana,1-Truck,0.0862216,132.6037,1537.940609

56-Wyoming,23-Maine,56-Wyoming/23-Maine,1-Truck,0.0079347,18.1358,2285.631467

56-Wyoming,24-Maryland,56-Wyoming/24-Maryland,1-Truck,0.004244,7.409,1745.758718

56-Wyoming,25-Massachusetts,56-Wyoming/25-Massachusetts,1-Truck,0.0051211,10.6592,2081.427818

56-Wyoming,26-Michigan,56-Wyoming/26-Michigan,1-Truck,0.0530076,68.738,1296.757446

56-Wyoming,27-Minnesota,56-Wyoming/27-Minnesota,1-Truck,0.13995,112.4075,803.1975706

56-Wyoming,28-Mississippi,56-Wyoming/28-Mississippi,1-Truck,0.0286848,43.0286,1500.048806

56-Wyoming,29-Missouri,56-Wyoming/29-Missouri,1-Truck,0.3869635,344.8272,891.1104019

56-Wyoming,30-Montana,56-Wyoming/30-Montana,1-Truck,4.7712411,1500.0996,314.4044848

56-Wyoming,31-Nebraska,56-Wyoming/31-Nebraska,1-Truck,0.5812058,238.3871,410.1595339

56-Wyoming,32-Nevada,56-Wyoming/32-Nevada,1-Truck,0.1767797,119.5414,676.2167828

56-Wyoming,33-New Hampshire,56-Wyoming/33-New Hampshire,1-Truck,0.0188714,41.0619,2175.879903

56-Wyoming,34-New Jersey,56-Wyoming/34-New Jersey,1-Truck,0.0312397,61.0443,1954.061659

56-Wyoming,35-New Mexico,56-Wyoming/35-New Mexico,1-Truck,0.0676854,35.4823,524.2238356

56-Wyoming,36-New York,56-Wyoming/36-New York,1-Truck,0.0251506,49.9084,1984.382082

56-Wyoming,37-North Carolina,56-Wyoming/37-North Carolina,1-Truck,0.0353865,65.8334,1860.410043

56-Wyoming,38-North Dakota,56-Wyoming/38-North Dakota,1-Truck,0.1744031,96.8417,555.2751069

56-Wyoming,39-Ohio,56-Wyoming/39-Ohio,1-Truck,0.1670015,241.9681,1448.897764

56-Wyoming,40-Oklahoma,56-Wyoming/40-Oklahoma,1-Truck,0.0926938,87.8113,947.3265742

56-Wyoming,41-Oregon,56-Wyoming/41-Oregon,1-Truck,0.0809903,80.8717,998.5356271

56-Wyoming,42-Pennsylvania,56-Wyoming/42-Pennsylvania,1-Truck,0.2595406,464.7981,1790.849293

56-Wyoming,44-Rhode Island,56-Wyoming/44-Rhode Island,1-Truck,0.0009693,1.9905,2053.543794

56-Wyoming,45-South Carolina,56-Wyoming/45-South Carolina,1-Truck,0.0261655,47.843,1828.476429

56-Wyoming,46-South Dakota,56-Wyoming/46-South Dakota,1-Truck,0.958832,208.3791,217.3259758

56-Wyoming,47-Tennessee,56-Wyoming/47-Tennessee,1-Truck,0.0300368,44.9789,1497.459783

56-Wyoming,48-Texas,56-Wyoming/48-Texas,1-Truck,0.8649938,988.0441,1142.255702

56-Wyoming,49-Utah,56-Wyoming/49-Utah,1-Truck,2.6383231,838.0129,317.6308846

56-Wyoming,50-Vermont,56-Wyoming/50-Vermont,1-Truck,0.000197,0.412,2091.370558

56-Wyoming,51-Virginia,56-Wyoming/51-Virginia,1-Truck,0.0086788,14.5439,1675.796193

56-Wyoming,53-Washington,56-Wyoming/53-Washington,1-Truck,0.1774791,171.0658,963.8644776

56-Wyoming,54-West Virginia,56-Wyoming/54-West Virginia,1-Truck,0.0132423,21.5343,1626.175211

56-Wyoming,55-Wisconsin,56-Wyoming/55-Wisconsin,1-Truck,0.0818604,84.1668,1028.174795

56-Wyoming,56-Wyoming,56-Wyoming/56-Wyoming,1-Truck,35.24996,5499.8154,156.023309

01-Alabama,01-Alabama,01-Alabama/01-Alabama,2-Rail,17.9674486,2819.2734,156.9100579

01-Alabama,02-Alaska,01-Alabama/02-Alaska,2-Rail,0,0,-

01-Alabama,04-Arizona,01-Alabama/04-Arizona,2-Rail,0.0314461,60.1302,1912.167169

01-Alabama,05-Arkansas,01-Alabama/05-Arkansas,2-Rail,0.0909672,50.0219,549.8894107

01-Alabama,06-California,01-Alabama/06-California,2-Rail,0.1222822,312.7964,2557.987998

01-Alabama,08-Colorado,01-Alabama/08-Colorado,2-Rail,0.0000227,0.0377,1660.792952

01-Alabama,09-Connecticut,01-Alabama/09-Connecticut,2-Rail,0.0189341,25.8308,1364.247574

01-Alabama,10-Delaware,01-Alabama/10-Delaware,2-Rail,0,0,-

01-Alabama,11-Washington DC,01-Alabama/11-Washington DC,2-Rail,0,0,-

01-Alabama,12-Florida,01-Alabama/12-Florida,2-Rail,2.8330355,1581.7751,558.3322553

01-Alabama,13-Georgia,01-Alabama/13-Georgia,2-Rail,1.1004218,345.927,314.3585487

01-Alabama,15-Hawaii,01-Alabama/15-Hawaii,2-Rail,0,0,-

01-Alabama,16-Idaho,01-Alabama/16-Idaho,2-Rail,0.017841,45.0077,2522.711731

01-Alabama,17-Illinois,01-Alabama/17-Illinois,2-Rail,2.2541499,1440.8943,639.2184921

01-Alabama,18-Indiana,01-Alabama/18-Indiana,2-Rail,2.0337518,1433.3298,704.7712508

01-Alabama,19-Iowa,01-Alabama/19-Iowa,2-Rail,0.075158,80.1248,1066.084781

01-Alabama,20-Kansas,01-Alabama/20-Kansas,2-Rail,0.1589837,126.4175,795.1601328

01-Alabama,21-Kentucky,01-Alabama/21-Kentucky,2-Rail,3.5586609,1205.5899,338.7762796

01-Alabama,22-Louisiana,01-Alabama/22-Louisiana,2-Rail,0.3792252,166.1596,438.1554812

01-Alabama,23-Maine,01-Alabama/23-Maine,2-Rail,0,0,-

01-Alabama,24-Maryland,01-Alabama/24-Maryland,2-Rail,0.0275629,28.1179,1020.135762

01-Alabama,25-Massachusetts,01-Alabama/25-Massachusetts,2-Rail,0.0161498,22.6756,1404.079307

01-Alabama,26-Michigan,01-Alabama/26-Michigan,2-Rail,0.6067217,511.8855,843.6907729

01-Alabama,27-Minnesota,01-Alabama/27-Minnesota,2-Rail,0.2007558,241.4793,1202.850926

01-Alabama,28-Mississippi,01-Alabama/28-Mississippi,2-Rail,1.0794911,307.367,284.7332414

01-Alabama,29-Missouri,01-Alabama/29-Missouri,2-Rail,0.3010037,176.5893,586.6682037

01-Alabama,30-Montana,01-Alabama/30-Montana,2-Rail,0,0,-

01-Alabama,31-Nebraska,01-Alabama/31-Nebraska,2-Rail,0.1181264,120.9769,1024.130931

01-Alabama,32-Nevada,01-Alabama/32-Nevada,2-Rail,0,0,-

01-Alabama,33-New Hampshire,01-Alabama/33-New Hampshire,2-Rail,0.0000595,0.0884,1485.714286

01-Alabama,34-New Jersey,01-Alabama/34-New Jersey,2-Rail,0.0409981,41.2483,1006.102722

01-Alabama,35-New Mexico,01-Alabama/35-New Mexico,2-Rail,0.0124606,19.5678,1570.373818

01-Alabama,36-New York,01-Alabama/36-New York,2-Rail,0,0,-

01-Alabama,37-North Carolina,01-Alabama/37-North Carolina,2-Rail,0.576573,318.1807,551.8480747

01-Alabama,38-North Dakota,01-Alabama/38-North Dakota,2-Rail,0.0091497,13.6322,1489.906773

01-Alabama,39-Ohio,01-Alabama/39-Ohio,2-Rail,0.2300709,175.8753,764.4395706

01-Alabama,40-Oklahoma,01-Alabama/40-Oklahoma,2-Rail,0.0536087,50.3861,939.8866229

01-Alabama,41-Oregon,01-Alabama/41-Oregon,2-Rail,0.0559886,160.3778,2864.47241

01-Alabama,42-Pennsylvania,01-Alabama/42-Pennsylvania,2-Rail,0.177504,177.6171,1000.637169

01-Alabama,44-Rhode Island,01-Alabama/44-Rhode Island,2-Rail,0,0,-

01-Alabama,45-South Carolina,01-Alabama/45-South Carolina,2-Rail,0.2239026,111.4471,497.748128

01-Alabama,46-South Dakota,01-Alabama/46-South Dakota,2-Rail,0.1196791,168.5709,1408.524128

01-Alabama,47-Tennessee,01-Alabama/47-Tennessee,2-Rail,1.5227395,382.7776,251.3743158

01-Alabama,48-Texas,01-Alabama/48-Texas,2-Rail,0.7127418,509.4468,714.7704821

01-Alabama,49-Utah,01-Alabama/49-Utah,2-Rail,0.0050557,10.564,2089.522717

01-Alabama,50-Vermont,01-Alabama/50-Vermont,2-Rail,0,0,-

01-Alabama,51-Virginia,01-Alabama/51-Virginia,2-Rail,0.5033716,293.8685,583.8003177

01-Alabama,53-Washington,01-Alabama/53-Washington,2-Rail,0.046648,124.8388,2676.187618

01-Alabama,54-West Virginia,01-Alabama/54-West Virginia,2-Rail,0.6784852,414.7507,611.2892367

01-Alabama,55-Wisconsin,01-Alabama/55-Wisconsin,2-Rail,0.1113578,97.031,871.3444411

01-Alabama,56-Wyoming,01-Alabama/56-Wyoming,2-Rail,4.4990671,7198.6139,1600.02368

02-Alaska,01-Alabama,02-Alaska/01-Alabama,2-Rail,0,0,-

02-Alaska,02-Alaska,02-Alaska/02-Alaska,2-Rail,4.670853,654.6544,140.1573546

02-Alaska,04-Arizona,02-Alaska/04-Arizona,2-Rail,0,0,-

02-Alaska,05-Arkansas,02-Alaska/05-Arkansas,2-Rail,0,0,-

02-Alaska,06-California,02-Alaska/06-California,2-Rail,0,0,-

02-Alaska,08-Colorado,02-Alaska/08-Colorado,2-Rail,0,0,-

02-Alaska,09-Connecticut,02-Alaska/09-Connecticut,2-Rail,0,0,-

02-Alaska,10-Delaware,02-Alaska/10-Delaware,2-Rail,0,0,-

02-Alaska,11-Washington DC,02-Alaska/11-Washington DC,2-Rail,0,0,-

02-Alaska,12-Florida,02-Alaska/12-Florida,2-Rail,0,0,-

02-Alaska,13-Georgia,02-Alaska/13-Georgia,2-Rail,0,0,-

02-Alaska,15-Hawaii,02-Alaska/15-Hawaii,2-Rail,0,0,-

02-Alaska,16-Idaho,02-Alaska/16-Idaho,2-Rail,0,0,-

02-Alaska,17-Illinois,02-Alaska/17-Illinois,2-Rail,0,0,-

02-Alaska,18-Indiana,02-Alaska/18-Indiana,2-Rail,0,0,-

02-Alaska,19-Iowa,02-Alaska/19-Iowa,2-Rail,0,0,-

02-Alaska,20-Kansas,02-Alaska/20-Kansas,2-Rail,0,0,-

02-Alaska,21-Kentucky,02-Alaska/21-Kentucky,2-Rail,0,0,-

02-Alaska,22-Louisiana,02-Alaska/22-Louisiana,2-Rail,0,0,-

02-Alaska,23-Maine,02-Alaska/23-Maine,2-Rail,0,0,-

02-Alaska,24-Maryland,02-Alaska/24-Maryland,2-Rail,0,0,-

02-Alaska,25-Massachusetts,02-Alaska/25-Massachusetts,2-Rail,0,0,-

02-Alaska,26-Michigan,02-Alaska/26-Michigan,2-Rail,0,0,-

02-Alaska,27-Minnesota,02-Alaska/27-Minnesota,2-Rail,0,0,-

02-Alaska,28-Mississippi,02-Alaska/28-Mississippi,2-Rail,0,0,-

02-Alaska,29-Missouri,02-Alaska/29-Missouri,2-Rail,0,0,-

02-Alaska,30-Montana,02-Alaska/30-Montana,2-Rail,0,0,-

02-Alaska,31-Nebraska,02-Alaska/31-Nebraska,2-Rail,0,0,-

02-Alaska,32-Nevada,02-Alaska/32-Nevada,2-Rail,0,0,-

02-Alaska,33-New Hampshire,02-Alaska/33-New Hampshire,2-Rail,0,0,-

02-Alaska,34-New Jersey,02-Alaska/34-New Jersey,2-Rail,0,0,-

02-Alaska,35-New Mexico,02-Alaska/35-New Mexico,2-Rail,0,0,-

02-Alaska,36-New York,02-Alaska/36-New York,2-Rail,0,0,-

02-Alaska,37-North Carolina,02-Alaska/37-North Carolina,2-Rail,0,0,-

02-Alaska,38-North Dakota,02-Alaska/38-North Dakota,2-Rail,0,0,-

02-Alaska,39-Ohio,02-Alaska/39-Ohio,2-Rail,0,0,-

02-Alaska,40-Oklahoma,02-Alaska/40-Oklahoma,2-Rail,0,0,-

02-Alaska,41-Oregon,02-Alaska/41-Oregon,2-Rail,0,0,-

02-Alaska,42-Pennsylvania,02-Alaska/42-Pennsylvania,2-Rail,0,0,-

02-Alaska,44-Rhode Island,02-Alaska/44-Rhode Island,2-Rail,0,0,-

02-Alaska,45-South Carolina,02-Alaska/45-South Carolina,2-Rail,0,0,-

02-Alaska,46-South Dakota,02-Alaska/46-South Dakota,2-Rail,0,0,-

02-Alaska,47-Tennessee,02-Alaska/47-Tennessee,2-Rail,0,0,-

02-Alaska,48-Texas,02-Alaska/48-Texas,2-Rail,0,0,-

02-Alaska,49-Utah,02-Alaska/49-Utah,2-Rail,0,0,-

02-Alaska,50-Vermont,02-Alaska/50-Vermont,2-Rail,0,0,-

02-Alaska,51-Virginia,02-Alaska/51-Virginia,2-Rail,0,0,-

02-Alaska,53-Washington,02-Alaska/53-Washington,2-Rail,0,0,-

02-Alaska,54-West Virginia,02-Alaska/54-West Virginia,2-Rail,0,0,-

02-Alaska,55-Wisconsin,02-Alaska/55-Wisconsin,2-Rail,0,0,-

02-Alaska,56-Wyoming,02-Alaska/56-Wyoming,2-Rail,0,0,-

04-Arizona,01-Alabama,04-Arizona/01-Alabama,2-Rail,0.0314461,60.1302,1912.167169

04-Arizona,02-Alaska,04-Arizona/02-Alaska,2-Rail,0,0,-

04-Arizona,04-Arizona,04-Arizona/04-Arizona,2-Rail,10.0134646,1938.9596,193.6352379

04-Arizona,05-Arkansas,04-Arizona/05-Arkansas,2-Rail,0,0,-

04-Arizona,06-California,04-Arizona/06-California,2-Rail,0.218532,107.7674,493.1424231

04-Arizona,08-Colorado,04-Arizona/08-Colorado,2-Rail,0.5274786,576.5791,1093.085293

04-Arizona,09-Connecticut,04-Arizona/09-Connecticut,2-Rail,0,0,-

04-Arizona,10-Delaware,04-Arizona/10-Delaware,2-Rail,0,0,-

04-Arizona,11-Washington DC,04-Arizona/11-Washington DC,2-Rail,0,0,-

04-Arizona,12-Florida,04-Arizona/12-Florida,2-Rail,0,0,-

04-Arizona,13-Georgia,04-Arizona/13-Georgia,2-Rail,0,0,-

04-Arizona,15-Hawaii,04-Arizona/15-Hawaii,2-Rail,0,0,-

04-Arizona,16-Idaho,04-Arizona/16-Idaho,2-Rail,0.0000117,0.018,1538.461538

04-Arizona,17-Illinois,04-Arizona/17-Illinois,2-Rail,0.0000089,0.0161,1808.988764

04-Arizona,18-Indiana,04-Arizona/18-Indiana,2-Rail,0,0,-

04-Arizona,19-Iowa,04-Arizona/19-Iowa,2-Rail,0.0547006,85.95,1571.280754

04-Arizona,20-Kansas,04-Arizona/20-Kansas,2-Rail,0.3948424,520.3781,1317.938752

04-Arizona,21-Kentucky,04-Arizona/21-Kentucky,2-Rail,0,0,-

04-Arizona,22-Louisiana,04-Arizona/22-Louisiana,2-Rail,0.1361021,207.0191,1521.057353

04-Arizona,23-Maine,04-Arizona/23-Maine,2-Rail,0.0064585,19.9585,3090.268638

04-Arizona,24-Maryland,04-Arizona/24-Maryland,2-Rail,0,0,-

04-Arizona,25-Massachusetts,04-Arizona/25-Massachusetts,2-Rail,0,0,-

04-Arizona,26-Michigan,04-Arizona/26-Michigan,2-Rail,0.0003526,0.7231,2050.76574

04-Arizona,27-Minnesota,04-Arizona/27-Minnesota,2-Rail,0,0,-

04-Arizona,28-Mississippi,04-Arizona/28-Mississippi,2-Rail,0,0,-

04-Arizona,29-Missouri,04-Arizona/29-Missouri,2-Rail,1.6890377,2436.2818,1442.408183

04-Arizona,30-Montana,04-Arizona/30-Montana,2-Rail,0.2772484,448.1672,1616.482548

04-Arizona,31-Nebraska,04-Arizona/31-Nebraska,2-Rail,0.0454033,71.1276,1566.573355

04-Arizona,32-Nevada,04-Arizona/32-Nevada,2-Rail,0.0082932,8.2798,998.3842184

04-Arizona,33-New Hampshire,04-Arizona/33-New Hampshire,2-Rail,0,0,-

04-Arizona,34-New Jersey,04-Arizona/34-New Jersey,2-Rail,0,0,-

04-Arizona,35-New Mexico,04-Arizona/35-New Mexico,2-Rail,4.5150974,2308.5432,511.2942193

04-Arizona,36-New York,04-Arizona/36-New York,2-Rail,0,0,-

04-Arizona,37-North Carolina,04-Arizona/37-North Carolina,2-Rail,0,0,-

04-Arizona,38-North Dakota,04-Arizona/38-North Dakota,2-Rail,0.1317918,280.1572,2125.755927

04-Arizona,39-Ohio,04-Arizona/39-Ohio,2-Rail,0.0016266,3.156,1940.243453

04-Arizona,40-Oklahoma,04-Arizona/40-Oklahoma,2-Rail,0.6592871,626.9682,950.9790196

04-Arizona,41-Oregon,04-Arizona/41-Oregon,2-Rail,0.0834806,109.1812,1307.863144

04-Arizona,42-Pennsylvania,04-Arizona/42-Pennsylvania,2-Rail,0.0017364,3.8098,2194.079705

04-Arizona,44-Rhode Island,04-Arizona/44-Rhode Island,2-Rail,0,0,-

04-Arizona,45-South Carolina,04-Arizona/45-South Carolina,2-Rail,0,0,-

04-Arizona,46-South Dakota,04-Arizona/46-South Dakota,2-Rail,0.1345449,253.2218,1882.061676

04-Arizona,47-Tennessee,04-Arizona/47-Tennessee,2-Rail,0.0000002,0.0004,2000

04-Arizona,48-Texas,04-Arizona/48-Texas,2-Rail,0.8767619,712.5917,812.7539529

04-Arizona,49-Utah,04-Arizona/49-Utah,2-Rail,0,0,-

04-Arizona,50-Vermont,04-Arizona/50-Vermont,2-Rail,0,0,-

04-Arizona,51-Virginia,04-Arizona/51-Virginia,2-Rail,0,0,-

04-Arizona,53-Washington,04-Arizona/53-Washington,2-Rail,0.0100404,16.7028,1663.559221

04-Arizona,54-West Virginia,04-Arizona/54-West Virginia,2-Rail,0,0,-

04-Arizona,55-Wisconsin,04-Arizona/55-Wisconsin,2-Rail,0,0,-

04-Arizona,56-Wyoming,04-Arizona/56-Wyoming,2-Rail,2.4018735,3391.5256,1412.033398

05-Arkansas,01-Alabama,05-Arkansas/01-Alabama,2-Rail,0.0909672,50.0219,549.8894107

05-Arkansas,02-Alaska,05-Arkansas/02-Alaska,2-Rail,0,0,-

05-Arkansas,04-Arizona,05-Arkansas/04-Arizona,2-Rail,0,0,-

05-Arkansas,05-Arkansas,05-Arkansas/05-Arkansas,2-Rail,17.8893362,1958.5014,109.4787072

05-Arkansas,06-California,05-Arkansas/06-California,2-Rail,0.0272167,56.5605,2078.154221

05-Arkansas,08-Colorado,05-Arkansas/08-Colorado,2-Rail,0.0093425,10.8842,1165.02007

05-Arkansas,09-Connecticut,05-Arkansas/09-Connecticut,2-Rail,0.0001815,0.2836,1562.534435

05-Arkansas,10-Delaware,05-Arkansas/10-Delaware,2-Rail,0.1131785,147.8857,1306.65895

05-Arkansas,11-Washington DC,05-Arkansas/11-Washington DC,2-Rail,0,0,-

05-Arkansas,12-Florida,05-Arkansas/12-Florida,2-Rail,0.0326723,40.8376,1249.915066

05-Arkansas,13-Georgia,05-Arkansas/13-Georgia,2-Rail,0.0516296,31.9062,617.9827076

05-Arkansas,15-Hawaii,05-Arkansas/15-Hawaii,2-Rail,0,0,-

05-Arkansas,16-Idaho,05-Arkansas/16-Idaho,2-Rail,0,0,-

05-Arkansas,17-Illinois,05-Arkansas/17-Illinois,2-Rail,0.4592386,286.8309,624.5792492

05-Arkansas,18-Indiana,05-Arkansas/18-Indiana,2-Rail,0.0033601,2.2569,671.6764382

05-Arkansas,19-Iowa,05-Arkansas/19-Iowa,2-Rail,0.331927,245.0285,738.1999657

05-Arkansas,20-Kansas,05-Arkansas/20-Kansas,2-Rail,1.3456141,792.5453,588.9840928

05-Arkansas,21-Kentucky,05-Arkansas/21-Kentucky,2-Rail,0.0728175,44.167,606.5437567

05-Arkansas,22-Louisiana,05-Arkansas/22-Louisiana,2-Rail,0.4751027,196.1832,412.9279838

05-Arkansas,23-Maine,05-Arkansas/23-Maine,2-Rail,0,0,-

05-Arkansas,24-Maryland,05-Arkansas/24-Maryland,2-Rail,0.050746,59.3169,1168.898041

05-Arkansas,25-Massachusetts,05-Arkansas/25-Massachusetts,2-Rail,0,0,-

05-Arkansas,26-Michigan,05-Arkansas/26-Michigan,2-Rail,0.1398674,116.0632,829.8088046

05-Arkansas,27-Minnesota,05-Arkansas/27-Minnesota,2-Rail,0.3290723,301.444,916.0418546

05-Arkansas,28-Mississippi,05-Arkansas/28-Mississippi,2-Rail,0.2255233,89.6278,397.4214638

05-Arkansas,29-Missouri,05-Arkansas/29-Missouri,2-Rail,0.6414229,247.6772,386.1371336

05-Arkansas,30-Montana,05-Arkansas/30-Montana,2-Rail,0,0,-

05-Arkansas,31-Nebraska,05-Arkansas/31-Nebraska,2-Rail,0.1280172,96.5041,753.8369844

05-Arkansas,32-Nevada,05-Arkansas/32-Nevada,2-Rail,0.0053822,11.248,2089.851733

05-Arkansas,33-New Hampshire,05-Arkansas/33-New Hampshire,2-Rail,0,0,-

05-Arkansas,34-New Jersey,05-Arkansas/34-New Jersey,2-Rail,0.0094635,13.9077,1469.614836

05-Arkansas,35-New Mexico,05-Arkansas/35-New Mexico,2-Rail,0.0002021,0.1926,952.9935675

05-Arkansas,36-New York,05-Arkansas/36-New York,2-Rail,0.0000004,0.0004,1000

05-Arkansas,37-North Carolina,05-Arkansas/37-North Carolina,2-Rail,0,0,-

05-Arkansas,38-North Dakota,05-Arkansas/38-North Dakota,2-Rail,0.1005307,134.0396,1333.32007

05-Arkansas,39-Ohio,05-Arkansas/39-Ohio,2-Rail,0.0201353,18.3782,912.7353454

05-Arkansas,40-Oklahoma,05-Arkansas/40-Oklahoma,2-Rail,0.5884109,200.1322,340.123203

05-Arkansas,41-Oregon,05-Arkansas/41-Oregon,2-Rail,0.0142737,30.7276,2152.742456

05-Arkansas,42-Pennsylvania,05-Arkansas/42-Pennsylvania,2-Rail,0.0186147,22.7695,1223.199944

05-Arkansas,44-Rhode Island,05-Arkansas/44-Rhode Island,2-Rail,0,0,-

05-Arkansas,45-South Carolina,05-Arkansas/45-South Carolina,2-Rail,0,0,-

05-Arkansas,46-South Dakota,05-Arkansas/46-South Dakota,2-Rail,0,0,-

05-Arkansas,47-Tennessee,05-Arkansas/47-Tennessee,2-Rail,0.045501,15.4749,340.1002176

05-Arkansas,48-Texas,05-Arkansas/48-Texas,2-Rail,1.8577952,652.6736,351.3162269

05-Arkansas,49-Utah,05-Arkansas/49-Utah,2-Rail,0.0288712,46.4208,1607.85835

05-Arkansas,50-Vermont,05-Arkansas/50-Vermont,2-Rail,0.018906,27.3407,1446.138792

05-Arkansas,51-Virginia,05-Arkansas/51-Virginia,2-Rail,0.0067972,7.6402,1124.021656

05-Arkansas,53-Washington,05-Arkansas/53-Washington,2-Rail,0.0268262,62.1802,2317.890719

05-Arkansas,54-West Virginia,05-Arkansas/54-West Virginia,2-Rail,0,0,-

05-Arkansas,55-Wisconsin,05-Arkansas/55-Wisconsin,2-Rail,0.0054653,5.1423,940.8998591

05-Arkansas,56-Wyoming,05-Arkansas/56-Wyoming,2-Rail,9.6666732,12425.5675,1285.402666

06-California,01-Alabama,06-California/01-Alabama,2-Rail,0.1222822,312.7964,2557.987998

06-California,02-Alaska,06-California/02-Alaska,2-Rail,0,0,-

06-California,04-Arizona,06-California/04-Arizona,2-Rail,0.218532,107.7674,493.1424231

06-California,05-Arkansas,06-California/05-Arkansas,2-Rail,0.0272167,56.5605,2078.154221

06-California,06-California,06-California/06-California,2-Rail,29.554363,4903.8752,165.9272846

06-California,08-Colorado,06-California/08-Colorado,2-Rail,0.2311636,309.9806,1340.957659

06-California,09-Connecticut,06-California/09-Connecticut,2-Rail,0,0,-

06-California,10-Delaware,06-California/10-Delaware,2-Rail,0.00006,0.1811,3018.333333

06-California,11-Washington DC,06-California/11-Washington DC,2-Rail,0,0,-

06-California,12-Florida,06-California/12-Florida,2-Rail,0.2136728,644.3662,3015.667881

06-California,13-Georgia,06-California/13-Georgia,2-Rail,0.2365056,631.3118,2669.331297

06-California,15-Hawaii,06-California/15-Hawaii,2-Rail,0,0,-

06-California,16-Idaho,06-California/16-Idaho,2-Rail,0.3507647,384.1951,1095.307196

06-California,17-Illinois,06-California/17-Illinois,2-Rail,0.6756997,1483.1432,2194.973892

06-California,18-Indiana,06-California/18-Indiana,2-Rail,1.0181376,2376.1309,2333.801345

06-California,19-Iowa,06-California/19-Iowa,2-Rail,0.7909595,1558.0074,1969.768869

06-California,20-Kansas,06-California/20-Kansas,2-Rail,0.0821125,134.7616,1641.182524

06-California,21-Kentucky,06-California/21-Kentucky,2-Rail,0.1005843,245.081,2436.573103

06-California,22-Louisiana,06-California/22-Louisiana,2-Rail,0.9877665,1846.8593,1869.732675

06-California,23-Maine,06-California/23-Maine,2-Rail,0.0155056,52.4876,3385.07378

06-California,24-Maryland,06-California/24-Maryland,2-Rail,0.0995676,299.6179,3009.190741

06-California,25-Massachusetts,06-California/25-Massachusetts,2-Rail,0.0005416,1.7658,3260.339734

06-California,26-Michigan,06-California/26-Michigan,2-Rail,0.0890249,223.5809,2511.442304

06-California,27-Minnesota,06-California/27-Minnesota,2-Rail,1.8309289,3913.2851,2137.322263

06-California,28-Mississippi,06-California/28-Mississippi,2-Rail,0.1869135,420.656,2250.538351

06-California,29-Missouri,06-California/29-Missouri,2-Rail,2.7796813,5273.7904,1897.264409

06-California,30-Montana,06-California/30-Montana,2-Rail,0.185517,261.1822,1407.861274

06-California,31-Nebraska,06-California/31-Nebraska,2-Rail,3.1755726,5454.8147,1717.742085

06-California,32-Nevada,06-California/32-Nevada,2-Rail,0.5284271,234.9783,444.6749608

06-California,33-New Hampshire,06-California/33-New Hampshire,2-Rail,0,0,-

06-California,34-New Jersey,06-California/34-New Jersey,2-Rail,0.1605482,493.6022,3074.479814

06-California,35-New Mexico,06-California/35-New Mexico,2-Rail,0.3510472,445.3544,1268.645356

06-California,36-New York,06-California/36-New York,2-Rail,0.3359975,1015.8947,3023.518627

06-California,37-North Carolina,06-California/37-North Carolina,2-Rail,0.0163494,50.6583,3098.480678

06-California,38-North Dakota,06-California/38-North Dakota,2-Rail,0.140782,294.0089,2088.398375

06-California,39-Ohio,06-California/39-Ohio,2-Rail,0.3283062,849.1697,2586.517404

06-California,40-Oklahoma,06-California/40-Oklahoma,2-Rail,0.5064206,869.5947,1717.139271

06-California,41-Oregon,06-California/41-Oregon,2-Rail,0.6437334,549.1842,853.1236689

06-California,42-Pennsylvania,06-California/42-Pennsylvania,2-Rail,0.0966523,282.7678,2925.618945

06-California,44-Rhode Island,06-California/44-Rhode Island,2-Rail,0,0,-

06-California,45-South Carolina,06-California/45-South Carolina,2-Rail,0.0274905,76.1701,2770.778996

06-California,46-South Dakota,06-California/46-South Dakota,2-Rail,1.1625015,2332.1255,2006.126874

06-California,47-Tennessee,06-California/47-Tennessee,2-Rail,0.663987,1736.4528,2615.19096

06-California,48-Texas,06-California/48-Texas,2-Rail,2.7007208,4286.7232,1587.251522

06-California,49-Utah,06-California/49-Utah,2-Rail,3.6771068,3111.5583,846.1974235

06-California,50-Vermont,06-California/50-Vermont,2-Rail,0,0,-

06-California,51-Virginia,06-California/51-Virginia,2-Rail,0.0231183,71.1604,3078.098303

06-California,53-Washington,06-California/53-Washington,2-Rail,0.2346725,275.7549,1175.062694

06-California,54-West Virginia,06-California/54-West Virginia,2-Rail,0.0033681,9.2519,2746.919628

06-California,55-Wisconsin,06-California/55-Wisconsin,2-Rail,0.291318,686.8187,2357.625344

06-California,56-Wyoming,06-California/56-Wyoming,2-Rail,0.1643303,220.1265,1339.536896

08-Colorado,01-Alabama,08-Colorado/01-Alabama,2-Rail,0.0000227,0.0377,1660.792952

08-Colorado,02-Alaska,08-Colorado/02-Alaska,2-Rail,0,0,-

08-Colorado,04-Arizona,08-Colorado/04-Arizona,2-Rail,0.5274786,576.5791,1093.085293

08-Colorado,05-Arkansas,08-Colorado/05-Arkansas,2-Rail,0.0093425,10.8842,1165.02007

08-Colorado,06-California,08-Colorado/06-California,2-Rail,0.2311636,309.9806,1340.957659

08-Colorado,08-Colorado,08-Colorado/08-Colorado,2-Rail,15.4605,2811.3002,181.837599

08-Colorado,09-Connecticut,08-Colorado/09-Connecticut,2-Rail,0.5098934,1138.7023,2233.216394

08-Colorado,10-Delaware,08-Colorado/10-Delaware,2-Rail,0,0,-

08-Colorado,11-Washington DC,08-Colorado/11-Washington DC,2-Rail,0,0,-

08-Colorado,12-Florida,08-Colorado/12-Florida,2-Rail,1.8398328,4116.6904,2237.535063

08-Colorado,13-Georgia,08-Colorado/13-Georgia,2-Rail,0.0002772,0.4598,1658.730159

08-Colorado,15-Hawaii,08-Colorado/15-Hawaii,2-Rail,0,0,-

08-Colorado,16-Idaho,08-Colorado/16-Idaho,2-Rail,0.1412462,138.7213,982.1241209

08-Colorado,17-Illinois,08-Colorado/17-Illinois,2-Rail,0.7201521,798.8979,1109.346067

08-Colorado,18-Indiana,08-Colorado/18-Indiana,2-Rail,0.0001398,0.1754,1254.649499

08-Colorado,19-Iowa,08-Colorado/19-Iowa,2-Rail,0.2706313,224.4065,829.1964012

08-Colorado,20-Kansas,08-Colorado/20-Kansas,2-Rail,0.2345752,188.1927,802.2702315

08-Colorado,21-Kentucky,08-Colorado/21-Kentucky,2-Rail,0.5231781,858.1524,1640.268199

08-Colorado,22-Louisiana,08-Colorado/22-Louisiana,2-Rail,0.9782625,1334.6924,1364.349957

08-Colorado,23-Maine,08-Colorado/23-Maine,2-Rail,0,0,-

08-Colorado,24-Maryland,08-Colorado/24-Maryland,2-Rail,0,0,-

08-Colorado,25-Massachusetts,08-Colorado/25-Massachusetts,2-Rail,0,0,-

08-Colorado,26-Michigan,08-Colorado/26-Michigan,2-Rail,0.0004418,0.5989,1355.590765

08-Colorado,27-Minnesota,08-Colorado/27-Minnesota,2-Rail,0.5081957,481.2921,947.0605517

08-Colorado,28-Mississippi,08-Colorado/28-Mississippi,2-Rail,0.7373729,1073.1456,1455.363494

08-Colorado,29-Missouri,08-Colorado/29-Missouri,2-Rail,0.2318213,205.5354,886.6113683

08-Colorado,30-Montana,08-Colorado/30-Montana,2-Rail,0.0415258,41.362,996.0554643

08-Colorado,31-Nebraska,08-Colorado/31-Nebraska,2-Rail,0.8870741,427.2756,481.6684424

08-Colorado,32-Nevada,08-Colorado/32-Nevada,2-Rail,0.2078149,183.9002,884.9230734

08-Colorado,33-New Hampshire,08-Colorado/33-New Hampshire,2-Rail,0,0,-

08-Colorado,34-New Jersey,08-Colorado/34-New Jersey,2-Rail,0,0,-

08-Colorado,35-New Mexico,08-Colorado/35-New Mexico,2-Rail,0.0227694,9.2398,405.799011

08-Colorado,36-New York,08-Colorado/36-New York,2-Rail,0,0,-

08-Colorado,37-North Carolina,08-Colorado/37-North Carolina,2-Rail,0.0002512,0.4674,1860.66879

08-Colorado,38-North Dakota,08-Colorado/38-North Dakota,2-Rail,0.0354089,36.2265,1023.09024

08-Colorado,39-Ohio,08-Colorado/39-Ohio,2-Rail,0,0,-

08-Colorado,40-Oklahoma,08-Colorado/40-Oklahoma,2-Rail,0.0076597,7.6463,998.2505842

08-Colorado,41-Oregon,08-Colorado/41-Oregon,2-Rail,0.0949723,139.9862,1473.968726

08-Colorado,42-Pennsylvania,08-Colorado/42-Pennsylvania,2-Rail,0,0,-

08-Colorado,44-Rhode Island,08-Colorado/44-Rhode Island,2-Rail,0,0,-

08-Colorado,45-South Carolina,08-Colorado/45-South Carolina,2-Rail,0,0,-

08-Colorado,46-South Dakota,08-Colorado/46-South Dakota,2-Rail,0.0017881,1.2945,723.9527991

08-Colorado,47-Tennessee,08-Colorado/47-Tennessee,2-Rail,0,0,-

08-Colorado,48-Texas,08-Colorado/48-Texas,2-Rail,0.6366307,718.287,1128.263214

08-Colorado,49-Utah,08-Colorado/49-Utah,2-Rail,3.2991558,1668.829,505.8351594

08-Colorado,50-Vermont,08-Colorado/50-Vermont,2-Rail,0,0,-

08-Colorado,51-Virginia,08-Colorado/51-Virginia,2-Rail,0,0,-

08-Colorado,53-Washington,08-Colorado/53-Washington,2-Rail,0.0120913,17.674,1461.71214

08-Colorado,54-West Virginia,08-Colorado/54-West Virginia,2-Rail,0,0,-

08-Colorado,55-Wisconsin,08-Colorado/55-Wisconsin,2-Rail,2.2763938,2600.4402,1142.350765

08-Colorado,56-Wyoming,08-Colorado/56-Wyoming,2-Rail,4.1239295,2011.9462,487.8711433

09-Connecticut,01-Alabama,09-Connecticut/01-Alabama,2-Rail,0.0189341,25.8308,1364.247574

09-Connecticut,02-Alaska,09-Connecticut/02-Alaska,2-Rail,0,0,-

09-Connecticut,04-Arizona,09-Connecticut/04-Arizona,2-Rail,0,0,-

09-Connecticut,05-Arkansas,09-Connecticut/05-Arkansas,2-Rail,0.0001815,0.2836,1562.534435

09-Connecticut,06-California,09-Connecticut/06-California,2-Rail,0,0,-

09-Connecticut,08-Colorado,09-Connecticut/08-Colorado,2-Rail,0.5098934,1138.7023,2233.216394

09-Connecticut,09-Connecticut,09-Connecticut/09-Connecticut,2-Rail,0.90605,41.1644,45.43281276

09-Connecticut,10-Delaware,09-Connecticut/10-Delaware,2-Rail,0,0,-

09-Connecticut,11-Washington DC,09-Connecticut/11-Washington DC,2-Rail,0,0,-

09-Connecticut,12-Florida,09-Connecticut/12-Florida,2-Rail,0.0123408,18.6614,1512.17101

09-Connecticut,13-Georgia,09-Connecticut/13-Georgia,2-Rail,0.0069492,7.8816,1134.173718

09-Connecticut,15-Hawaii,09-Connecticut/15-Hawaii,2-Rail,0,0,-

09-Connecticut,16-Idaho,09-Connecticut/16-Idaho,2-Rail,0,0,-

09-Connecticut,17-Illinois,09-Connecticut/17-Illinois,2-Rail,0.0045203,4.6023,1018.140389

09-Connecticut,18-Indiana,09-Connecticut/18-Indiana,2-Rail,0.0061824,5.5277,894.1026139

09-Connecticut,19-Iowa,09-Connecticut/19-Iowa,2-Rail,0,0,-

09-Connecticut,20-Kansas,09-Connecticut/20-Kansas,2-Rail,0,0,-

09-Connecticut,21-Kentucky,09-Connecticut/21-Kentucky,2-Rail,0.0250341,23.2096,927.1194091

09-Connecticut,22-Louisiana,09-Connecticut/22-Louisiana,2-Rail,0.0707984,123.4553,1743.758334

09-Connecticut,23-Maine,09-Connecticut/23-Maine,2-Rail,0,0,-

09-Connecticut,24-Maryland,09-Connecticut/24-Maryland,2-Rail,0.1716207,95.0241,553.6867056

09-Connecticut,25-Massachusetts,09-Connecticut/25-Massachusetts,2-Rail,0,0,-

09-Connecticut,26-Michigan,09-Connecticut/26-Michigan,2-Rail,0,0,-

09-Connecticut,27-Minnesota,09-Connecticut/27-Minnesota,2-Rail,0,0,-

09-Connecticut,28-Mississippi,09-Connecticut/28-Mississippi,2-Rail,0.0038177,6.022,1577.389528

09-Connecticut,29-Missouri,09-Connecticut/29-Missouri,2-Rail,0,0,-

09-Connecticut,30-Montana,09-Connecticut/30-Montana,2-Rail,0,0,-

09-Connecticut,31-Nebraska,09-Connecticut/31-Nebraska,2-Rail,0,0,-

09-Connecticut,32-Nevada,09-Connecticut/32-Nevada,2-Rail,0,0,-

09-Connecticut,33-New Hampshire,09-Connecticut/33-New Hampshire,2-Rail,0,0,-

09-Connecticut,34-New Jersey,09-Connecticut/34-New Jersey,2-Rail,0.0123669,5.3166,429.9056352

09-Connecticut,35-New Mexico,09-Connecticut/35-New Mexico,2-Rail,0,0,-

09-Connecticut,36-New York,09-Connecticut/36-New York,2-Rail,0.7435067,122.9264,165.3332781

09-Connecticut,37-North Carolina,09-Connecticut/37-North Carolina,2-Rail,0,0,-

09-Connecticut,38-North Dakota,09-Connecticut/38-North Dakota,2-Rail,0,0,-

09-Connecticut,39-Ohio,09-Connecticut/39-Ohio,2-Rail,0.7880914,608.2331,771.7798976

09-Connecticut,40-Oklahoma,09-Connecticut/40-Oklahoma,2-Rail,0,0,-

09-Connecticut,41-Oregon,09-Connecticut/41-Oregon,2-Rail,0,0,-

09-Connecticut,42-Pennsylvania,09-Connecticut/42-Pennsylvania,2-Rail,0.0044937,2.4255,539.7556579

09-Connecticut,44-Rhode Island,09-Connecticut/44-Rhode Island,2-Rail,0,0,-

09-Connecticut,45-South Carolina,09-Connecticut/45-South Carolina,2-Rail,0,0,-

09-Connecticut,46-South Dakota,09-Connecticut/46-South Dakota,2-Rail,0,0,-

09-Connecticut,47-Tennessee,09-Connecticut/47-Tennessee,2-Rail,0.0000193,0.0212,1098.445596

09-Connecticut,48-Texas,09-Connecticut/48-Texas,2-Rail,0.0000125,0.025,2000

09-Connecticut,49-Utah,09-Connecticut/49-Utah,2-Rail,0,0,-

09-Connecticut,50-Vermont,09-Connecticut/50-Vermont,2-Rail,0,0,-

09-Connecticut,51-Virginia,09-Connecticut/51-Virginia,2-Rail,0.0721239,48.3388,670.2188872

09-Connecticut,53-Washington,09-Connecticut/53-Washington,2-Rail,0,0,-

09-Connecticut,54-West Virginia,09-Connecticut/54-West Virginia,2-Rail,0,0,-

09-Connecticut,55-Wisconsin,09-Connecticut/55-Wisconsin,2-Rail,0,0,-

09-Connecticut,56-Wyoming,09-Connecticut/56-Wyoming,2-Rail,0,0,-

10-Delaware,01-Alabama,10-Delaware/01-Alabama,2-Rail,0,0,-

10-Delaware,02-Alaska,10-Delaware/02-Alaska,2-Rail,0,0,-

10-Delaware,04-Arizona,10-Delaware/04-Arizona,2-Rail,0,0,-

10-Delaware,05-Arkansas,10-Delaware/05-Arkansas,2-Rail,0.1131785,147.8857,1306.65895

10-Delaware,06-California,10-Delaware/06-California,2-Rail,0.00006,0.1811,3018.333333

10-Delaware,08-Colorado,10-Delaware/08-Colorado,2-Rail,0,0,-

10-Delaware,09-Connecticut,10-Delaware/09-Connecticut,2-Rail,0,0,-

10-Delaware,10-Delaware,10-Delaware/10-Delaware,2-Rail,0.0040226,0.1132,28.14100333

10-Delaware,11-Washington DC,10-Delaware/11-Washington DC,2-Rail,0,0,-

10-Delaware,12-Florida,10-Delaware/12-Florida,2-Rail,0.1398232,169.6616,1213.400923

10-Delaware,13-Georgia,10-Delaware/13-Georgia,2-Rail,0.0189305,14.7181,777.480785

10-Delaware,15-Hawaii,10-Delaware/15-Hawaii,2-Rail,0,0,-

10-Delaware,16-Idaho,10-Delaware/16-Idaho,2-Rail,0,0,-

10-Delaware,17-Illinois,10-Delaware/17-Illinois,2-Rail,0.0246723,25.7085,1041.998517

10-Delaware,18-Indiana,10-Delaware/18-Indiana,2-Rail,0.0864069,64.8929,751.0152546

10-Delaware,19-Iowa,10-Delaware/19-Iowa,2-Rail,0.0199784,23.2521,1163.861971

10-Delaware,20-Kansas,10-Delaware/20-Kansas,2-Rail,0,0,-

10-Delaware,21-Kentucky,10-Delaware/21-Kentucky,2-Rail,0,0,-

10-Delaware,22-Louisiana,10-Delaware/22-Louisiana,2-Rail,0.1216533,170.8673,1404.543074

10-Delaware,23-Maine,10-Delaware/23-Maine,2-Rail,0,0,-

10-Delaware,24-Maryland,10-Delaware/24-Maryland,2-Rail,0,0,-

10-Delaware,25-Massachusetts,10-Delaware/25-Massachusetts,2-Rail,0,0,-

10-Delaware,26-Michigan,10-Delaware/26-Michigan,2-Rail,0.1006176,67.8575,674.4098448

10-Delaware,27-Minnesota,10-Delaware/27-Minnesota,2-Rail,0,0,-

10-Delaware,28-Mississippi,10-Delaware/28-Mississippi,2-Rail,0.0524307,59.4528,1133.931075

10-Delaware,29-Missouri,10-Delaware/29-Missouri,2-Rail,0,0,-

10-Delaware,30-Montana,10-Delaware/30-Montana,2-Rail,0,0,-

10-Delaware,31-Nebraska,10-Delaware/31-Nebraska,2-Rail,0,0,-

10-Delaware,32-Nevada,10-Delaware/32-Nevada,2-Rail,0,0,-

10-Delaware,33-New Hampshire,10-Delaware/33-New Hampshire,2-Rail,0,0,-

10-Delaware,34-New Jersey,10-Delaware/34-New Jersey,2-Rail,0.0277888,1.7067,61.4168298

10-Delaware,35-New Mexico,10-Delaware/35-New Mexico,2-Rail,0,0,-

10-Delaware,36-New York,10-Delaware/36-New York,2-Rail,0,0,-

10-Delaware,37-North Carolina,10-Delaware/37-North Carolina,2-Rail,0,0,-

10-Delaware,38-North Dakota,10-Delaware/38-North Dakota,2-Rail,1.5000117,2670.2498,1780.152648

10-Delaware,39-Ohio,10-Delaware/39-Ohio,2-Rail,0.1223676,69.807,570.4696341

10-Delaware,40-Oklahoma,10-Delaware/40-Oklahoma,2-Rail,0.016957,28.2552,1666.28531

10-Delaware,41-Oregon,10-Delaware/41-Oregon,2-Rail,0,0,-

10-Delaware,42-Pennsylvania,10-Delaware/42-Pennsylvania,2-Rail,0.0868856,5.909,68.00896811

10-Delaware,44-Rhode Island,10-Delaware/44-Rhode Island,2-Rail,0,0,-

10-Delaware,45-South Carolina,10-Delaware/45-South Carolina,2-Rail,0,0,-

10-Delaware,46-South Dakota,10-Delaware/46-South Dakota,2-Rail,0,0,-

10-Delaware,47-Tennessee,10-Delaware/47-Tennessee,2-Rail,0.0439753,27.3035,620.8826318

10-Delaware,48-Texas,10-Delaware/48-Texas,2-Rail,0.1309882,220.3617,1682.301917

10-Delaware,49-Utah,10-Delaware/49-Utah,2-Rail,0,0,-

10-Delaware,50-Vermont,10-Delaware/50-Vermont,2-Rail,0,0,-

10-Delaware,51-Virginia,10-Delaware/51-Virginia,2-Rail,0.6553702,177.6543,271.07473

10-Delaware,53-Washington,10-Delaware/53-Washington,2-Rail,0,0,-

10-Delaware,54-West Virginia,10-Delaware/54-West Virginia,2-Rail,0.0000054,0.003,555.5555556

10-Delaware,55-Wisconsin,10-Delaware/55-Wisconsin,2-Rail,0,0,-

10-Delaware,56-Wyoming,10-Delaware/56-Wyoming,2-Rail,0,0,-

11-Washington DC,01-Alabama,11-Washington DC/01-Alabama,2-Rail,0,0,-

11-Washington DC,04-Arizona,11-Washington DC/04-Arizona,2-Rail,0,0,-

11-Washington DC,05-Arkansas,11-Washington DC/05-Arkansas,2-Rail,0,0,-

11-Washington DC,06-California,11-Washington DC/06-California,2-Rail,0,0,-

11-Washington DC,08-Colorado,11-Washington DC/08-Colorado,2-Rail,0,0,-

11-Washington DC,09-Connecticut,11-Washington DC/09-Connecticut,2-Rail,0,0,-

11-Washington DC,10-Delaware,11-Washington DC/10-Delaware,2-Rail,0,0,-

11-Washington DC,11-Washington DC,11-Washington DC/11-Washington DC,2-Rail,0,0,-

11-Washington DC,12-Florida,11-Washington DC/12-Florida,2-Rail,0,0,-

11-Washington DC,13-Georgia,11-Washington DC/13-Georgia,2-Rail,0,0,-

11-Washington DC,15-Hawaii,11-Washington DC/15-Hawaii,2-Rail,0,0,-

11-Washington DC,16-Idaho,11-Washington DC/16-Idaho,2-Rail,0,0,-

11-Washington DC,17-Illinois,11-Washington DC/17-Illinois,2-Rail,0,0,-

11-Washington DC,18-Indiana,11-Washington DC/18-Indiana,2-Rail,0,0,-

11-Washington DC,19-Iowa,11-Washington DC/19-Iowa,2-Rail,0,0,-

11-Washington DC,20-Kansas,11-Washington DC/20-Kansas,2-Rail,0,0,-

11-Washington DC,21-Kentucky,11-Washington DC/21-Kentucky,2-Rail,0,0,-

11-Washington DC,22-Louisiana,11-Washington DC/22-Louisiana,2-Rail,0,0,-

11-Washington DC,23-Maine,11-Washington DC/23-Maine,2-Rail,0,0,-

11-Washington DC,24-Maryland,11-Washington DC/24-Maryland,2-Rail,0.0961636,4.8515,50.4504823

11-Washington DC,25-Massachusetts,11-Washington DC/25-Massachusetts,2-Rail,0,0,-

11-Washington DC,26-Michigan,11-Washington DC/26-Michigan,2-Rail,0,0,-

11-Washington DC,27-Minnesota,11-Washington DC/27-Minnesota,2-Rail,0,0,-

11-Washington DC,28-Mississippi,11-Washington DC/28-Mississippi,2-Rail,0,0,-

11-Washington DC,29-Missouri,11-Washington DC/29-Missouri,2-Rail,0,0,-

11-Washington DC,30-Montana,11-Washington DC/30-Montana,2-Rail,0,0,-

11-Washington DC,31-Nebraska,11-Washington DC/31-Nebraska,2-Rail,0,0,-

11-Washington DC,32-Nevada,11-Washington DC/32-Nevada,2-Rail,0,0,-

11-Washington DC,33-New Hampshire,11-Washington DC/33-New Hampshire,2-Rail,0,0,-

11-Washington DC,34-New Jersey,11-Washington DC/34-New Jersey,2-Rail,0,0,-

11-Washington DC,35-New Mexico,11-Washington DC/35-New Mexico,2-Rail,0,0,-

11-Washington DC,36-New York,11-Washington DC/36-New York,2-Rail,0,0,-

11-Washington DC,37-North Carolina,11-Washington DC/37-North Carolina,2-Rail,0,0,-

11-Washington DC,38-North Dakota,11-Washington DC/38-North Dakota,2-Rail,0,0,-

11-Washington DC,39-Ohio,11-Washington DC/39-Ohio,2-Rail,0,0,-

11-Washington DC,40-Oklahoma,11-Washington DC/40-Oklahoma,2-Rail,0,0,-

11-Washington DC,41-Oregon,11-Washington DC/41-Oregon,2-Rail,0,0,-

11-Washington DC,42-Pennsylvania,11-Washington DC/42-Pennsylvania,2-Rail,0,0,-

11-Washington DC,44-Rhode Island,11-Washington DC/44-Rhode Island,2-Rail,0,0,-

11-Washington DC,45-South Carolina,11-Washington DC/45-South Carolina,2-Rail,0,0,-

11-Washington DC,46-South Dakota,11-Washington DC/46-South Dakota,2-Rail,0,0,-

11-Washington DC,47-Tennessee,11-Washington DC/47-Tennessee,2-Rail,0,0,-

11-Washington DC,48-Texas,11-Washington DC/48-Texas,2-Rail,0,0,-

11-Washington DC,49-Utah,11-Washington DC/49-Utah,2-Rail,0,0,-

11-Washington DC,50-Vermont,11-Washington DC/50-Vermont,2-Rail,0,0,-

11-Washington DC,51-Virginia,11-Washington DC/51-Virginia,2-Rail,0.0000005,0,0

11-Washington DC,53-Washington,11-Washington DC/53-Washington,2-Rail,0,0,-

11-Washington DC,54-West Virginia,11-Washington DC/54-West Virginia,2-Rail,0,0,-

11-Washington DC,55-Wisconsin,11-Washington DC/55-Wisconsin,2-Rail,0,0,-

11-Washington DC,56-Wyoming,11-Washington DC/56-Wyoming,2-Rail,0,0,-

12-Florida,01-Alabama,12-Florida/01-Alabama,2-Rail,2.8330355,1581.7751,558.3322553

12-Florida,02-Alaska,12-Florida/02-Alaska,2-Rail,0,0,-

12-Florida,04-Arizona,12-Florida/04-Arizona,2-Rail,0,0,-

12-Florida,05-Arkansas,12-Florida/05-Arkansas,2-Rail,0.0326723,40.8376,1249.915066

12-Florida,06-California,12-Florida/06-California,2-Rail,0.2136728,644.3662,3015.667881

12-Florida,08-Colorado,12-Florida/08-Colorado,2-Rail,1.8398328,4116.6904,2237.535063

12-Florida,09-Connecticut,12-Florida/09-Connecticut,2-Rail,0.0123408,18.6614,1512.17101

12-Florida,10-Delaware,12-Florida/10-Delaware,2-Rail,0.1398232,169.6616,1213.400923

12-Florida,11-Washington DC,12-Florida/11-Washington DC,2-Rail,0,0,-

12-Florida,12-Florida,12-Florida/12-Florida,2-Rail,33.3250402,3460.0754,103.8280938

12-Florida,13-Georgia,12-Florida/13-Georgia,2-Rail,8.0488331,3720.5639,462.2488569

12-Florida,15-Hawaii,12-Florida/15-Hawaii,2-Rail,0,0,-

12-Florida,16-Idaho,12-Florida/16-Idaho,2-Rail,0.000216,0.5275,2442.12963

12-Florida,17-Illinois,12-Florida/17-Illinois,2-Rail,1.023561,1246.9486,1218.245517

12-Florida,18-Indiana,12-Florida/18-Indiana,2-Rail,0.3696425,384.2674,1039.564985

12-Florida,19-Iowa,12-Florida/19-Iowa,2-Rail,0.4433328,730.8692,1648.579126

12-Florida,20-Kansas,12-Florida/20-Kansas,2-Rail,0.0253725,41.5162,1636.267613

12-Florida,21-Kentucky,12-Florida/21-Kentucky,2-Rail,4.49893,3956.7124,879.4785427

12-Florida,22-Louisiana,12-Florida/22-Louisiana,2-Rail,0.062986,54.1732,860.0831931

12-Florida,23-Maine,12-Florida/23-Maine,2-Rail,0,0,-

12-Florida,24-Maryland,12-Florida/24-Maryland,2-Rail,0.0243801,24.6354,1010.471655

12-Florida,25-Massachusetts,12-Florida/25-Massachusetts,2-Rail,0,0,-

12-Florida,26-Michigan,12-Florida/26-Michigan,2-Rail,0.0305024,41.68,1366.449853

12-Florida,27-Minnesota,12-Florida/27-Minnesota,2-Rail,0.297386,510.5519,1716.798706

12-Florida,28-Mississippi,12-Florida/28-Mississippi,2-Rail,0.507172,399.9339,788.5567421

12-Florida,29-Missouri,12-Florida/29-Missouri,2-Rail,0.0636586,81.2745,1276.72459

12-Florida,30-Montana,12-Florida/30-Montana,2-Rail,0.0000016,0.0042,2625

12-Florida,31-Nebraska,12-Florida/31-Nebraska,2-Rail,0.1020886,183.2668,1795.173996

12-Florida,32-Nevada,12-Florida/32-Nevada,2-Rail,0,0,-

12-Florida,33-New Hampshire,12-Florida/33-New Hampshire,2-Rail,0,0,-

12-Florida,34-New Jersey,12-Florida/34-New Jersey,2-Rail,0.0168718,21.9013,1298.100973

12-Florida,35-New Mexico,12-Florida/35-New Mexico,2-Rail,0.0009702,1.9036,1962.069676

12-Florida,36-New York,12-Florida/36-New York,2-Rail,0.000053,0.0769,1450.943396

12-Florida,37-North Carolina,12-Florida/37-North Carolina,2-Rail,0.3238986,264.5291,816.7034374

12-Florida,38-North Dakota,12-Florida/38-North Dakota,2-Rail,0.0164378,33.0406,2010.03784

12-Florida,39-Ohio,12-Florida/39-Ohio,2-Rail,0.3248081,332.4115,1023.408899

12-Florida,40-Oklahoma,12-Florida/40-Oklahoma,2-Rail,0,0,-

12-Florida,41-Oregon,12-Florida/41-Oregon,2-Rail,0.0001993,0.6379,3200.702459

12-Florida,42-Pennsylvania,12-Florida/42-Pennsylvania,2-Rail,0.1123837,158.7449,1412.526016

12-Florida,44-Rhode Island,12-Florida/44-Rhode Island,2-Rail,0,0,-

12-Florida,45-South Carolina,12-Florida/45-South Carolina,2-Rail,0.5778142,244.8247,423.7083478

12-Florida,46-South Dakota,12-Florida/46-South Dakota,2-Rail,0,0,-

12-Florida,47-Tennessee,12-Florida/47-Tennessee,2-Rail,1.6885119,1255.9664,743.8303514

12-Florida,48-Texas,12-Florida/48-Texas,2-Rail,0.3753409,430.4901,1146.930963

12-Florida,49-Utah,12-Florida/49-Utah,2-Rail,0,0,-

12-Florida,50-Vermont,12-Florida/50-Vermont,2-Rail,0,0,-

12-Florida,51-Virginia,12-Florida/51-Virginia,2-Rail,0.0719308,55.2411,767.9756099

12-Florida,53-Washington,12-Florida/53-Washington,2-Rail,0.1899502,619.207,3259.838631

12-Florida,54-West Virginia,12-Florida/54-West Virginia,2-Rail,0.0069536,7.8781,1132.952715

12-Florida,55-Wisconsin,12-Florida/55-Wisconsin,2-Rail,0.0310124,44.2783,1427.761154

12-Florida,56-Wyoming,12-Florida/56-Wyoming,2-Rail,0,0,-

13-Georgia,01-Alabama,13-Georgia/01-Alabama,2-Rail,1.1004218,345.927,314.3585487

13-Georgia,02-Alaska,13-Georgia/02-Alaska,2-Rail,0,0,-

13-Georgia,04-Arizona,13-Georgia/04-Arizona,2-Rail,0,0,-

13-Georgia,05-Arkansas,13-Georgia/05-Arkansas,2-Rail,0.0516296,31.9062,617.9827076

13-Georgia,06-California,13-Georgia/06-California,2-Rail,0.2365056,631.3118,2669.331297

13-Georgia,08-Colorado,13-Georgia/08-Colorado,2-Rail,0.0002772,0.4598,1658.730159

13-Georgia,09-Connecticut,13-Georgia/09-Connecticut,2-Rail,0.0069492,7.8816,1134.173718

13-Georgia,10-Delaware,13-Georgia/10-Delaware,2-Rail,0.0189305,14.7181,777.480785

13-Georgia,11-Washington DC,13-Georgia/11-Washington DC,2-Rail,0,0,-

13-Georgia,12-Florida,13-Georgia/12-Florida,2-Rail,8.0488331,3720.5639,462.2488569

13-Georgia,13-Georgia,13-Georgia/13-Georgia,2-Rail,28.1333154,3344.4424,118.8783601

13-Georgia,15-Hawaii,13-Georgia/15-Hawaii,2-Rail,0,0,-

13-Georgia,16-Idaho,13-Georgia/16-Idaho,2-Rail,0.0202881,47.7934,2355.735628

13-Georgia,17-Illinois,13-Georgia/17-Illinois,2-Rail,3.5998742,2860.7712,794.6864365

13-Georgia,18-Indiana,13-Georgia/18-Indiana,2-Rail,9.5380348,6563.4628,688.1357573

13-Georgia,19-Iowa,13-Georgia/19-Iowa,2-Rail,0.6830681,783.0822,1146.41893

13-Georgia,20-Kansas,13-Georgia/20-Kansas,2-Rail,0.0147556,17.5375,1188.531812

13-Georgia,21-Kentucky,13-Georgia/21-Kentucky,2-Rail,1.2509146,603.7925,482.6808321

13-Georgia,22-Louisiana,13-Georgia/22-Louisiana,2-Rail,1.5984967,1022.0175,639.3616577

13-Georgia,23-Maine,13-Georgia/23-Maine,2-Rail,0.0045482,6.7877,1492.392595

13-Georgia,24-Maryland,13-Georgia/24-Maryland,2-Rail,0,0,-

13-Georgia,25-Massachusetts,13-Georgia/25-Massachusetts,2-Rail,0.0299459,36.8012,1228.922824

13-Georgia,26-Michigan,13-Georgia/26-Michigan,2-Rail,0.021779,20.4503,938.9916892

13-Georgia,27-Minnesota,13-Georgia/27-Minnesota,2-Rail,0.0705897,92.6537,1312.566848

13-Georgia,28-Mississippi,13-Georgia/28-Mississippi,2-Rail,0.7229724,411.6526,569.3890942

13-Georgia,29-Missouri,13-Georgia/29-Missouri,2-Rail,0.3953438,359.3136,908.8636271

13-Georgia,30-Montana,13-Georgia/30-Montana,2-Rail,0,0,-

13-Georgia,31-Nebraska,13-Georgia/31-Nebraska,2-Rail,0.0518295,66.2065,1277.390289

13-Georgia,32-Nevada,13-Georgia/32-Nevada,2-Rail,0.0057197,13.8704,2425.022291

13-Georgia,33-New Hampshire,13-Georgia/33-New Hampshire,2-Rail,0,0,-

13-Georgia,34-New Jersey,13-Georgia/34-New Jersey,2-Rail,0.0317548,29.0525,914.9010543

13-Georgia,35-New Mexico,13-Georgia/35-New Mexico,2-Rail,0.0478849,87.2079,1821.198332

13-Georgia,36-New York,13-Georgia/36-New York,2-Rail,0.0147412,15.5253,1053.191056

13-Georgia,37-North Carolina,13-Georgia/37-North Carolina,2-Rail,0.266582,95.4358,357.9979143

13-Georgia,38-North Dakota,13-Georgia/38-North Dakota,2-Rail,0,0,-

13-Georgia,39-Ohio,13-Georgia/39-Ohio,2-Rail,1.0486472,743.8399,709.3328433

13-Georgia,40-Oklahoma,13-Georgia/40-Oklahoma,2-Rail,0,0,-

13-Georgia,41-Oregon,13-Georgia/41-Oregon,2-Rail,0.0202154,58.7275,2905.087211

13-Georgia,42-Pennsylvania,13-Georgia/42-Pennsylvania,2-Rail,0.2503414,234.8931,938.2910697

13-Georgia,44-Rhode Island,13-Georgia/44-Rhode Island,2-Rail,0,0,-

13-Georgia,45-South Carolina,13-Georgia/45-South Carolina,2-Rail,0.4975891,139.0137,279.3744879

13-Georgia,46-South Dakota,13-Georgia/46-South Dakota,2-Rail,0.0098372,14.2364,1447.200423

13-Georgia,47-Tennessee,13-Georgia/47-Tennessee,2-Rail,0.8476778,277.3545,327.1933039

13-Georgia,48-Texas,13-Georgia/48-Texas,2-Rail,1.0167297,1126.4875,1107.951799

13-Georgia,49-Utah,13-Georgia/49-Utah,2-Rail,0.0482971,107.999,2236.138402

13-Georgia,50-Vermont,13-Georgia/50-Vermont,2-Rail,0,0,-

13-Georgia,51-Virginia,13-Georgia/51-Virginia,2-Rail,0.5310522,304.9432,574.2245301

13-Georgia,53-Washington,13-Georgia/53-Washington,2-Rail,0.0098885,27.7336,2804.631643

13-Georgia,54-West Virginia,13-Georgia/54-West Virginia,2-Rail,0.0622195,48.6476,781.8706354

13-Georgia,55-Wisconsin,13-Georgia/55-Wisconsin,2-Rail,0.4813797,480.9749,999.1590838

13-Georgia,56-Wyoming,13-Georgia/56-Wyoming,2-Rail,3.9755109,7558.1223,1901.170061

15-Hawaii,01-Alabama,15-Hawaii/01-Alabama,2-Rail,0,0,-

15-Hawaii,02-Alaska,15-Hawaii/02-Alaska,2-Rail,0,0,-

15-Hawaii,04-Arizona,15-Hawaii/04-Arizona,2-Rail,0,0,-

15-Hawaii,05-Arkansas,15-Hawaii/05-Arkansas,2-Rail,0,0,-

15-Hawaii,06-California,15-Hawaii/06-California,2-Rail,0,0,-

15-Hawaii,08-Colorado,15-Hawaii/08-Colorado,2-Rail,0,0,-

15-Hawaii,09-Connecticut,15-Hawaii/09-Connecticut,2-Rail,0,0,-

15-Hawaii,10-Delaware,15-Hawaii/10-Delaware,2-Rail,0,0,-

15-Hawaii,11-Washington DC,15-Hawaii/11-Washington DC,2-Rail,0,0,-

15-Hawaii,12-Florida,15-Hawaii/12-Florida,2-Rail,0,0,-

15-Hawaii,13-Georgia,15-Hawaii/13-Georgia,2-Rail,0,0,-

15-Hawaii,15-Hawaii,15-Hawaii/15-Hawaii,2-Rail,0,0,-

15-Hawaii,16-Idaho,15-Hawaii/16-Idaho,2-Rail,0,0,-

15-Hawaii,17-Illinois,15-Hawaii/17-Illinois,2-Rail,0,0,-

15-Hawaii,18-Indiana,15-Hawaii/18-Indiana,2-Rail,0,0,-

15-Hawaii,19-Iowa,15-Hawaii/19-Iowa,2-Rail,0,0,-

15-Hawaii,20-Kansas,15-Hawaii/20-Kansas,2-Rail,0,0,-

15-Hawaii,21-Kentucky,15-Hawaii/21-Kentucky,2-Rail,0,0,-

15-Hawaii,22-Louisiana,15-Hawaii/22-Louisiana,2-Rail,0,0,-

15-Hawaii,23-Maine,15-Hawaii/23-Maine,2-Rail,0,0,-

15-Hawaii,24-Maryland,15-Hawaii/24-Maryland,2-Rail,0,0,-

15-Hawaii,25-Massachusetts,15-Hawaii/25-Massachusetts,2-Rail,0,0,-

15-Hawaii,26-Michigan,15-Hawaii/26-Michigan,2-Rail,0,0,-

15-Hawaii,27-Minnesota,15-Hawaii/27-Minnesota,2-Rail,0,0,-

15-Hawaii,28-Mississippi,15-Hawaii/28-Mississippi,2-Rail,0,0,-

15-Hawaii,29-Missouri,15-Hawaii/29-Missouri,2-Rail,0,0,-

15-Hawaii,30-Montana,15-Hawaii/30-Montana,2-Rail,0,0,-

15-Hawaii,31-Nebraska,15-Hawaii/31-Nebraska,2-Rail,0,0,-

15-Hawaii,32-Nevada,15-Hawaii/32-Nevada,2-Rail,0,0,-

15-Hawaii,33-New Hampshire,15-Hawaii/33-New Hampshire,2-Rail,0,0,-

15-Hawaii,34-New Jersey,15-Hawaii/34-New Jersey,2-Rail,0,0,-

15-Hawaii,35-New Mexico,15-Hawaii/35-New Mexico,2-Rail,0,0,-

15-Hawaii,36-New York,15-Hawaii/36-New York,2-Rail,0,0,-

15-Hawaii,37-North Carolina,15-Hawaii/37-North Carolina,2-Rail,0,0,-

15-Hawaii,38-North Dakota,15-Hawaii/38-North Dakota,2-Rail,0,0,-

15-Hawaii,39-Ohio,15-Hawaii/39-Ohio,2-Rail,0,0,-

15-Hawaii,40-Oklahoma,15-Hawaii/40-Oklahoma,2-Rail,0,0,-

15-Hawaii,41-Oregon,15-Hawaii/41-Oregon,2-Rail,0,0,-

15-Hawaii,42-Pennsylvania,15-Hawaii/42-Pennsylvania,2-Rail,0,0,-

15-Hawaii,44-Rhode Island,15-Hawaii/44-Rhode Island,2-Rail,0,0,-

15-Hawaii,45-South Carolina,15-Hawaii/45-South Carolina,2-Rail,0,0,-

15-Hawaii,46-South Dakota,15-Hawaii/46-South Dakota,2-Rail,0,0,-

15-Hawaii,47-Tennessee,15-Hawaii/47-Tennessee,2-Rail,0,0,-

15-Hawaii,48-Texas,15-Hawaii/48-Texas,2-Rail,0,0,-

15-Hawaii,49-Utah,15-Hawaii/49-Utah,2-Rail,0,0,-

15-Hawaii,50-Vermont,15-Hawaii/50-Vermont,2-Rail,0,0,-

15-Hawaii,51-Virginia,15-Hawaii/51-Virginia,2-Rail,0,0,-

15-Hawaii,53-Washington,15-Hawaii/53-Washington,2-Rail,0,0,-

15-Hawaii,54-West Virginia,15-Hawaii/54-West Virginia,2-Rail,0,0,-

15-Hawaii,55-Wisconsin,15-Hawaii/55-Wisconsin,2-Rail,0,0,-

15-Hawaii,56-Wyoming,15-Hawaii/56-Wyoming,2-Rail,0,0,-

16-Idaho,01-Alabama,16-Idaho/01-Alabama,2-Rail,0.017841,45.0077,2522.711731

16-Idaho,02-Alaska,16-Idaho/02-Alaska,2-Rail,0,0,-

16-Idaho,04-Arizona,16-Idaho/04-Arizona,2-Rail,0.0000117,0.018,1538.461538

16-Idaho,05-Arkansas,16-Idaho/05-Arkansas,2-Rail,0,0,-

16-Idaho,06-California,16-Idaho/06-California,2-Rail,0.3507647,384.1951,1095.307196

16-Idaho,08-Colorado,16-Idaho/08-Colorado,2-Rail,0.1412462,138.7213,982.1241209

16-Idaho,09-Connecticut,16-Idaho/09-Connecticut,2-Rail,0,0,-

16-Idaho,10-Delaware,16-Idaho/10-Delaware,2-Rail,0,0,-

16-Idaho,11-Washington DC,16-Idaho/11-Washington DC,2-Rail,0,0,-

16-Idaho,12-Florida,16-Idaho/12-Florida,2-Rail,0.000216,0.5275,2442.12963

16-Idaho,13-Georgia,16-Idaho/13-Georgia,2-Rail,0.0202881,47.7934,2355.735628

16-Idaho,15-Hawaii,16-Idaho/15-Hawaii,2-Rail,0,0,-

16-Idaho,16-Idaho,16-Idaho/16-Idaho,2-Rail,4.4924964,1091.1786,242.8891429

16-Idaho,17-Illinois,16-Idaho/17-Illinois,2-Rail,0.2068867,359.0828,1735.649513

16-Idaho,18-Indiana,16-Idaho/18-Indiana,2-Rail,0.0781738,140.9781,1803.393208

16-Idaho,19-Iowa,16-Idaho/19-Iowa,2-Rail,0.6096697,856.5036,1404.864962

16-Idaho,20-Kansas,16-Idaho/20-Kansas,2-Rail,0.0700241,95.9788,1370.653818

16-Idaho,21-Kentucky,16-Idaho/21-Kentucky,2-Rail,0.0130633,30.0054,2296.923442

16-Idaho,22-Louisiana,16-Idaho/22-Louisiana,2-Rail,0.0745763,162.7832,2182.773884

16-Idaho,23-Maine,16-Idaho/23-Maine,2-Rail,0,0,-

16-Idaho,24-Maryland,16-Idaho/24-Maryland,2-Rail,0.1200712,314.8032,2621.804396

16-Idaho,25-Massachusetts,16-Idaho/25-Massachusetts,2-Rail,0.0756336,204.7025,2706.502137

16-Idaho,26-Michigan,16-Idaho/26-Michigan,2-Rail,0.0706206,140.8559,1994.544085

16-Idaho,27-Minnesota,16-Idaho/27-Minnesota,2-Rail,0.8230283,1260.709,1531.793014

16-Idaho,28-Mississippi,16-Idaho/28-Mississippi,2-Rail,0,0,-

16-Idaho,29-Missouri,16-Idaho/29-Missouri,2-Rail,0.1109019,173.2804,1562.465566

16-Idaho,30-Montana,16-Idaho/30-Montana,2-Rail,0.0139377,4.1829,300.1140791

16-Idaho,31-Nebraska,16-Idaho/31-Nebraska,2-Rail,0.0553718,62.0149,1119.972621

16-Idaho,32-Nevada,16-Idaho/32-Nevada,2-Rail,0,0,-

16-Idaho,33-New Hampshire,16-Idaho/33-New Hampshire,2-Rail,0,0,-

16-Idaho,34-New Jersey,16-Idaho/34-New Jersey,2-Rail,0.0105395,28.5327,2707.215712

16-Idaho,35-New Mexico,16-Idaho/35-New Mexico,2-Rail,0.0176151,28.0062,1589.897304

16-Idaho,36-New York,16-Idaho/36-New York,2-Rail,0.0020165,4.7196,2340.49095

16-Idaho,37-North Carolina,16-Idaho/37-North Carolina,2-Rail,0.0071139,19.5639,2750.094885

16-Idaho,38-North Dakota,16-Idaho/38-North Dakota,2-Rail,0,0,-

16-Idaho,39-Ohio,16-Idaho/39-Ohio,2-Rail,0.1199732,262.7851,2190.365015

16-Idaho,40-Oklahoma,16-Idaho/40-Oklahoma,2-Rail,0.0207235,35.6846,1721.938862

16-Idaho,41-Oregon,16-Idaho/41-Oregon,2-Rail,0.1879112,109.5176,582.815713

16-Idaho,42-Pennsylvania,16-Idaho/42-Pennsylvania,2-Rail,0.0886006,202.8427,2289.405489

16-Idaho,44-Rhode Island,16-Idaho/44-Rhode Island,2-Rail,0,0,-

16-Idaho,45-South Carolina,16-Idaho/45-South Carolina,2-Rail,0.0059712,15.9308,2667.939443

16-Idaho,46-South Dakota,16-Idaho/46-South Dakota,2-Rail,0.06193,73.186,1181.753593

16-Idaho,47-Tennessee,16-Idaho/47-Tennessee,2-Rail,0.0856846,192.3076,2244.365965

16-Idaho,48-Texas,16-Idaho/48-Texas,2-Rail,0.3839972,705.1637,1836.377192

16-Idaho,49-Utah,16-Idaho/49-Utah,2-Rail,0.651897,425.775,653.13232

16-Idaho,50-Vermont,16-Idaho/50-Vermont,2-Rail,0,0,-

16-Idaho,51-Virginia,16-Idaho/51-Virginia,2-Rail,0,0,-

16-Idaho,53-Washington,16-Idaho/53-Washington,2-Rail,0.3631364,182.6024,502.8479657

16-Idaho,54-West Virginia,16-Idaho/54-West Virginia,2-Rail,0,0,-

16-Idaho,55-Wisconsin,16-Idaho/55-Wisconsin,2-Rail,0.0448431,77.105,1719.439557

16-Idaho,56-Wyoming,16-Idaho/56-Wyoming,2-Rail,0.0221911,16.6714,751.2651468

17-Illinois,01-Alabama,17-Illinois/01-Alabama,2-Rail,2.2541499,1440.8943,639.2184921

17-Illinois,02-Alaska,17-Illinois/02-Alaska,2-Rail,0,0,-

17-Illinois,04-Arizona,17-Illinois/04-Arizona,2-Rail,0.0000089,0.0161,1808.988764

17-Illinois,05-Arkansas,17-Illinois/05-Arkansas,2-Rail,0.4592386,286.8309,624.5792492

17-Illinois,06-California,17-Illinois/06-California,2-Rail,0.6756997,1483.1432,2194.973892

17-Illinois,08-Colorado,17-Illinois/08-Colorado,2-Rail,0.7201521,798.8979,1109.346067

17-Illinois,09-Connecticut,17-Illinois/09-Connecticut,2-Rail,0.0045203,4.6023,1018.140389

17-Illinois,10-Delaware,17-Illinois/10-Delaware,2-Rail,0.0246723,25.7085,1041.998517

17-Illinois,11-Washington DC,17-Illinois/11-Washington DC,2-Rail,0,0,-

17-Illinois,12-Florida,17-Illinois/12-Florida,2-Rail,1.023561,1246.9486,1218.245517

17-Illinois,13-Georgia,17-Illinois/13-Georgia,2-Rail,3.5998742,2860.7712,794.6864365

17-Illinois,15-Hawaii,17-Illinois/15-Hawaii,2-Rail,0,0,-

17-Illinois,16-Idaho,17-Illinois/16-Idaho,2-Rail,0.2068867,359.0828,1735.649513

17-Illinois,17-Illinois,17-Illinois/17-Illinois,2-Rail,25.0084928,3390.982,135.5932174

17-Illinois,18-Indiana,17-Illinois/18-Indiana,2-Rail,14.7342487,4052.4027,275.0328695

17-Illinois,19-Iowa,17-Illinois/19-Iowa,2-Rail,2.0460214,610.3008,298.2866162

17-Illinois,20-Kansas,17-Illinois/20-Kansas,2-Rail,0.2644668,153.0863,578.8488385

17-Illinois,21-Kentucky,17-Illinois/21-Kentucky,2-Rail,0.4594523,176.8273,384.8654148

17-Illinois,22-Louisiana,17-Illinois/22-Louisiana,2-Rail,7.8191417,6421.4826,821.2515959

17-Illinois,23-Maine,17-Illinois/23-Maine,2-Rail,0.0410385,50.1902,1223.00279

17-Illinois,24-Maryland,17-Illinois/24-Maryland,2-Rail,0.1391766,113.8473,818.0060441

17-Illinois,25-Massachusetts,17-Illinois/25-Massachusetts,2-Rail,0.0013586,1.413,1040.041219

17-Illinois,26-Michigan,17-Illinois/26-Michigan,2-Rail,0.2403376,71.2161,296.3169309

17-Illinois,27-Minnesota,17-Illinois/27-Minnesota,2-Rail,0.5984196,348.2016,581.868642

17-Illinois,28-Mississippi,17-Illinois/28-Mississippi,2-Rail,2.7296582,1550.953,568.1857897

17-Illinois,29-Missouri,17-Illinois/29-Missouri,2-Rail,0.9157766,287.1467,313.555402

17-Illinois,30-Montana,17-Illinois/30-Montana,2-Rail,0.2787944,389.5017,1397.092983

17-Illinois,31-Nebraska,17-Illinois/31-Nebraska,2-Rail,2.4142577,1545.9402,640.3376905

17-Illinois,32-Nevada,17-Illinois/32-Nevada,2-Rail,0.0130797,24.7699,1893.766677

17-Illinois,33-New Hampshire,17-Illinois/33-New Hampshire,2-Rail,0,0,-

17-Illinois,34-New Jersey,17-Illinois/34-New Jersey,2-Rail,0.0264587,24.1517,912.8075075

17-Illinois,35-New Mexico,17-Illinois/35-New Mexico,2-Rail,2.1937755,2696.0842,1228.969965

17-Illinois,36-New York,17-Illinois/36-New York,2-Rail,0.1453808,109.648,754.2123857

17-Illinois,37-North Carolina,17-Illinois/37-North Carolina,2-Rail,1.0589617,1004.186,948.2741444

17-Illinois,38-North Dakota,17-Illinois/38-North Dakota,2-Rail,1.141609,973.1794,852.4629711

17-Illinois,39-Ohio,17-Illinois/39-Ohio,2-Rail,0.7372789,264.8681,359.2508886

17-Illinois,40-Oklahoma,17-Illinois/40-Oklahoma,2-Rail,0.1230652,92.4197,750.9815935

17-Illinois,41-Oregon,17-Illinois/41-Oregon,2-Rail,0.0509081,118.5812,2329.31891

17-Illinois,42-Pennsylvania,17-Illinois/42-Pennsylvania,2-Rail,0.4676542,318.1983,680.4136475

17-Illinois,44-Rhode Island,17-Illinois/44-Rhode Island,2-Rail,0.0006093,0.6535,1072.542262

17-Illinois,45-South Carolina,17-Illinois/45-South Carolina,2-Rail,0.1390115,147.0872,1058.093755

17-Illinois,46-South Dakota,17-Illinois/46-South Dakota,2-Rail,2.8660211,2090.9937,729.5807069

17-Illinois,47-Tennessee,17-Illinois/47-Tennessee,2-Rail,1.1886244,748.6063,629.8089624

17-Illinois,48-Texas,17-Illinois/48-Texas,2-Rail,3.6295875,3637.4984,1002.179559

17-Illinois,49-Utah,17-Illinois/49-Utah,2-Rail,0.0713823,106.5887,1493.209101

17-Illinois,50-Vermont,17-Illinois/50-Vermont,2-Rail,0,0,-

17-Illinois,51-Virginia,17-Illinois/51-Virginia,2-Rail,0.110309,112.7434,1022.068916

17-Illinois,53-Washington,17-Illinois/53-Washington,2-Rail,0.0321681,69.5798,2163.006208

17-Illinois,54-West Virginia,17-Illinois/54-West Virginia,2-Rail,0.8599234,526.027,611.7137875

17-Illinois,55-Wisconsin,17-Illinois/55-Wisconsin,2-Rail,3.0113926,615.1802,204.2842903

17-Illinois,56-Wyoming,17-Illinois/56-Wyoming,2-Rail,12.8114702,14953.9443,1167.230932

18-Indiana,01-Alabama,18-Indiana/01-Alabama,2-Rail,2.0337518,1433.3298,704.7712508

18-Indiana,02-Alaska,18-Indiana/02-Alaska,2-Rail,0,0,-

18-Indiana,04-Arizona,18-Indiana/04-Arizona,2-Rail,0,0,-

18-Indiana,05-Arkansas,18-Indiana/05-Arkansas,2-Rail,0.0033601,2.2569,671.6764382

18-Indiana,06-California,18-Indiana/06-California,2-Rail,1.0181376,2376.1309,2333.801345

18-Indiana,08-Colorado,18-Indiana/08-Colorado,2-Rail,0.0001398,0.1754,1254.649499

18-Indiana,09-Connecticut,18-Indiana/09-Connecticut,2-Rail,0.0061824,5.5277,894.1026139

18-Indiana,10-Delaware,18-Indiana/10-Delaware,2-Rail,0.0864069,64.8929,751.0152546

18-Indiana,11-Washington DC,18-Indiana/11-Washington DC,2-Rail,0,0,-

18-Indiana,12-Florida,18-Indiana/12-Florida,2-Rail,0.3696425,384.2674,1039.564985

18-Indiana,13-Georgia,18-Indiana/13-Georgia,2-Rail,9.5380348,6563.4628,688.1357573

18-Indiana,15-Hawaii,18-Indiana/15-Hawaii,2-Rail,0,0,-

18-Indiana,16-Idaho,18-Indiana/16-Idaho,2-Rail,0.0781738,140.9781,1803.393208

18-Indiana,17-Illinois,18-Indiana/17-Illinois,2-Rail,14.7342487,4052.4027,275.0328695

18-Indiana,18-Indiana,18-Indiana/18-Indiana,2-Rail,57.0656382,5867.3316,102.8172432

18-Indiana,19-Iowa,18-Indiana/19-Iowa,2-Rail,0.3964163,172.6564,435.5431399

18-Indiana,20-Kansas,18-Indiana/20-Kansas,2-Rail,0.0807697,49.2927,610.287026

18-Indiana,21-Kentucky,18-Indiana/21-Kentucky,2-Rail,1.7149012,694.3891,404.9149304

18-Indiana,22-Louisiana,18-Indiana/22-Louisiana,2-Rail,0.2837469,257.9217,908.9850849

18-Indiana,23-Maine,18-Indiana/23-Maine,2-Rail,0.0042523,5.1159,1203.090092

18-Indiana,24-Maryland,18-Indiana/24-Maryland,2-Rail,0.2054665,165.0521,803.3041883

18-Indiana,25-Massachusetts,18-Indiana/25-Massachusetts,2-Rail,0.3211468,325.6476,1014.014775

18-Indiana,26-Michigan,18-Indiana/26-Michigan,2-Rail,1.4286214,388.6497,272.0452739

18-Indiana,27-Minnesota,18-Indiana/27-Minnesota,2-Rail,0.1227622,66.9662,545.4952746

18-Indiana,28-Mississippi,18-Indiana/28-Mississippi,2-Rail,0.1175442,84.2229,716.5211044

18-Indiana,29-Missouri,18-Indiana/29-Missouri,2-Rail,0.094496,39.5892,418.9510667

18-Indiana,30-Montana,18-Indiana/30-Montana,2-Rail,0.0073021,11.4846,1572.780433

18-Indiana,31-Nebraska,18-Indiana/31-Nebraska,2-Rail,0.1217037,90.37,742.541106

18-Indiana,32-Nevada,18-Indiana/32-Nevada,2-Rail,0.0055278,11.6193,2101.975469

18-Indiana,33-New Hampshire,18-Indiana/33-New Hampshire,2-Rail,0,0,-

18-Indiana,34-New Jersey,18-Indiana/34-New Jersey,2-Rail,0.568808,454.7631,799.5019409

18-Indiana,35-New Mexico,18-Indiana/35-New Mexico,2-Rail,0.0243573,35.8042,1469.957672

18-Indiana,36-New York,18-Indiana/36-New York,2-Rail,0.0706517,52.6714,745.5078929

18-Indiana,37-North Carolina,18-Indiana/37-North Carolina,2-Rail,2.2648688,1831.6491,808.7219445

18-Indiana,38-North Dakota,18-Indiana/38-North Dakota,2-Rail,0.175397,150.4808,857.9439785

18-Indiana,39-Ohio,18-Indiana/39-Ohio,2-Rail,5.1644407,1267.897,245.5051909

18-Indiana,40-Oklahoma,18-Indiana/40-Oklahoma,2-Rail,0.1102697,88.831,805.5794112

18-Indiana,41-Oregon,18-Indiana/41-Oregon,2-Rail,0.0001683,0.3866,2297.088532

18-Indiana,42-Pennsylvania,18-Indiana/42-Pennsylvania,2-Rail,0.7596466,391.4873,515.3545083

18-Indiana,44-Rhode Island,18-Indiana/44-Rhode Island,2-Rail,0,0,-

18-Indiana,45-South Carolina,18-Indiana/45-South Carolina,2-Rail,1.3386066,1117.7043,834.9759369

18-Indiana,46-South Dakota,18-Indiana/46-South Dakota,2-Rail,0,0,-

18-Indiana,47-Tennessee,18-Indiana/47-Tennessee,2-Rail,1.8661549,851.7858,456.4389591

18-Indiana,48-Texas,18-Indiana/48-Texas,2-Rail,0.5386311,597.6571,1109.585206

18-Indiana,49-Utah,18-Indiana/49-Utah,2-Rail,0.0191877,31.7822,1656.384038

18-Indiana,50-Vermont,18-Indiana/50-Vermont,2-Rail,0,0,-

18-Indiana,51-Virginia,18-Indiana/51-Virginia,2-Rail,0.0938012,75.6152,806.1218833

18-Indiana,53-Washington,18-Indiana/53-Washington,2-Rail,0.0194588,41.7652,2146.339959

18-Indiana,54-West Virginia,18-Indiana/54-West Virginia,2-Rail,3.7597879,1992.2037,529.8712994

18-Indiana,55-Wisconsin,18-Indiana/55-Wisconsin,2-Rail,0.9230799,281.9991,305.4980398

18-Indiana,56-Wyoming,18-Indiana/56-Wyoming,2-Rail,6.012728,7839.293,1303.783075

19-Iowa,01-Alabama,19-Iowa/01-Alabama,2-Rail,0.075158,80.1248,1066.084781

19-Iowa,02-Alaska,19-Iowa/02-Alaska,2-Rail,0,0,-

19-Iowa,04-Arizona,19-Iowa/04-Arizona,2-Rail,0.0547006,85.95,1571.280754

19-Iowa,05-Arkansas,19-Iowa/05-Arkansas,2-Rail,0.331927,245.0285,738.1999657

19-Iowa,06-California,19-Iowa/06-California,2-Rail,0.7909595,1558.0074,1969.768869

19-Iowa,08-Colorado,19-Iowa/08-Colorado,2-Rail,0.2706313,224.4065,829.1964012

19-Iowa,09-Connecticut,19-Iowa/09-Connecticut,2-Rail,0,0,-

19-Iowa,10-Delaware,19-Iowa/10-Delaware,2-Rail,0.0199784,23.2521,1163.861971

19-Iowa,11-Washington DC,19-Iowa/11-Washington DC,2-Rail,0,0,-

19-Iowa,12-Florida,19-Iowa/12-Florida,2-Rail,0.4433328,730.8692,1648.579126

19-Iowa,13-Georgia,19-Iowa/13-Georgia,2-Rail,0.6830681,783.0822,1146.41893

19-Iowa,15-Hawaii,19-Iowa/15-Hawaii,2-Rail,0,0,-

19-Iowa,16-Idaho,19-Iowa/16-Idaho,2-Rail,0.6096697,856.5036,1404.864962

19-Iowa,17-Illinois,19-Iowa/17-Illinois,2-Rail,2.0460214,610.3008,298.2866162

19-Iowa,18-Indiana,19-Iowa/18-Indiana,2-Rail,0.3964163,172.6564,435.5431399

19-Iowa,19-Iowa,19-Iowa/19-Iowa,2-Rail,16.164338,2801.685,173.3250691

19-Iowa,20-Kansas,19-Iowa/20-Kansas,2-Rail,0.3516508,152.402,433.39017

19-Iowa,21-Kentucky,19-Iowa/21-Kentucky,2-Rail,0.1011773,73.1106,722.5988438

19-Iowa,22-Louisiana,19-Iowa/22-Louisiana,2-Rail,1.1631822,1320.3132,1135.087177

19-Iowa,23-Maine,19-Iowa/23-Maine,2-Rail,0.0370001,56.9993,1540.517458

19-Iowa,24-Maryland,19-Iowa/24-Maryland,2-Rail,0.4883792,557.9053,1142.360895

19-Iowa,25-Massachusetts,19-Iowa/25-Massachusetts,2-Rail,0.0230152,30.5914,1329.182453

19-Iowa,26-Michigan,19-Iowa/26-Michigan,2-Rail,0.0556343,29.3251,527.1046818

19-Iowa,27-Minnesota,19-Iowa/27-Minnesota,2-Rail,2.0070105,542.3936,270.2495079

19-Iowa,28-Mississippi,19-Iowa/28-Mississippi,2-Rail,0.2689566,258.0782,959.5533257

19-Iowa,29-Missouri,19-Iowa/29-Missouri,2-Rail,0.1086055,42.8166,394.2397024

19-Iowa,30-Montana,19-Iowa/30-Montana,2-Rail,0,0,-

19-Iowa,31-Nebraska,19-Iowa/31-Nebraska,2-Rail,0.9592283,268.3606,279.7671837

19-Iowa,32-Nevada,19-Iowa/32-Nevada,2-Rail,0.0349426,56.5748,1619.078145

19-Iowa,33-New Hampshire,19-Iowa/33-New Hampshire,2-Rail,0.0230541,31.3781,1361.063759

19-Iowa,34-New Jersey,19-Iowa/34-New Jersey,2-Rail,1.4389849,1790.8376,1244.514519

19-Iowa,35-New Mexico,19-Iowa/35-New Mexico,2-Rail,0.8213388,931.9547,1134.677553

19-Iowa,36-New York,19-Iowa/36-New York,2-Rail,0.7681185,893.5406,1163.284832

19-Iowa,37-North Carolina,19-Iowa/37-North Carolina,2-Rail,0.5784035,656.2884,1134.65496

19-Iowa,38-North Dakota,19-Iowa/38-North Dakota,2-Rail,1.4267513,999.8444,700.7839418

19-Iowa,39-Ohio,19-Iowa/39-Ohio,2-Rail,0.734976,477.563,649.7667951

19-Iowa,40-Oklahoma,19-Iowa/40-Oklahoma,2-Rail,0.1968749,132.0823,670.894563

19-Iowa,41-Oregon,19-Iowa/41-Oregon,2-Rail,0.1340052,273.1148,2038.091059

19-Iowa,42-Pennsylvania,19-Iowa/42-Pennsylvania,2-Rail,0.9920193,864.2963,871.2494807

19-Iowa,44-Rhode Island,19-Iowa/44-Rhode Island,2-Rail,0,0,-

19-Iowa,45-South Carolina,19-Iowa/45-South Carolina,2-Rail,0,0,-

19-Iowa,46-South Dakota,19-Iowa/46-South Dakota,2-Rail,0.4078803,153.0426,375.2144931

19-Iowa,47-Tennessee,19-Iowa/47-Tennessee,2-Rail,0.0102132,8.8772,869.1888928

19-Iowa,48-Texas,19-Iowa/48-Texas,2-Rail,5.2022711,5077.1971,975.9578081

19-Iowa,49-Utah,19-Iowa/49-Utah,2-Rail,0.178059,216.7223,1217.137578

19-Iowa,50-Vermont,19-Iowa/50-Vermont,2-Rail,0.0064007,8.3453,1303.810521

19-Iowa,51-Virginia,19-Iowa/51-Virginia,2-Rail,0.2271805,274.6617,1209.002093

19-Iowa,53-Washington,19-Iowa/53-Washington,2-Rail,0.0876028,164.4881,1877.65802

19-Iowa,54-West Virginia,19-Iowa/54-West Virginia,2-Rail,0,0,-

19-Iowa,55-Wisconsin,19-Iowa/55-Wisconsin,2-Rail,1.1557927,477.2042,412.8804413

19-Iowa,56-Wyoming,19-Iowa/56-Wyoming,2-Rail,11.2194204,10333.2917,921.0183175

20-Kansas,01-Alabama,20-Kansas/01-Alabama,2-Rail,0.1589837,126.4175,795.1601328

20-Kansas,02-Alaska,20-Kansas/02-Alaska,2-Rail,0,0,-

20-Kansas,04-Arizona,20-Kansas/04-Arizona,2-Rail,0.3948424,520.3781,1317.938752

20-Kansas,05-Arkansas,20-Kansas/05-Arkansas,2-Rail,1.3456141,792.5453,588.9840928

20-Kansas,06-California,20-Kansas/06-California,2-Rail,0.0821125,134.7616,1641.182524

20-Kansas,08-Colorado,20-Kansas/08-Colorado,2-Rail,0.2345752,188.1927,802.2702315

20-Kansas,09-Connecticut,20-Kansas/09-Connecticut,2-Rail,0,0,-

20-Kansas,10-Delaware,20-Kansas/10-Delaware,2-Rail,0,0,-

20-Kansas,11-Washington DC,20-Kansas/11-Washington DC,2-Rail,0,0,-

20-Kansas,12-Florida,20-Kansas/12-Florida,2-Rail,0.0253725,41.5162,1636.267613

20-Kansas,13-Georgia,20-Kansas/13-Georgia,2-Rail,0.0147556,17.5375,1188.531812

20-Kansas,15-Hawaii,20-Kansas/15-Hawaii,2-Rail,0,0,-

20-Kansas,16-Idaho,20-Kansas/16-Idaho,2-Rail,0.0700241,95.9788,1370.653818

20-Kansas,17-Illinois,20-Kansas/17-Illinois,2-Rail,0.2644668,153.0863,578.8488385

20-Kansas,18-Indiana,20-Kansas/18-Indiana,2-Rail,0.0807697,49.2927,610.287026

20-Kansas,19-Iowa,20-Kansas/19-Iowa,2-Rail,0.3516508,152.402,433.39017

20-Kansas,20-Kansas,20-Kansas/20-Kansas,2-Rail,11.3412696,2002.1282,176.5347506

20-Kansas,21-Kentucky,20-Kansas/21-Kentucky,2-Rail,0,0,-

20-Kansas,22-Louisiana,20-Kansas/22-Louisiana,2-Rail,0.0550971,47.4164,860.5970187

20-Kansas,23-Maine,20-Kansas/23-Maine,2-Rail,0,0,-

20-Kansas,24-Maryland,20-Kansas/24-Maryland,2-Rail,0,0,-

20-Kansas,25-Massachusetts,20-Kansas/25-Massachusetts,2-Rail,0.1638788,279.0365,1702.70041

20-Kansas,26-Michigan,20-Kansas/26-Michigan,2-Rail,0.0027925,2.2573,808.343778

20-Kansas,27-Minnesota,20-Kansas/27-Minnesota,2-Rail,1.1528753,907.4686,787.1350874

20-Kansas,28-Mississippi,20-Kansas/28-Mississippi,2-Rail,0.0390117,32.4055,830.6610581

20-Kansas,29-Missouri,20-Kansas/29-Missouri,2-Rail,0.1021813,17.7991,174.1913638

20-Kansas,30-Montana,20-Kansas/30-Montana,2-Rail,0.016832,21.9845,1306.113356

20-Kansas,31-Nebraska,20-Kansas/31-Nebraska,2-Rail,0.309986,85.6703,276.3682876

20-Kansas,32-Nevada,20-Kansas/32-Nevada,2-Rail,0,0,-

20-Kansas,33-New Hampshire,20-Kansas/33-New Hampshire,2-Rail,0,0,-

20-Kansas,34-New Jersey,20-Kansas/34-New Jersey,2-Rail,0.0000205,0.0272,1326.829268

20-Kansas,35-New Mexico,20-Kansas/35-New Mexico,2-Rail,0,0,-

20-Kansas,36-New York,20-Kansas/36-New York,2-Rail,0,0,-

20-Kansas,37-North Carolina,20-Kansas/37-North Carolina,2-Rail,0.4454065,546.141,1226.163067

20-Kansas,38-North Dakota,20-Kansas/38-North Dakota,2-Rail,0.02162,20.3519,941.3459759

20-Kansas,39-Ohio,20-Kansas/39-Ohio,2-Rail,0.0165647,13.202,796.9960217

20-Kansas,40-Oklahoma,20-Kansas/40-Oklahoma,2-Rail,0.0359806,12.5602,349.0825612

20-Kansas,41-Oregon,20-Kansas/41-Oregon,2-Rail,0.0158423,32.2272,2034.250077

20-Kansas,42-Pennsylvania,20-Kansas/42-Pennsylvania,2-Rail,0.1070468,119.3916,1115.321523

20-Kansas,44-Rhode Island,20-Kansas/44-Rhode Island,2-Rail,0,0,-

20-Kansas,45-South Carolina,20-Kansas/45-South Carolina,2-Rail,0,0,-

20-Kansas,46-South Dakota,20-Kansas/46-South Dakota,2-Rail,0,0,-

20-Kansas,47-Tennessee,20-Kansas/47-Tennessee,2-Rail,0.0214727,18.8278,876.8249917

20-Kansas,48-Texas,20-Kansas/48-Texas,2-Rail,5.7823998,4935.0363,853.4581611

20-Kansas,49-Utah,20-Kansas/49-Utah,2-Rail,0.0038284,4.7382,1237.644969

20-Kansas,50-Vermont,20-Kansas/50-Vermont,2-Rail,0,0,-

20-Kansas,51-Virginia,20-Kansas/51-Virginia,2-Rail,0.002511,3.6179,1440.82039

20-Kansas,53-Washington,20-Kansas/53-Washington,2-Rail,0,0,-

20-Kansas,54-West Virginia,20-Kansas/54-West Virginia,2-Rail,0,0,-

20-Kansas,55-Wisconsin,20-Kansas/55-Wisconsin,2-Rail,0.2597977,187.9447,723.4271127

20-Kansas,56-Wyoming,20-Kansas/56-Wyoming,2-Rail,4.4747131,3786.4392,846.1859152

21-Kentucky,01-Alabama,21-Kentucky/01-Alabama,2-Rail,3.5586609,1205.5899,338.7762796

21-Kentucky,02-Alaska,21-Kentucky/02-Alaska,2-Rail,0,0,-

21-Kentucky,04-Arizona,21-Kentucky/04-Arizona,2-Rail,0,0,-

21-Kentucky,05-Arkansas,21-Kentucky/05-Arkansas,2-Rail,0.0728175,44.167,606.5437567

21-Kentucky,06-California,21-Kentucky/06-California,2-Rail,0.1005843,245.081,2436.573103

21-Kentucky,08-Colorado,21-Kentucky/08-Colorado,2-Rail,0.5231781,858.1524,1640.268199

21-Kentucky,09-Connecticut,21-Kentucky/09-Connecticut,2-Rail,0.0250341,23.2096,927.1194091

21-Kentucky,10-Delaware,21-Kentucky/10-Delaware,2-Rail,0,0,-

21-Kentucky,11-Washington DC,21-Kentucky/11-Washington DC,2-Rail,0,0,-

21-Kentucky,12-Florida,21-Kentucky/12-Florida,2-Rail,4.49893,3956.7124,879.4785427

21-Kentucky,13-Georgia,21-Kentucky/13-Georgia,2-Rail,1.2509146,603.7925,482.6808321

21-Kentucky,15-Hawaii,21-Kentucky/15-Hawaii,2-Rail,0,0,-

21-Kentucky,16-Idaho,21-Kentucky/16-Idaho,2-Rail,0.0130633,30.0054,2296.923442

21-Kentucky,17-Illinois,21-Kentucky/17-Illinois,2-Rail,0.4594523,176.8273,384.8654148

21-Kentucky,18-Indiana,21-Kentucky/18-Indiana,2-Rail,1.7149012,694.3891,404.9149304

21-Kentucky,19-Iowa,21-Kentucky/19-Iowa,2-Rail,0.1011773,73.1106,722.5988438

21-Kentucky,20-Kansas,21-Kentucky/20-Kansas,2-Rail,0,0,-

21-Kentucky,21-Kentucky,21-Kentucky/21-Kentucky,2-Rail,8.1045494,1424.7426,175.7954119

21-Kentucky,22-Louisiana,21-Kentucky/22-Louisiana,2-Rail,0.9700551,839.4363,865.349092

21-Kentucky,23-Maine,21-Kentucky/23-Maine,2-Rail,0,0,-

21-Kentucky,24-Maryland,21-Kentucky/24-Maryland,2-Rail,0.6761596,473.488,700.2607077

21-Kentucky,25-Massachusetts,21-Kentucky/25-Massachusetts,2-Rail,0.0163205,16.5262,1012.603781

21-Kentucky,26-Michigan,21-Kentucky/26-Michigan,2-Rail,0.1543957,76.9082,498.1239763

21-Kentucky,27-Minnesota,21-Kentucky/27-Minnesota,2-Rail,0.0345096,32.8779,952.7175047

21-Kentucky,28-Mississippi,21-Kentucky/28-Mississippi,2-Rail,0.0825607,48.3891,586.1033155

21-Kentucky,29-Missouri,21-Kentucky/29-Missouri,2-Rail,0.0690835,26.7469,387.1677029

21-Kentucky,30-Montana,21-Kentucky/30-Montana,2-Rail,0,0,-

21-Kentucky,31-Nebraska,21-Kentucky/31-Nebraska,2-Rail,0,0,-

21-Kentucky,32-Nevada,21-Kentucky/32-Nevada,2-Rail,0,0,-

21-Kentucky,33-New Hampshire,21-Kentucky/33-New Hampshire,2-Rail,0,0,-

21-Kentucky,34-New Jersey,21-Kentucky/34-New Jersey,2-Rail,0.1778828,163.7114,920.3329383

21-Kentucky,35-New Mexico,21-Kentucky/35-New Mexico,2-Rail,0,0,-

21-Kentucky,36-New York,21-Kentucky/36-New York,2-Rail,0.0030789,2.0255,657.8648219

21-Kentucky,37-North Carolina,21-Kentucky/37-North Carolina,2-Rail,0.6590229,372.4502,565.1551714

21-Kentucky,38-North Dakota,21-Kentucky/38-North Dakota,2-Rail,0.000948,1.1674,1231.434599

21-Kentucky,39-Ohio,21-Kentucky/39-Ohio,2-Rail,0.1935654,72.1075,372.5226719

21-Kentucky,40-Oklahoma,21-Kentucky/40-Oklahoma,2-Rail,0.0190041,17.2699,908.7460074

21-Kentucky,41-Oregon,21-Kentucky/41-Oregon,2-Rail,0.002019,5.2114,2581.178801

21-Kentucky,42-Pennsylvania,21-Kentucky/42-Pennsylvania,2-Rail,0.5201673,327.3399,629.2973434

21-Kentucky,44-Rhode Island,21-Kentucky/44-Rhode Island,2-Rail,0,0,-

21-Kentucky,45-South Carolina,21-Kentucky/45-South Carolina,2-Rail,7.4843083,4248.161,567.6090334

21-Kentucky,46-South Dakota,21-Kentucky/46-South Dakota,2-Rail,0,0,-

21-Kentucky,47-Tennessee,21-Kentucky/47-Tennessee,2-Rail,3.534126,1131.5164,320.168664

21-Kentucky,48-Texas,21-Kentucky/48-Texas,2-Rail,0.2528116,262.6865,1039.060312

21-Kentucky,49-Utah,21-Kentucky/49-Utah,2-Rail,0.0004507,0.7765,1722.875527

21-Kentucky,50-Vermont,21-Kentucky/50-Vermont,2-Rail,0.0083295,8.6242,1035.380275

21-Kentucky,51-Virginia,21-Kentucky/51-Virginia,2-Rail,3.8272312,2476.9832,647.1997824

21-Kentucky,53-Washington,21-Kentucky/53-Washington,2-Rail,0.0047824,12.0247,2514.365172

21-Kentucky,54-West Virginia,21-Kentucky/54-West Virginia,2-Rail,0.1688334,74.5168,441.3629057

21-Kentucky,55-Wisconsin,21-Kentucky/55-Wisconsin,2-Rail,0.0796764,52.9124,664.0912491

21-Kentucky,56-Wyoming,21-Kentucky/56-Wyoming,2-Rail,5.2303766,8310.723,1588.933959

22-Louisiana,01-Alabama,22-Louisiana/01-Alabama,2-Rail,0.3792252,166.1596,438.1554812

22-Louisiana,02-Alaska,22-Louisiana/02-Alaska,2-Rail,0,0,-

22-Louisiana,04-Arizona,22-Louisiana/04-Arizona,2-Rail,0.1361021,207.0191,1521.057353

22-Louisiana,05-Arkansas,22-Louisiana/05-Arkansas,2-Rail,0.4751027,196.1832,412.9279838

22-Louisiana,06-California,22-Louisiana/06-California,2-Rail,0.9877665,1846.8593,1869.732675

22-Louisiana,08-Colorado,22-Louisiana/08-Colorado,2-Rail,0.9782625,1334.6924,1364.349957

22-Louisiana,09-Connecticut,22-Louisiana/09-Connecticut,2-Rail,0.0707984,123.4553,1743.758334

22-Louisiana,10-Delaware,22-Louisiana/10-Delaware,2-Rail,0.1216533,170.8673,1404.543074

22-Louisiana,11-Washington DC,22-Louisiana/11-Washington DC,2-Rail,0,0,-

22-Louisiana,12-Florida,22-Louisiana/12-Florida,2-Rail,0.062986,54.1732,860.0831931

22-Louisiana,13-Georgia,22-Louisiana/13-Georgia,2-Rail,1.5984967,1022.0175,639.3616577

22-Louisiana,15-Hawaii,22-Louisiana/15-Hawaii,2-Rail,0,0,-

22-Louisiana,16-Idaho,22-Louisiana/16-Idaho,2-Rail,0.0745763,162.7832,2182.773884

22-Louisiana,17-Illinois,22-Louisiana/17-Illinois,2-Rail,7.8191417,6421.4826,821.2515959

22-Louisiana,18-Indiana,22-Louisiana/18-Indiana,2-Rail,0.2837469,257.9217,908.9850849

22-Louisiana,19-Iowa,22-Louisiana/19-Iowa,2-Rail,1.1631822,1320.3132,1135.087177

22-Louisiana,20-Kansas,22-Louisiana/20-Kansas,2-Rail,0.0550971,47.4164,860.5970187

22-Louisiana,21-Kentucky,22-Louisiana/21-Kentucky,2-Rail,0.9700551,839.4363,865.349092

22-Louisiana,22-Louisiana,22-Louisiana/22-Louisiana,2-Rail,47.4188664,3982.5534,83.9866851

22-Louisiana,23-Maine,22-Louisiana/23-Maine,2-Rail,0.0052798,10.8401,2053.127012

22-Louisiana,24-Maryland,22-Louisiana/24-Maryland,2-Rail,0.0330097,44.1094,1336.255707

22-Louisiana,25-Massachusetts,22-Louisiana/25-Massachusetts,2-Rail,0.1150522,202.8041,1762.713794

22-Louisiana,26-Michigan,22-Louisiana/26-Michigan,2-Rail,0.3147501,364.8241,1159.091292

22-Louisiana,27-Minnesota,22-Louisiana/27-Minnesota,2-Rail,1.4743031,2011.2001,1364.170027

22-Louisiana,28-Mississippi,22-Louisiana/28-Mississippi,2-Rail,6.8177288,2629.1264,385.6308277

22-Louisiana,29-Missouri,22-Louisiana/29-Missouri,2-Rail,0.4693494,370.0282,788.3853692

22-Louisiana,30-Montana,22-Louisiana/30-Montana,2-Rail,0,0,-

22-Louisiana,31-Nebraska,22-Louisiana/31-Nebraska,2-Rail,2.4463246,3058.5677,1250.27059

22-Louisiana,32-Nevada,22-Louisiana/32-Nevada,2-Rail,0,0,-

22-Louisiana,33-New Hampshire,22-Louisiana/33-New Hampshire,2-Rail,0,0,-

22-Louisiana,34-New Jersey,22-Louisiana/34-New Jersey,2-Rail,0.5613894,892.4496,1589.715802

22-Louisiana,35-New Mexico,22-Louisiana/35-New Mexico,2-Rail,0.1898064,217.1371,1143.99251

22-Louisiana,36-New York,22-Louisiana/36-New York,2-Rail,0.1408216,222.348,1578.933914

22-Louisiana,37-North Carolina,22-Louisiana/37-North Carolina,2-Rail,0.1490409,142.7291,957.650551

22-Louisiana,38-North Dakota,22-Louisiana/38-North Dakota,2-Rail,0.808065,1477.7948,1828.806841

22-Louisiana,39-Ohio,22-Louisiana/39-Ohio,2-Rail,0.1761885,193.193,1096.51311

22-Louisiana,40-Oklahoma,22-Louisiana/40-Oklahoma,2-Rail,0.1977327,138.6963,701.4332986

22-Louisiana,41-Oregon,22-Louisiana/41-Oregon,2-Rail,0.1289493,342.4111,2655.393244

22-Louisiana,42-Pennsylvania,22-Louisiana/42-Pennsylvania,2-Rail,0.2214312,313.1579,1414.244695

22-Louisiana,44-Rhode Island,22-Louisiana/44-Rhode Island,2-Rail,0,0,-

22-Louisiana,45-South Carolina,22-Louisiana/45-South Carolina,2-Rail,0.7427331,695.8032,936.8145839

22-Louisiana,46-South Dakota,22-Louisiana/46-South Dakota,2-Rail,0.012421,17.7503,1429.055632

22-Louisiana,47-Tennessee,22-Louisiana/47-Tennessee,2-Rail,0.4326199,277.9388,642.4549587

22-Louisiana,48-Texas,22-Louisiana/48-Texas,2-Rail,6.0281789,1804.2275,299.2989309

22-Louisiana,49-Utah,22-Louisiana/49-Utah,2-Rail,0.0677069,124.8756,1844.355597

22-Louisiana,50-Vermont,22-Louisiana/50-Vermont,2-Rail,0,0,-

22-Louisiana,51-Virginia,22-Louisiana/51-Virginia,2-Rail,0.2906036,314.188,1081.1566

22-Louisiana,53-Washington,22-Louisiana/53-Washington,2-Rail,0,0,-

22-Louisiana,54-West Virginia,22-Louisiana/54-West Virginia,2-Rail,0.2055777,245.4202,1193.8075

22-Louisiana,55-Wisconsin,22-Louisiana/55-Wisconsin,2-Rail,0.3769518,429.8553,1140.34553

22-Louisiana,56-Wyoming,22-Louisiana/56-Wyoming,2-Rail,5.8738559,9640.1488,1641.195999

23-Maine,01-Alabama,23-Maine/01-Alabama,2-Rail,0,0,-

23-Maine,02-Alaska,23-Maine/02-Alaska,2-Rail,0,0,-

23-Maine,04-Arizona,23-Maine/04-Arizona,2-Rail,0.0064585,19.9585,3090.268638

23-Maine,05-Arkansas,23-Maine/05-Arkansas,2-Rail,0,0,-

23-Maine,06-California,23-Maine/06-California,2-Rail,0.0155056,52.4876,3385.07378

23-Maine,08-Colorado,23-Maine/08-Colorado,2-Rail,0,0,-

23-Maine,09-Connecticut,23-Maine/09-Connecticut,2-Rail,0,0,-

23-Maine,10-Delaware,23-Maine/10-Delaware,2-Rail,0,0,-

23-Maine,11-Washington DC,23-Maine/11-Washington DC,2-Rail,0,0,-

23-Maine,12-Florida,23-Maine/12-Florida,2-Rail,0,0,-

23-Maine,13-Georgia,23-Maine/13-Georgia,2-Rail,0.0045482,6.7877,1492.392595

23-Maine,15-Hawaii,23-Maine/15-Hawaii,2-Rail,0,0,-

23-Maine,16-Idaho,23-Maine/16-Idaho,2-Rail,0,0,-

23-Maine,17-Illinois,23-Maine/17-Illinois,2-Rail,0.0410385,50.1902,1223.00279

23-Maine,18-Indiana,23-Maine/18-Indiana,2-Rail,0.0042523,5.1159,1203.090092

23-Maine,19-Iowa,23-Maine/19-Iowa,2-Rail,0.0370001,56.9993,1540.517458

23-Maine,20-Kansas,23-Maine/20-Kansas,2-Rail,0,0,-

23-Maine,21-Kentucky,23-Maine/21-Kentucky,2-Rail,0,0,-

23-Maine,22-Louisiana,23-Maine/22-Louisiana,2-Rail,0.0052798,10.8401,2053.127012

23-Maine,23-Maine,23-Maine/23-Maine,2-Rail,0.3532968,39.7728,112.5761683

23-Maine,24-Maryland,23-Maine/24-Maryland,2-Rail,0,0,-

23-Maine,25-Massachusetts,23-Maine/25-Massachusetts,2-Rail,0.0417436,9.0653,217.1662243

23-Maine,26-Michigan,23-Maine/26-Michigan,2-Rail,0.016139,19.8108,1227.510998

23-Maine,27-Minnesota,23-Maine/27-Minnesota,2-Rail,0.0031367,5.1579,1644.371473

23-Maine,28-Mississippi,23-Maine/28-Mississippi,2-Rail,0,0,-

23-Maine,29-Missouri,23-Maine/29-Missouri,2-Rail,0,0,-

23-Maine,30-Montana,23-Maine/30-Montana,2-Rail,0.0026781,7.5311,2812.105597

23-Maine,31-Nebraska,23-Maine/31-Nebraska,2-Rail,0,0,-

23-Maine,32-Nevada,23-Maine/32-Nevada,2-Rail,0,0,-

23-Maine,33-New Hampshire,23-Maine/33-New Hampshire,2-Rail,0,0,-

23-Maine,34-New Jersey,23-Maine/34-New Jersey,2-Rail,0.0375295,22.8865,609.8269361

23-Maine,35-New Mexico,23-Maine/35-New Mexico,2-Rail,0.0153014,36.9367,2413.942515

23-Maine,36-New York,23-Maine/36-New York,2-Rail,0.0851871,32.0526,376.2611945

23-Maine,37-North Carolina,23-Maine/37-North Carolina,2-Rail,0.0281829,31.7212,1125.547761

23-Maine,38-North Dakota,23-Maine/38-North Dakota,2-Rail,0,0,-

23-Maine,39-Ohio,23-Maine/39-Ohio,2-Rail,0,0,-

23-Maine,40-Oklahoma,23-Maine/40-Oklahoma,2-Rail,0,0,-

23-Maine,41-Oregon,23-Maine/41-Oregon,2-Rail,0.0335339,115.6333,3448.250874

23-Maine,42-Pennsylvania,23-Maine/42-Pennsylvania,2-Rail,0,0,-

23-Maine,44-Rhode Island,23-Maine/44-Rhode Island,2-Rail,0,0,-

23-Maine,45-South Carolina,23-Maine/45-South Carolina,2-Rail,0.0130749,16.0438,1227.068658

23-Maine,46-South Dakota,23-Maine/46-South Dakota,2-Rail,0,0,-

23-Maine,47-Tennessee,23-Maine/47-Tennessee,2-Rail,0,0,-

23-Maine,48-Texas,23-Maine/48-Texas,2-Rail,0,0,-

23-Maine,49-Utah,23-Maine/49-Utah,2-Rail,0.0000282,0.0759,2691.489362

23-Maine,50-Vermont,23-Maine/50-Vermont,2-Rail,0.0166372,6.5662,394.6697762

23-Maine,51-Virginia,23-Maine/51-Virginia,2-Rail,0,0,-

23-Maine,53-Washington,23-Maine/53-Washington,2-Rail,0.0146852,50.3454,3428.308773

23-Maine,54-West Virginia,23-Maine/54-West Virginia,2-Rail,0,0,-

23-Maine,55-Wisconsin,23-Maine/55-Wisconsin,2-Rail,0.0557158,77.0431,1382.787288

23-Maine,56-Wyoming,23-Maine/56-Wyoming,2-Rail,0,0,-

24-Maryland,01-Alabama,24-Maryland/01-Alabama,2-Rail,0.0275629,28.1179,1020.135762

24-Maryland,02-Alaska,24-Maryland/02-Alaska,2-Rail,0,0,-

24-Maryland,04-Arizona,24-Maryland/04-Arizona,2-Rail,0,0,-

24-Maryland,05-Arkansas,24-Maryland/05-Arkansas,2-Rail,0.050746,59.3169,1168.898041

24-Maryland,06-California,24-Maryland/06-California,2-Rail,0.0995676,299.6179,3009.190741

24-Maryland,08-Colorado,24-Maryland/08-Colorado,2-Rail,0,0,-

24-Maryland,09-Connecticut,24-Maryland/09-Connecticut,2-Rail,0.1716207,95.0241,553.6867056

24-Maryland,10-Delaware,24-Maryland/10-Delaware,2-Rail,0,0,-

24-Maryland,11-Washington DC,24-Maryland/11-Washington DC,2-Rail,0.0961636,4.8515,50.4504823

24-Maryland,12-Florida,24-Maryland/12-Florida,2-Rail,0.0243801,24.6354,1010.471655

24-Maryland,13-Georgia,24-Maryland/13-Georgia,2-Rail,0,0,-

24-Maryland,15-Hawaii,24-Maryland/15-Hawaii,2-Rail,0,0,-

24-Maryland,16-Idaho,24-Maryland/16-Idaho,2-Rail,0.1200712,314.8032,2621.804396

24-Maryland,17-Illinois,24-Maryland/17-Illinois,2-Rail,0.1391766,113.8473,818.0060441

24-Maryland,18-Indiana,24-Maryland/18-Indiana,2-Rail,0.2054665,165.0521,803.3041883

24-Maryland,19-Iowa,24-Maryland/19-Iowa,2-Rail,0.4883792,557.9053,1142.360895

24-Maryland,20-Kansas,24-Maryland/20-Kansas,2-Rail,0,0,-

24-Maryland,21-Kentucky,24-Maryland/21-Kentucky,2-Rail,0.6761596,473.488,700.2607077

24-Maryland,22-Louisiana,24-Maryland/22-Louisiana,2-Rail,0.0330097,44.1094,1336.255707

24-Maryland,23-Maine,24-Maryland/23-Maine,2-Rail,0,0,-

24-Maryland,24-Maryland,24-Maryland/24-Maryland,2-Rail,4.7201606,371.3594,78.67516203

24-Maryland,25-Massachusetts,24-Maryland/25-Massachusetts,2-Rail,0.0000782,0.0407,520.4603581

24-Maryland,26-Michigan,24-Maryland/26-Michigan,2-Rail,0.003009,2.4692,820.6048521

24-Maryland,27-Minnesota,24-Maryland/27-Minnesota,2-Rail,0.0169989,21.9143,1289.159887

24-Maryland,28-Mississippi,24-Maryland/28-Mississippi,2-Rail,0,0,-

24-Maryland,29-Missouri,24-Maryland/29-Missouri,2-Rail,0.0056383,6.8536,1215.543692

24-Maryland,30-Montana,24-Maryland/30-Montana,2-Rail,0,0,-

24-Maryland,31-Nebraska,24-Maryland/31-Nebraska,2-Rail,0,0,-

24-Maryland,32-Nevada,24-Maryland/32-Nevada,2-Rail,0,0,-

24-Maryland,33-New Hampshire,24-Maryland/33-New Hampshire,2-Rail,0,0,-

24-Maryland,34-New Jersey,24-Maryland/34-New Jersey,2-Rail,0,0,-

24-Maryland,35-New Mexico,24-Maryland/35-New Mexico,2-Rail,0,0,-

24-Maryland,36-New York,24-Maryland/36-New York,2-Rail,0.1334409,43.5613,326.4463894

24-Maryland,37-North Carolina,24-Maryland/37-North Carolina,2-Rail,0.3254877,118.7166,364.7345199

24-Maryland,38-North Dakota,24-Maryland/38-North Dakota,2-Rail,0,0,-

24-Maryland,39-Ohio,24-Maryland/39-Ohio,2-Rail,1.402913,751.9337,535.9802782

24-Maryland,40-Oklahoma,24-Maryland/40-Oklahoma,2-Rail,0,0,-

24-Maryland,41-Oregon,24-Maryland/41-Oregon,2-Rail,0,0,-

24-Maryland,42-Pennsylvania,24-Maryland/42-Pennsylvania,2-Rail,0.2375325,60.709,255.5818677

24-Maryland,44-Rhode Island,24-Maryland/44-Rhode Island,2-Rail,0.1787534,106.4517,595.5226586

24-Maryland,45-South Carolina,24-Maryland/45-South Carolina,2-Rail,0.0094766,6.3048,665.3019015

24-Maryland,46-South Dakota,24-Maryland/46-South Dakota,2-Rail,0,0,-

24-Maryland,47-Tennessee,24-Maryland/47-Tennessee,2-Rail,0.0000235,0.0238,1012.765957

24-Maryland,48-Texas,24-Maryland/48-Texas,2-Rail,0.1738446,275.9805,1587.512641

24-Maryland,49-Utah,24-Maryland/49-Utah,2-Rail,0,0,-

24-Maryland,50-Vermont,24-Maryland/50-Vermont,2-Rail,0,0,-

24-Maryland,51-Virginia,24-Maryland/51-Virginia,2-Rail,2.3479177,803.4891,342.2134856

24-Maryland,53-Washington,24-Maryland/53-Washington,2-Rail,0.0012143,3.4074,2806.061105

24-Maryland,54-West Virginia,24-Maryland/54-West Virginia,2-Rail,2.1510499,708.8772,329.5493982

24-Maryland,55-Wisconsin,24-Maryland/55-Wisconsin,2-Rail,0.0089321,9.4578,1058.85514

24-Maryland,56-Wyoming,24-Maryland/56-Wyoming,2-Rail,0,0,-

25-Massachusetts,01-Alabama,25-Massachusetts/01-Alabama,2-Rail,0.0161498,22.6756,1404.079307

25-Massachusetts,02-Alaska,25-Massachusetts/02-Alaska,2-Rail,0,0,-

25-Massachusetts,04-Arizona,25-Massachusetts/04-Arizona,2-Rail,0,0,-

25-Massachusetts,05-Arkansas,25-Massachusetts/05-Arkansas,2-Rail,0,0,-

25-Massachusetts,06-California,25-Massachusetts/06-California,2-Rail,0.0005416,1.7658,3260.339734

25-Massachusetts,08-Colorado,25-Massachusetts/08-Colorado,2-Rail,0,0,-

25-Massachusetts,09-Connecticut,25-Massachusetts/09-Connecticut,2-Rail,0,0,-

25-Massachusetts,10-Delaware,25-Massachusetts/10-Delaware,2-Rail,0,0,-

25-Massachusetts,11-Washington DC,25-Massachusetts/11-Washington DC,2-Rail,0,0,-

25-Massachusetts,12-Florida,25-Massachusetts/12-Florida,2-Rail,0,0,-

25-Massachusetts,13-Georgia,25-Massachusetts/13-Georgia,2-Rail,0.0299459,36.8012,1228.922824

25-Massachusetts,15-Hawaii,25-Massachusetts/15-Hawaii,2-Rail,0,0,-

25-Massachusetts,16-Idaho,25-Massachusetts/16-Idaho,2-Rail,0.0756336,204.7025,2706.502137

25-Massachusetts,17-Illinois,25-Massachusetts/17-Illinois,2-Rail,0.0013586,1.413,1040.041219

25-Massachusetts,18-Indiana,25-Massachusetts/18-Indiana,2-Rail,0.3211468,325.6476,1014.014775

25-Massachusetts,19-Iowa,25-Massachusetts/19-Iowa,2-Rail,0.0230152,30.5914,1329.182453

25-Massachusetts,20-Kansas,25-Massachusetts/20-Kansas,2-Rail,0.1638788,279.0365,1702.70041

25-Massachusetts,21-Kentucky,25-Massachusetts/21-Kentucky,2-Rail,0.0163205,16.5262,1012.603781

25-Massachusetts,22-Louisiana,25-Massachusetts/22-Louisiana,2-Rail,0.1150522,202.8041,1762.713794

25-Massachusetts,23-Maine,25-Massachusetts/23-Maine,2-Rail,0.0417436,9.0653,217.1662243

25-Massachusetts,24-Maryland,25-Massachusetts/24-Maryland,2-Rail,0.0000782,0.0407,520.4603581

25-Massachusetts,25-Massachusetts,25-Massachusetts/25-Massachusetts,2-Rail,0.1528106,8.1844,53.55911174

25-Massachusetts,26-Michigan,25-Massachusetts/26-Michigan,2-Rail,0.0169994,13.0155,765.6446698

25-Massachusetts,27-Minnesota,25-Massachusetts/27-Minnesota,2-Rail,0.0161709,25.1973,1558.187856

25-Massachusetts,28-Mississippi,25-Massachusetts/28-Mississippi,2-Rail,0,0,-

25-Massachusetts,29-Missouri,25-Massachusetts/29-Missouri,2-Rail,0.0000007,0.0008,1142.857143

25-Massachusetts,30-Montana,25-Massachusetts/30-Montana,2-Rail,0,0,-

25-Massachusetts,31-Nebraska,25-Massachusetts/31-Nebraska,2-Rail,0,0,-

25-Massachusetts,32-Nevada,25-Massachusetts/32-Nevada,2-Rail,0,0,-

25-Massachusetts,33-New Hampshire,25-Massachusetts/33-New Hampshire,2-Rail,0.0312488,7.4043,236.9466988

25-Massachusetts,34-New Jersey,25-Massachusetts/34-New Jersey,2-Rail,0.0082853,2.0645,249.1762519

25-Massachusetts,35-New Mexico,25-Massachusetts/35-New Mexico,2-Rail,0,0,-

25-Massachusetts,36-New York,25-Massachusetts/36-New York,2-Rail,0.0366652,10.6821,291.3416537

25-Massachusetts,37-North Carolina,25-Massachusetts/37-North Carolina,2-Rail,0.0164493,13.5669,824.7706589

25-Massachusetts,38-North Dakota,25-Massachusetts/38-North Dakota,2-Rail,0.0377181,68.0204,1803.388824

25-Massachusetts,39-Ohio,25-Massachusetts/39-Ohio,2-Rail,0.804364,581.977,723.5244243

25-Massachusetts,40-Oklahoma,25-Massachusetts/40-Oklahoma,2-Rail,0,0,-

25-Massachusetts,41-Oregon,25-Massachusetts/41-Oregon,2-Rail,0,0,-

25-Massachusetts,42-Pennsylvania,25-Massachusetts/42-Pennsylvania,2-Rail,0.0377096,20.539,544.6623671

25-Massachusetts,44-Rhode Island,25-Massachusetts/44-Rhode Island,2-Rail,0,0,-

25-Massachusetts,45-South Carolina,25-Massachusetts/45-South Carolina,2-Rail,0,0,-

25-Massachusetts,46-South Dakota,25-Massachusetts/46-South Dakota,2-Rail,0,0,-

25-Massachusetts,47-Tennessee,25-Massachusetts/47-Tennessee,2-Rail,0.0142509,18.1608,1274.361619

25-Massachusetts,48-Texas,25-Massachusetts/48-Texas,2-Rail,0.0028937,5.7333,1981.304213

25-Massachusetts,49-Utah,25-Massachusetts/49-Utah,2-Rail,0,0,-

25-Massachusetts,50-Vermont,25-Massachusetts/50-Vermont,2-Rail,0.0093103,1.6552,177.7815967

25-Massachusetts,51-Virginia,25-Massachusetts/51-Virginia,2-Rail,0.0104329,8.2791,793.5569209

25-Massachusetts,53-Washington,25-Massachusetts/53-Washington,2-Rail,0.000086,0.2671,3105.813953

25-Massachusetts,54-West Virginia,25-Massachusetts/54-West Virginia,2-Rail,0,0,-

25-Massachusetts,55-Wisconsin,25-Massachusetts/55-Wisconsin,2-Rail,0.0069269,8.618,1244.135183

25-Massachusetts,56-Wyoming,25-Massachusetts/56-Wyoming,2-Rail,0,0,-

26-Michigan,01-Alabama,26-Michigan/01-Alabama,2-Rail,0.6067217,511.8855,843.6907729

26-Michigan,02-Alaska,26-Michigan/02-Alaska,2-Rail,0,0,-

26-Michigan,04-Arizona,26-Michigan/04-Arizona,2-Rail,0.0003526,0.7231,2050.76574

26-Michigan,05-Arkansas,26-Michigan/05-Arkansas,2-Rail,0.1398674,116.0632,829.8088046

26-Michigan,06-California,26-Michigan/06-California,2-Rail,0.0890249,223.5809,2511.442304

26-Michigan,08-Colorado,26-Michigan/08-Colorado,2-Rail,0.0004418,0.5989,1355.590765

26-Michigan,09-Connecticut,26-Michigan/09-Connecticut,2-Rail,0,0,-

26-Michigan,10-Delaware,26-Michigan/10-Delaware,2-Rail,0.1006176,67.8575,674.4098448

26-Michigan,11-Washington DC,26-Michigan/11-Washington DC,2-Rail,0,0,-

26-Michigan,12-Florida,26-Michigan/12-Florida,2-Rail,0.0305024,41.68,1366.449853

26-Michigan,13-Georgia,26-Michigan/13-Georgia,2-Rail,0.021779,20.4503,938.9916892

26-Michigan,15-Hawaii,26-Michigan/15-Hawaii,2-Rail,0,0,-

26-Michigan,16-Idaho,26-Michigan/16-Idaho,2-Rail,0.0706206,140.8559,1994.544085

26-Michigan,17-Illinois,26-Michigan/17-Illinois,2-Rail,0.2403376,71.2161,296.3169309

26-Michigan,18-Indiana,26-Michigan/18-Indiana,2-Rail,1.4286214,388.6497,272.0452739

26-Michigan,19-Iowa,26-Michigan/19-Iowa,2-Rail,0.0556343,29.3251,527.1046818

26-Michigan,20-Kansas,26-Michigan/20-Kansas,2-Rail,0.0027925,2.2573,808.343778

26-Michigan,21-Kentucky,26-Michigan/21-Kentucky,2-Rail,0.1543957,76.9082,498.1239763

26-Michigan,22-Louisiana,26-Michigan/22-Louisiana,2-Rail,0.3147501,364.8241,1159.091292

26-Michigan,23-Maine,26-Michigan/23-Maine,2-Rail,0.016139,19.8108,1227.510998

26-Michigan,24-Maryland,26-Michigan/24-Maryland,2-Rail,0.003009,2.4692,820.6048521

26-Michigan,25-Massachusetts,26-Michigan/25-Massachusetts,2-Rail,0.0169994,13.0155,765.6446698

26-Michigan,26-Michigan,26-Michigan/26-Michigan,2-Rail,147.4127778,9372.794,63.58196447

26-Michigan,27-Minnesota,26-Michigan/27-Minnesota,2-Rail,0.0629474,43.5081,691.1818439

26-Michigan,28-Mississippi,26-Michigan/28-Mississippi,2-Rail,0,0,-

26-Michigan,29-Missouri,26-Michigan/29-Missouri,2-Rail,0.0426688,27.5056,644.6302685

26-Michigan,30-Montana,26-Michigan/30-Montana,2-Rail,2.132802,3789.6343,1776.833621

26-Michigan,31-Nebraska,26-Michigan/31-Nebraska,2-Rail,0.0340501,25.0776,736.4912291

26-Michigan,32-Nevada,26-Michigan/32-Nevada,2-Rail,0,0,-

26-Michigan,33-New Hampshire,26-Michigan/33-New Hampshire,2-Rail,0.0060903,6.4602,1060.735924

26-Michigan,34-New Jersey,26-Michigan/34-New Jersey,2-Rail,0.0683332,52.2824,765.1097856

26-Michigan,35-New Mexico,26-Michigan/35-New Mexico,2-Rail,0,0,-

26-Michigan,36-New York,26-Michigan/36-New York,2-Rail,0.0446363,26.0126,582.7678369

26-Michigan,37-North Carolina,26-Michigan/37-North Carolina,2-Rail,3.4106932,3324.4736,974.7207987

26-Michigan,38-North Dakota,26-Michigan/38-North Dakota,2-Rail,0.0034063,3.6836,1081.407979

26-Michigan,39-Ohio,26-Michigan/39-Ohio,2-Rail,1.3555738,248.8337,183.5633737

26-Michigan,40-Oklahoma,26-Michigan/40-Oklahoma,2-Rail,0.0018219,1.8103,993.6330205

26-Michigan,41-Oregon,26-Michigan/41-Oregon,2-Rail,0.0236447,58.6841,2481.913494

26-Michigan,42-Pennsylvania,26-Michigan/42-Pennsylvania,2-Rail,0.1562099,87.6733,561.25316

26-Michigan,44-Rhode Island,26-Michigan/44-Rhode Island,2-Rail,0,0,-

26-Michigan,45-South Carolina,26-Michigan/45-South Carolina,2-Rail,0.0194431,15.0082,771.9036573

26-Michigan,46-South Dakota,26-Michigan/46-South Dakota,2-Rail,0.0530711,56.7766,1069.821428

26-Michigan,47-Tennessee,26-Michigan/47-Tennessee,2-Rail,0.1505022,105.1696,698.791114

26-Michigan,48-Texas,26-Michigan/48-Texas,2-Rail,0.2899874,383.5693,1322.710228

26-Michigan,49-Utah,26-Michigan/49-Utah,2-Rail,0.0264087,47.2701,1789.944223

26-Michigan,50-Vermont,26-Michigan/50-Vermont,2-Rail,0.0730851,60.1967,823.6521534

26-Michigan,51-Virginia,26-Michigan/51-Virginia,2-Rail,1.2171316,1177.3245,967.2943337

26-Michigan,53-Washington,26-Michigan/53-Washington,2-Rail,0.0136744,31.6338,2313.35927

26-Michigan,54-West Virginia,26-Michigan/54-West Virginia,2-Rail,1.2410059,564.1817,454.6164527

26-Michigan,55-Wisconsin,26-Michigan/55-Wisconsin,2-Rail,0.348146,137.4486,394.8016062

26-Michigan,56-Wyoming,26-Michigan/56-Wyoming,2-Rail,10.4412785,14627.9946,1400.977342

27-Minnesota,01-Alabama,27-Minnesota/01-Alabama,2-Rail,0.2007558,241.4793,1202.850926

27-Minnesota,02-Alaska,27-Minnesota/02-Alaska,2-Rail,0,0,-

27-Minnesota,04-Arizona,27-Minnesota/04-Arizona,2-Rail,0,0,-

27-Minnesota,05-Arkansas,27-Minnesota/05-Arkansas,2-Rail,0.3290723,301.444,916.0418546

27-Minnesota,06-California,27-Minnesota/06-California,2-Rail,1.8309289,3913.2851,2137.322263

27-Minnesota,08-Colorado,27-Minnesota/08-Colorado,2-Rail,0.5081957,481.2921,947.0605517

27-Minnesota,09-Connecticut,27-Minnesota/09-Connecticut,2-Rail,0,0,-

27-Minnesota,10-Delaware,27-Minnesota/10-Delaware,2-Rail,0,0,-

27-Minnesota,11-Washington DC,27-Minnesota/11-Washington DC,2-Rail,0,0,-

27-Minnesota,12-Florida,27-Minnesota/12-Florida,2-Rail,0.297386,510.5519,1716.798706

27-Minnesota,13-Georgia,27-Minnesota/13-Georgia,2-Rail,0.0705897,92.6537,1312.566848

27-Minnesota,15-Hawaii,27-Minnesota/15-Hawaii,2-Rail,0,0,-

27-Minnesota,16-Idaho,27-Minnesota/16-Idaho,2-Rail,0.8230283,1260.709,1531.793014

27-Minnesota,17-Illinois,27-Minnesota/17-Illinois,2-Rail,0.5984196,348.2016,581.868642

27-Minnesota,18-Indiana,27-Minnesota/18-Indiana,2-Rail,0.1227622,66.9662,545.4952746

27-Minnesota,19-Iowa,27-Minnesota/19-Iowa,2-Rail,2.0070105,542.3936,270.2495079

27-Minnesota,20-Kansas,27-Minnesota/20-Kansas,2-Rail,1.1528753,907.4686,787.1350874

27-Minnesota,21-Kentucky,27-Minnesota/21-Kentucky,2-Rail,0.0345096,32.8779,952.7175047

27-Minnesota,22-Louisiana,27-Minnesota/22-Louisiana,2-Rail,1.4743031,2011.2001,1364.170027

27-Minnesota,23-Maine,27-Minnesota/23-Maine,2-Rail,0.0031367,5.1579,1644.371473

27-Minnesota,24-Maryland,27-Minnesota/24-Maryland,2-Rail,0.0169989,21.9143,1289.159887

27-Minnesota,25-Massachusetts,27-Minnesota/25-Massachusetts,2-Rail,0.0161709,25.1973,1558.187856

27-Minnesota,26-Michigan,27-Minnesota/26-Michigan,2-Rail,0.0629474,43.5081,691.1818439

27-Minnesota,27-Minnesota,27-Minnesota/27-Minnesota,2-Rail,47.0224126,8013.418,170.4169896

27-Minnesota,28-Mississippi,27-Minnesota/28-Mississippi,2-Rail,0.0019072,2.3429,1228.450084

27-Minnesota,29-Missouri,27-Minnesota/29-Missouri,2-Rail,0.2347017,142.7252,608.1131922

27-Minnesota,30-Montana,27-Minnesota/30-Montana,2-Rail,3.9807243,4113.3351,1033.313234

27-Minnesota,31-Nebraska,27-Minnesota/31-Nebraska,2-Rail,0.3889596,203.2524,522.5540133

27-Minnesota,32-Nevada,27-Minnesota/32-Nevada,2-Rail,0.0000969,0.1416,1461.30031

27-Minnesota,33-New Hampshire,27-Minnesota/33-New Hampshire,2-Rail,0.0065671,10.0105,1524.341033

27-Minnesota,34-New Jersey,27-Minnesota/34-New Jersey,2-Rail,0.6545754,907.8156,1386.87705

27-Minnesota,35-New Mexico,27-Minnesota/35-New Mexico,2-Rail,0.2581762,360.5736,1396.618279

27-Minnesota,36-New York,27-Minnesota/36-New York,2-Rail,0.1954899,253.6878,1297.702848

27-Minnesota,37-North Carolina,27-Minnesota/37-North Carolina,2-Rail,0.0053595,7.7218,1440.768728

27-Minnesota,38-North Dakota,27-Minnesota/38-North Dakota,2-Rail,1.3939127,554.4258,397.7478647

27-Minnesota,39-Ohio,27-Minnesota/39-Ohio,2-Rail,1.4270552,1290.8623,904.5636777

27-Minnesota,40-Oklahoma,27-Minnesota/40-Oklahoma,2-Rail,0.4272017,364.1268,852.3533497

27-Minnesota,41-Oregon,27-Minnesota/41-Oregon,2-Rail,0.0410093,70.9074,1729.05658

27-Minnesota,42-Pennsylvania,27-Minnesota/42-Pennsylvania,2-Rail,0.2161667,291.4631,1348.325621

27-Minnesota,44-Rhode Island,27-Minnesota/44-Rhode Island,2-Rail,0,0,-

27-Minnesota,45-South Carolina,27-Minnesota/45-South Carolina,2-Rail,0.0171385,24.1805,1410.887767

27-Minnesota,46-South Dakota,27-Minnesota/46-South Dakota,2-Rail,0.7046437,289.9561,411.4932128

27-Minnesota,47-Tennessee,27-Minnesota/47-Tennessee,2-Rail,0.0982824,106.9294,1087.981164

27-Minnesota,48-Texas,27-Minnesota/48-Texas,2-Rail,11.0019674,12916.7148,1174.036818

27-Minnesota,49-Utah,27-Minnesota/49-Utah,2-Rail,0.4116144,560.6105,1361.979804

27-Minnesota,50-Vermont,27-Minnesota/50-Vermont,2-Rail,0,0,-

27-Minnesota,51-Virginia,27-Minnesota/51-Virginia,2-Rail,0.0711368,96.8637,1361.653884

27-Minnesota,53-Washington,27-Minnesota/53-Washington,2-Rail,9.6306087,17110.9766,1776.728464

27-Minnesota,54-West Virginia,27-Minnesota/54-West Virginia,2-Rail,0.0151868,16.4192,1081.149419

27-Minnesota,55-Wisconsin,27-Minnesota/55-Wisconsin,2-Rail,0.6677031,190.8613,285.8475571

27-Minnesota,56-Wyoming,27-Minnesota/56-Wyoming,2-Rail,6.987058,7593.5815,1086.806707

28-Mississippi,01-Alabama,28-Mississippi/01-Alabama,2-Rail,1.0794911,307.367,284.7332414

28-Mississippi,02-Alaska,28-Mississippi/02-Alaska,2-Rail,0,0,-

28-Mississippi,04-Arizona,28-Mississippi/04-Arizona,2-Rail,0,0,-

28-Mississippi,05-Arkansas,28-Mississippi/05-Arkansas,2-Rail,0.2255233,89.6278,397.4214638

28-Mississippi,06-California,28-Mississippi/06-California,2-Rail,0.1869135,420.656,2250.538351

28-Mississippi,08-Colorado,28-Mississippi/08-Colorado,2-Rail,0.7373729,1073.1456,1455.363494

28-Mississippi,09-Connecticut,28-Mississippi/09-Connecticut,2-Rail,0.0038177,6.022,1577.389528

28-Mississippi,10-Delaware,28-Mississippi/10-Delaware,2-Rail,0.0524307,59.4528,1133.931075

28-Mississippi,11-Washington DC,28-Mississippi/11-Washington DC,2-Rail,0,0,-

28-Mississippi,12-Florida,28-Mississippi/12-Florida,2-Rail,0.507172,399.9339,788.5567421

28-Mississippi,13-Georgia,28-Mississippi/13-Georgia,2-Rail,0.7229724,411.6526,569.3890942

28-Mississippi,15-Hawaii,28-Mississippi/15-Hawaii,2-Rail,0,0,-

28-Mississippi,16-Idaho,28-Mississippi/16-Idaho,2-Rail,0,0,-

28-Mississippi,17-Illinois,28-Mississippi/17-Illinois,2-Rail,2.7296582,1550.953,568.1857897

28-Mississippi,18-Indiana,28-Mississippi/18-Indiana,2-Rail,0.1175442,84.2229,716.5211044

28-Mississippi,19-Iowa,28-Mississippi/19-Iowa,2-Rail,0.2689566,258.0782,959.5533257

28-Mississippi,20-Kansas,28-Mississippi/20-Kansas,2-Rail,0.0390117,32.4055,830.6610581

28-Mississippi,21-Kentucky,28-Mississippi/21-Kentucky,2-Rail,0.0825607,48.3891,586.1033155

28-Mississippi,22-Louisiana,28-Mississippi/22-Louisiana,2-Rail,6.8177288,2629.1264,385.6308277

28-Mississippi,23-Maine,28-Mississippi/23-Maine,2-Rail,0,0,-

28-Mississippi,24-Maryland,28-Mississippi/24-Maryland,2-Rail,0,0,-

28-Mississippi,25-Massachusetts,28-Mississippi/25-Massachusetts,2-Rail,0,0,-

28-Mississippi,26-Michigan,28-Mississippi/26-Michigan,2-Rail,0,0,-

28-Mississippi,27-Minnesota,28-Mississippi/27-Minnesota,2-Rail,0.0019072,2.3429,1228.450084

28-Mississippi,28-Mississippi,28-Mississippi/28-Mississippi,2-Rail,2.4387482,297.2826,121.8996697

28-Mississippi,29-Missouri,28-Mississippi/29-Missouri,2-Rail,1.0146942,558.404,550.3175242

28-Mississippi,30-Montana,28-Mississippi/30-Montana,2-Rail,0,0,-

28-Mississippi,31-Nebraska,28-Mississippi/31-Nebraska,2-Rail,0.0088042,9.3763,1064.98035

28-Mississippi,32-Nevada,28-Mississippi/32-Nevada,2-Rail,0.0316421,75.1955,2376.438353

28-Mississippi,33-New Hampshire,28-Mississippi/33-New Hampshire,2-Rail,0,0,-

28-Mississippi,34-New Jersey,28-Mississippi/34-New Jersey,2-Rail,0.0372393,46.4936,1248.508968

28-Mississippi,35-New Mexico,28-Mississippi/35-New Mexico,2-Rail,0.102004,117.4724,1151.645034

28-Mississippi,36-New York,28-Mississippi/36-New York,2-Rail,0,0,-

28-Mississippi,37-North Carolina,28-Mississippi/37-North Carolina,2-Rail,0.1061487,89.32,841.4610824

28-Mississippi,38-North Dakota,28-Mississippi/38-North Dakota,2-Rail,0,0,-

28-Mississippi,39-Ohio,28-Mississippi/39-Ohio,2-Rail,0.337835,299.4748,886.4528542

28-Mississippi,40-Oklahoma,28-Mississippi/40-Oklahoma,2-Rail,0.2483092,184.0286,741.1267887

28-Mississippi,41-Oregon,28-Mississippi/41-Oregon,2-Rail,0.0498181,132.4222,2658.11422

28-Mississippi,42-Pennsylvania,28-Mississippi/42-Pennsylvania,2-Rail,0.1016664,124.0257,1219.928118

28-Mississippi,44-Rhode Island,28-Mississippi/44-Rhode Island,2-Rail,0,0,-

28-Mississippi,45-South Carolina,28-Mississippi/45-South Carolina,2-Rail,0.0134658,9.6742,718.4274235

28-Mississippi,46-South Dakota,28-Mississippi/46-South Dakota,2-Rail,0,0,-

28-Mississippi,47-Tennessee,28-Mississippi/47-Tennessee,2-Rail,0.6175588,244.4796,395.8806838

28-Mississippi,48-Texas,28-Mississippi/48-Texas,2-Rail,0.2742865,122.2983,445.8779415

28-Mississippi,49-Utah,28-Mississippi/49-Utah,2-Rail,0.0109571,20.5988,1879.949987

28-Mississippi,50-Vermont,28-Mississippi/50-Vermont,2-Rail,0,0,-

28-Mississippi,51-Virginia,28-Mississippi/51-Virginia,2-Rail,0.0162318,13.2732,817.7281632

28-Mississippi,53-Washington,28-Mississippi/53-Washington,2-Rail,0.0000005,0.0014,2800

28-Mississippi,54-West Virginia,28-Mississippi/54-West Virginia,2-Rail,0.1286932,133.326,1035.998794

28-Mississippi,55-Wisconsin,28-Mississippi/55-Wisconsin,2-Rail,0.0694169,67.1787,967.7571312

28-Mississippi,56-Wyoming,28-Mississippi/56-Wyoming,2-Rail,0.0986013,163.7122,1660.345249

29-Missouri,01-Alabama,29-Missouri/01-Alabama,2-Rail,0.3010037,176.5893,586.6682037

29-Missouri,02-Alaska,29-Missouri/02-Alaska,2-Rail,0,0,-

29-Missouri,04-Arizona,29-Missouri/04-Arizona,2-Rail,1.6890377,2436.2818,1442.408183

29-Missouri,05-Arkansas,29-Missouri/05-Arkansas,2-Rail,0.6414229,247.6772,386.1371336

29-Missouri,06-California,29-Missouri/06-California,2-Rail,2.7796813,5273.7904,1897.264409

29-Missouri,08-Colorado,29-Missouri/08-Colorado,2-Rail,0.2318213,205.5354,886.6113683

29-Missouri,09-Connecticut,29-Missouri/09-Connecticut,2-Rail,0,0,-

29-Missouri,10-Delaware,29-Missouri/10-Delaware,2-Rail,0,0,-

29-Missouri,11-Washington DC,29-Missouri/11-Washington DC,2-Rail,0,0,-

29-Missouri,12-Florida,29-Missouri/12-Florida,2-Rail,0.0636586,81.2745,1276.72459

29-Missouri,13-Georgia,29-Missouri/13-Georgia,2-Rail,0.3953438,359.3136,908.8636271

29-Missouri,15-Hawaii,29-Missouri/15-Hawaii,2-Rail,0,0,-

29-Missouri,16-Idaho,29-Missouri/16-Idaho,2-Rail,0.1109019,173.2804,1562.465566

29-Missouri,17-Illinois,29-Missouri/17-Illinois,2-Rail,0.9157766,287.1467,313.555402

29-Missouri,18-Indiana,29-Missouri/18-Indiana,2-Rail,0.094496,39.5892,418.9510667

29-Missouri,19-Iowa,29-Missouri/19-Iowa,2-Rail,0.1086055,42.8166,394.2397024

29-Missouri,20-Kansas,29-Missouri/20-Kansas,2-Rail,0.1021813,17.7991,174.1913638

29-Missouri,21-Kentucky,29-Missouri/21-Kentucky,2-Rail,0.0690835,26.7469,387.1677029

29-Missouri,22-Louisiana,29-Missouri/22-Louisiana,2-Rail,0.4693494,370.0282,788.3853692

29-Missouri,23-Maine,29-Missouri/23-Maine,2-Rail,0,0,-

29-Missouri,24-Maryland,29-Missouri/24-Maryland,2-Rail,0.0056383,6.8536,1215.543692

29-Missouri,25-Massachusetts,29-Missouri/25-Massachusetts,2-Rail,0.0000007,0.0008,1142.857143

29-Missouri,26-Michigan,29-Missouri/26-Michigan,2-Rail,0.0426688,27.5056,644.6302685

29-Missouri,27-Minnesota,29-Missouri/27-Minnesota,2-Rail,0.2347017,142.7252,608.1131922

29-Missouri,28-Mississippi,29-Missouri/28-Mississippi,2-Rail,1.0146942,558.404,550.3175242

29-Missouri,29-Missouri,29-Missouri/29-Missouri,2-Rail,15.9806176,3194.1142,199.8742652

29-Missouri,30-Montana,29-Missouri/30-Montana,2-Rail,0.0040322,6.3631,1578.071524

29-Missouri,31-Nebraska,29-Missouri/31-Nebraska,2-Rail,0.9564131,334.2367,349.468969

29-Missouri,32-Nevada,29-Missouri/32-Nevada,2-Rail,0,0,-

29-Missouri,33-New Hampshire,29-Missouri/33-New Hampshire,2-Rail,0,0,-

29-Missouri,34-New Jersey,29-Missouri/34-New Jersey,2-Rail,0.0001468,0.1908,1299.72752

29-Missouri,35-New Mexico,29-Missouri/35-New Mexico,2-Rail,0.0115798,10.5762,913.3318365

29-Missouri,36-New York,29-Missouri/36-New York,2-Rail,0.0157505,12.8219,814.0630456

29-Missouri,37-North Carolina,29-Missouri/37-North Carolina,2-Rail,0.0098633,11.2637,1141.980879

29-Missouri,38-North Dakota,29-Missouri/38-North Dakota,2-Rail,0,0,-

29-Missouri,39-Ohio,29-Missouri/39-Ohio,2-Rail,0.0373137,21.5172,576.6568311

29-Missouri,40-Oklahoma,29-Missouri/40-Oklahoma,2-Rail,0.0447531,21.4879,480.143275

29-Missouri,41-Oregon,29-Missouri/41-Oregon,2-Rail,0.0068415,14.0454,2052.97084

29-Missouri,42-Pennsylvania,29-Missouri/42-Pennsylvania,2-Rail,0.2793979,307.2797,1099.792447

29-Missouri,44-Rhode Island,29-Missouri/44-Rhode Island,2-Rail,0,0,-

29-Missouri,45-South Carolina,29-Missouri/45-South Carolina,2-Rail,0.0004385,0.4336,988.8255416

29-Missouri,46-South Dakota,29-Missouri/46-South Dakota,2-Rail,0.0011879,0.9975,839.7171479

29-Missouri,47-Tennessee,29-Missouri/47-Tennessee,2-Rail,0.1803885,67.5312,374.3653282

29-Missouri,48-Texas,29-Missouri/48-Texas,2-Rail,1.2393045,803.1961,648.1023025

29-Missouri,49-Utah,29-Missouri/49-Utah,2-Rail,0.0213323,29.2683,1372.01802

29-Missouri,50-Vermont,29-Missouri/50-Vermont,2-Rail,0,0,-

29-Missouri,51-Virginia,29-Missouri/51-Virginia,2-Rail,0.3449197,406.3852,1178.202347

29-Missouri,53-Washington,29-Missouri/53-Washington,2-Rail,0.0186734,35.9275,1923.993488

29-Missouri,54-West Virginia,29-Missouri/54-West Virginia,2-Rail,0.0113215,9.4371,833.5556243

29-Missouri,55-Wisconsin,29-Missouri/55-Wisconsin,2-Rail,0.0010903,0.6659,610.749335

29-Missouri,56-Wyoming,29-Missouri/56-Wyoming,2-Rail,21.2123124,22080.8445,1040.944716

30-Montana,01-Alabama,30-Montana/01-Alabama,2-Rail,0,0,-

30-Montana,02-Alaska,30-Montana/02-Alaska,2-Rail,0,0,-

30-Montana,04-Arizona,30-Montana/04-Arizona,2-Rail,0.2772484,448.1672,1616.482548

30-Montana,05-Arkansas,30-Montana/05-Arkansas,2-Rail,0,0,-

30-Montana,06-California,30-Montana/06-California,2-Rail,0.185517,261.1822,1407.861274

30-Montana,08-Colorado,30-Montana/08-Colorado,2-Rail,0.0415258,41.362,996.0554643

30-Montana,09-Connecticut,30-Montana/09-Connecticut,2-Rail,0,0,-

30-Montana,10-Delaware,30-Montana/10-Delaware,2-Rail,0,0,-

30-Montana,11-Washington DC,30-Montana/11-Washington DC,2-Rail,0,0,-

30-Montana,12-Florida,30-Montana/12-Florida,2-Rail,0.0000016,0.0042,2625

30-Montana,13-Georgia,30-Montana/13-Georgia,2-Rail,0,0,-

30-Montana,15-Hawaii,30-Montana/15-Hawaii,2-Rail,0,0,-

30-Montana,16-Idaho,30-Montana/16-Idaho,2-Rail,0.0139377,4.1829,300.1140791

30-Montana,17-Illinois,30-Montana/17-Illinois,2-Rail,0.2787944,389.5017,1397.092983

30-Montana,18-Indiana,30-Montana/18-Indiana,2-Rail,0.0073021,11.4846,1572.780433

30-Montana,19-Iowa,30-Montana/19-Iowa,2-Rail,0,0,-

30-Montana,20-Kansas,30-Montana/20-Kansas,2-Rail,0.016832,21.9845,1306.113356

30-Montana,21-Kentucky,30-Montana/21-Kentucky,2-Rail,0,0,-

30-Montana,22-Louisiana,30-Montana/22-Louisiana,2-Rail,0,0,-

30-Montana,23-Maine,30-Montana/23-Maine,2-Rail,0.0026781,7.5311,2812.105597

30-Montana,24-Maryland,30-Montana/24-Maryland,2-Rail,0,0,-

30-Montana,25-Massachusetts,30-Montana/25-Massachusetts,2-Rail,0,0,-

30-Montana,26-Michigan,30-Montana/26-Michigan,2-Rail,2.132802,3789.6343,1776.833621

30-Montana,27-Minnesota,30-Montana/27-Minnesota,2-Rail,3.9807243,4113.3351,1033.313234

30-Montana,28-Mississippi,30-Montana/28-Mississippi,2-Rail,0,0,-

30-Montana,29-Missouri,30-Montana/29-Missouri,2-Rail,0.0040322,6.3631,1578.071524

30-Montana,30-Montana,30-Montana/30-Montana,2-Rail,2.7189144,505.884,186.0610249

30-Montana,31-Nebraska,30-Montana/31-Nebraska,2-Rail,0.0539339,50.614,938.4450225

30-Montana,32-Nevada,30-Montana/32-Nevada,2-Rail,0.0370711,27.3418,737.550275

30-Montana,33-New Hampshire,30-Montana/33-New Hampshire,2-Rail,0,0,-

30-Montana,34-New Jersey,30-Montana/34-New Jersey,2-Rail,0.003325,7.5424,2268.390977

30-Montana,35-New Mexico,30-Montana/35-New Mexico,2-Rail,0,0,-

30-Montana,36-New York,30-Montana/36-New York,2-Rail,0.1112088,238.1268,2141.258605

30-Montana,37-North Carolina,30-Montana/37-North Carolina,2-Rail,0,0,-

30-Montana,38-North Dakota,30-Montana/38-North Dakota,2-Rail,2.0258099,1165.8279,575.487315

30-Montana,39-Ohio,30-Montana/39-Ohio,2-Rail,0.0156051,27.7351,1777.309982

30-Montana,40-Oklahoma,30-Montana/40-Oklahoma,2-Rail,0.0771238,100.9988,1309.567215

30-Montana,41-Oregon,30-Montana/41-Oregon,2-Rail,0.081231,72.4947,892.4511578

30-Montana,42-Pennsylvania,30-Montana/42-Pennsylvania,2-Rail,0,0,-

30-Montana,44-Rhode Island,30-Montana/44-Rhode Island,2-Rail,0,0,-

30-Montana,45-South Carolina,30-Montana/45-South Carolina,2-Rail,0.000209,0.4497,2151.674641

30-Montana,46-South Dakota,30-Montana/46-South Dakota,2-Rail,0.0742191,68.1801,918.6328048

30-Montana,47-Tennessee,30-Montana/47-Tennessee,2-Rail,0.0000025,0.0048,1920

30-Montana,48-Texas,30-Montana/48-Texas,2-Rail,0.2069482,345.9518,1671.683059

30-Montana,49-Utah,30-Montana/49-Utah,2-Rail,0.0291285,22.1086,759.0023516

30-Montana,50-Vermont,30-Montana/50-Vermont,2-Rail,0,0,-

30-Montana,51-Virginia,30-Montana/51-Virginia,2-Rail,0,0,-

30-Montana,53-Washington,30-Montana/53-Washington,2-Rail,3.9916357,3353.0365,840.0156607

30-Montana,54-West Virginia,30-Montana/54-West Virginia,2-Rail,0,0,-

30-Montana,55-Wisconsin,30-Montana/55-Wisconsin,2-Rail,3.5935997,4328.5567,1204.518327

30-Montana,56-Wyoming,30-Montana/56-Wyoming,2-Rail,0.3145729,94.8332,301.4665281

31-Nebraska,01-Alabama,31-Nebraska/01-Alabama,2-Rail,0.1181264,120.9769,1024.130931

31-Nebraska,02-Alaska,31-Nebraska/02-Alaska,2-Rail,0,0,-

31-Nebraska,04-Arizona,31-Nebraska/04-Arizona,2-Rail,0.0454033,71.1276,1566.573355

31-Nebraska,05-Arkansas,31-Nebraska/05-Arkansas,2-Rail,0.1280172,96.5041,753.8369844

31-Nebraska,06-California,31-Nebraska/06-California,2-Rail,3.1755726,5454.8147,1717.742085

31-Nebraska,08-Colorado,31-Nebraska/08-Colorado,2-Rail,0.8870741,427.2756,481.6684424

31-Nebraska,09-Connecticut,31-Nebraska/09-Connecticut,2-Rail,0,0,-

31-Nebraska,10-Delaware,31-Nebraska/10-Delaware,2-Rail,0,0,-

31-Nebraska,11-Washington DC,31-Nebraska/11-Washington DC,2-Rail,0,0,-

31-Nebraska,12-Florida,31-Nebraska/12-Florida,2-Rail,0.1020886,183.2668,1795.173996

31-Nebraska,13-Georgia,31-Nebraska/13-Georgia,2-Rail,0.0518295,66.2065,1277.390289

31-Nebraska,15-Hawaii,31-Nebraska/15-Hawaii,2-Rail,0,0,-

31-Nebraska,16-Idaho,31-Nebraska/16-Idaho,2-Rail,0.0553718,62.0149,1119.972621

31-Nebraska,17-Illinois,31-Nebraska/17-Illinois,2-Rail,2.4142577,1545.9402,640.3376905

31-Nebraska,18-Indiana,31-Nebraska/18-Indiana,2-Rail,0.1217037,90.37,742.541106

31-Nebraska,19-Iowa,31-Nebraska/19-Iowa,2-Rail,0.9592283,268.3606,279.7671837

31-Nebraska,20-Kansas,31-Nebraska/20-Kansas,2-Rail,0.309986,85.6703,276.3682876

31-Nebraska,21-Kentucky,31-Nebraska/21-Kentucky,2-Rail,0,0,-

31-Nebraska,22-Louisiana,31-Nebraska/22-Louisiana,2-Rail,2.4463246,3058.5677,1250.27059

31-Nebraska,23-Maine,31-Nebraska/23-Maine,2-Rail,0,0,-

31-Nebraska,24-Maryland,31-Nebraska/24-Maryland,2-Rail,0,0,-

31-Nebraska,25-Massachusetts,31-Nebraska/25-Massachusetts,2-Rail,0,0,-

31-Nebraska,26-Michigan,31-Nebraska/26-Michigan,2-Rail,0.0340501,25.0776,736.4912291

31-Nebraska,27-Minnesota,31-Nebraska/27-Minnesota,2-Rail,0.3889596,203.2524,522.5540133

31-Nebraska,28-Mississippi,31-Nebraska/28-Mississippi,2-Rail,0.0088042,9.3763,1064.98035

31-Nebraska,29-Missouri,31-Nebraska/29-Missouri,2-Rail,0.9564131,334.2367,349.468969

31-Nebraska,30-Montana,31-Nebraska/30-Montana,2-Rail,0.0539339,50.614,938.4450225

31-Nebraska,31-Nebraska,31-Nebraska/31-Nebraska,2-Rail,31.5255812,4866.3086,154.3606308

31-Nebraska,32-Nevada,31-Nebraska/32-Nevada,2-Rail,0.0328247,43.0727,1312.20392

31-Nebraska,33-New Hampshire,31-Nebraska/33-New Hampshire,2-Rail,0,0,-

31-Nebraska,34-New Jersey,31-Nebraska/34-New Jersey,2-Rail,0.2491751,350.5272,1406.750514

31-Nebraska,35-New Mexico,31-Nebraska/35-New Mexico,2-Rail,0.1057488,108.0248,1021.522703

31-Nebraska,36-New York,31-Nebraska/36-New York,2-Rail,0,0,-

31-Nebraska,37-North Carolina,31-Nebraska/37-North Carolina,2-Rail,0.0025414,3.7577,1478.594475

31-Nebraska,38-North Dakota,31-Nebraska/38-North Dakota,2-Rail,0.0232175,14.4435,622.0954022

31-Nebraska,39-Ohio,31-Nebraska/39-Ohio,2-Rail,0.0612619,57.78,943.1636955

31-Nebraska,40-Oklahoma,31-Nebraska/40-Oklahoma,2-Rail,0.1414067,90.6276,640.9003251

31-Nebraska,41-Oregon,31-Nebraska/41-Oregon,2-Rail,0.5011014,861.9169,1720.044885

31-Nebraska,42-Pennsylvania,31-Nebraska/42-Pennsylvania,2-Rail,0.0311306,40.6122,1304.57492

31-Nebraska,44-Rhode Island,31-Nebraska/44-Rhode Island,2-Rail,0,0,-

31-Nebraska,45-South Carolina,31-Nebraska/45-South Carolina,2-Rail,0.0000225,0.0324,1440

31-Nebraska,46-South Dakota,31-Nebraska/46-South Dakota,2-Rail,0.0029858,0.909,304.4410208

31-Nebraska,47-Tennessee,31-Nebraska/47-Tennessee,2-Rail,0,0,-

31-Nebraska,48-Texas,31-Nebraska/48-Texas,2-Rail,2.4053638,2336.6546,971.435007

31-Nebraska,49-Utah,31-Nebraska/49-Utah,2-Rail,0.084442,82.0784,972.0091897

31-Nebraska,50-Vermont,31-Nebraska/50-Vermont,2-Rail,0,0,-

31-Nebraska,51-Virginia,31-Nebraska/51-Virginia,2-Rail,0,0,-

31-Nebraska,53-Washington,31-Nebraska/53-Washington,2-Rail,0.2920407,516.2501,1767.733402

31-Nebraska,54-West Virginia,31-Nebraska/54-West Virginia,2-Rail,0,0,-

31-Nebraska,55-Wisconsin,31-Nebraska/55-Wisconsin,2-Rail,0.0192523,13.5673,704.710606

31-Nebraska,56-Wyoming,31-Nebraska/56-Wyoming,2-Rail,4.2344807,2717.3819,641.7273079

32-Nevada,01-Alabama,32-Nevada/01-Alabama,2-Rail,0,0,-

32-Nevada,02-Alaska,32-Nevada/02-Alaska,2-Rail,0,0,-

32-Nevada,04-Arizona,32-Nevada/04-Arizona,2-Rail,0.0082932,8.2798,998.3842184

32-Nevada,05-Arkansas,32-Nevada/05-Arkansas,2-Rail,0.0053822,11.248,2089.851733

32-Nevada,06-California,32-Nevada/06-California,2-Rail,0.5284271,234.9783,444.6749608

32-Nevada,08-Colorado,32-Nevada/08-Colorado,2-Rail,0.2078149,183.9002,884.9230734

32-Nevada,09-Connecticut,32-Nevada/09-Connecticut,2-Rail,0,0,-

32-Nevada,10-Delaware,32-Nevada/10-Delaware,2-Rail,0,0,-

32-Nevada,11-Washington DC,32-Nevada/11-Washington DC,2-Rail,0,0,-

32-Nevada,12-Florida,32-Nevada/12-Florida,2-Rail,0,0,-

32-Nevada,13-Georgia,32-Nevada/13-Georgia,2-Rail,0.0057197,13.8704,2425.022291

32-Nevada,15-Hawaii,32-Nevada/15-Hawaii,2-Rail,0,0,-

32-Nevada,16-Idaho,32-Nevada/16-Idaho,2-Rail,0,0,-

32-Nevada,17-Illinois,32-Nevada/17-Illinois,2-Rail,0.0130797,24.7699,1893.766677

32-Nevada,18-Indiana,32-Nevada/18-Indiana,2-Rail,0.0055278,11.6193,2101.975469

32-Nevada,19-Iowa,32-Nevada/19-Iowa,2-Rail,0.0349426,56.5748,1619.078145

32-Nevada,20-Kansas,32-Nevada/20-Kansas,2-Rail,0,0,-

32-Nevada,21-Kentucky,32-Nevada/21-Kentucky,2-Rail,0,0,-

32-Nevada,22-Louisiana,32-Nevada/22-Louisiana,2-Rail,0,0,-

32-Nevada,23-Maine,32-Nevada/23-Maine,2-Rail,0,0,-

32-Nevada,24-Maryland,32-Nevada/24-Maryland,2-Rail,0,0,-

32-Nevada,25-Massachusetts,32-Nevada/25-Massachusetts,2-Rail,0,0,-

32-Nevada,26-Michigan,32-Nevada/26-Michigan,2-Rail,0,0,-

32-Nevada,27-Minnesota,32-Nevada/27-Minnesota,2-Rail,0.0000969,0.1416,1461.30031

32-Nevada,28-Mississippi,32-Nevada/28-Mississippi,2-Rail,0.0316421,75.1955,2376.438353

32-Nevada,29-Missouri,32-Nevada/29-Missouri,2-Rail,0,0,-

32-Nevada,30-Montana,32-Nevada/30-Montana,2-Rail,0.0370711,27.3418,737.550275

32-Nevada,31-Nebraska,32-Nevada/31-Nebraska,2-Rail,0.0328247,43.0727,1312.20392

32-Nevada,32-Nevada,32-Nevada/32-Nevada,2-Rail,0.0057076,0.7754,135.8539491

32-Nevada,33-New Hampshire,32-Nevada/33-New Hampshire,2-Rail,0,0,-

32-Nevada,34-New Jersey,32-Nevada/34-New Jersey,2-Rail,0,0,-

32-Nevada,35-New Mexico,32-Nevada/35-New Mexico,2-Rail,0,0,-

32-Nevada,36-New York,32-Nevada/36-New York,2-Rail,0.0095924,22.3237,2327.227805

32-Nevada,37-North Carolina,32-Nevada/37-North Carolina,2-Rail,0,0,-

32-Nevada,38-North Dakota,32-Nevada/38-North Dakota,2-Rail,0.1008129,136.2481,1351.4947

32-Nevada,39-Ohio,32-Nevada/39-Ohio,2-Rail,0,0,-

32-Nevada,40-Oklahoma,32-Nevada/40-Oklahoma,2-Rail,0.0705677,116.1156,1645.449689

32-Nevada,41-Oregon,32-Nevada/41-Oregon,2-Rail,0.0144356,9.8988,685.721411

32-Nevada,42-Pennsylvania,32-Nevada/42-Pennsylvania,2-Rail,0.0306134,69.3569,2265.573246

32-Nevada,44-Rhode Island,32-Nevada/44-Rhode Island,2-Rail,0,0,-

32-Nevada,45-South Carolina,32-Nevada/45-South Carolina,2-Rail,0.0007637,2.1357,2796.516957

32-Nevada,46-South Dakota,32-Nevada/46-South Dakota,2-Rail,0,0,-

32-Nevada,47-Tennessee,32-Nevada/47-Tennessee,2-Rail,0.0622034,140.6759,2261.546796

32-Nevada,48-Texas,32-Nevada/48-Texas,2-Rail,0.0098419,20.9763,2131.326268

32-Nevada,49-Utah,32-Nevada/49-Utah,2-Rail,0.352555,136.9371,388.413439

32-Nevada,50-Vermont,32-Nevada/50-Vermont,2-Rail,0,0,-

32-Nevada,51-Virginia,32-Nevada/51-Virginia,2-Rail,0,0,-

32-Nevada,53-Washington,32-Nevada/53-Washington,2-Rail,0.0085591,11.2333,1312.439392

32-Nevada,54-West Virginia,32-Nevada/54-West Virginia,2-Rail,0,0,-

32-Nevada,55-Wisconsin,32-Nevada/55-Wisconsin,2-Rail,0.0003764,0.7365,1956.695005

32-Nevada,56-Wyoming,32-Nevada/56-Wyoming,2-Rail,1.1764385,1110.2402,943.7299102

33-New Hampshire,01-Alabama,33-New Hampshire/01-Alabama,2-Rail,0.0000595,0.0884,1485.714286

33-New Hampshire,02-Alaska,33-New Hampshire/02-Alaska,2-Rail,0,0,-

33-New Hampshire,04-Arizona,33-New Hampshire/04-Arizona,2-Rail,0,0,-

33-New Hampshire,05-Arkansas,33-New Hampshire/05-Arkansas,2-Rail,0,0,-

33-New Hampshire,06-California,33-New Hampshire/06-California,2-Rail,0,0,-

33-New Hampshire,08-Colorado,33-New Hampshire/08-Colorado,2-Rail,0,0,-

33-New Hampshire,09-Connecticut,33-New Hampshire/09-Connecticut,2-Rail,0,0,-

33-New Hampshire,10-Delaware,33-New Hampshire/10-Delaware,2-Rail,0,0,-

33-New Hampshire,11-Washington DC,33-New Hampshire/11-Washington DC,2-Rail,0,0,-

33-New Hampshire,12-Florida,33-New Hampshire/12-Florida,2-Rail,0,0,-

33-New Hampshire,13-Georgia,33-New Hampshire/13-Georgia,2-Rail,0,0,-

33-New Hampshire,15-Hawaii,33-New Hampshire/15-Hawaii,2-Rail,0,0,-

33-New Hampshire,16-Idaho,33-New Hampshire/16-Idaho,2-Rail,0,0,-

33-New Hampshire,17-Illinois,33-New Hampshire/17-Illinois,2-Rail,0,0,-

33-New Hampshire,18-Indiana,33-New Hampshire/18-Indiana,2-Rail,0,0,-

33-New Hampshire,19-Iowa,33-New Hampshire/19-Iowa,2-Rail,0.0230541,31.3781,1361.063759

33-New Hampshire,20-Kansas,33-New Hampshire/20-Kansas,2-Rail,0,0,-

33-New Hampshire,21-Kentucky,33-New Hampshire/21-Kentucky,2-Rail,0,0,-

33-New Hampshire,22-Louisiana,33-New Hampshire/22-Louisiana,2-Rail,0,0,-

33-New Hampshire,23-Maine,33-New Hampshire/23-Maine,2-Rail,0,0,-

33-New Hampshire,24-Maryland,33-New Hampshire/24-Maryland,2-Rail,0,0,-

33-New Hampshire,25-Massachusetts,33-New Hampshire/25-Massachusetts,2-Rail,0.0312488,7.4043,236.9466988

33-New Hampshire,26-Michigan,33-New Hampshire/26-Michigan,2-Rail,0.0060903,6.4602,1060.735924

33-New Hampshire,27-Minnesota,33-New Hampshire/27-Minnesota,2-Rail,0.0065671,10.0105,1524.341033

33-New Hampshire,28-Mississippi,33-New Hampshire/28-Mississippi,2-Rail,0,0,-

33-New Hampshire,29-Missouri,33-New Hampshire/29-Missouri,2-Rail,0,0,-

33-New Hampshire,30-Montana,33-New Hampshire/30-Montana,2-Rail,0,0,-

33-New Hampshire,31-Nebraska,33-New Hampshire/31-Nebraska,2-Rail,0,0,-

33-New Hampshire,32-Nevada,33-New Hampshire/32-Nevada,2-Rail,0,0,-

33-New Hampshire,33-New Hampshire,33-New Hampshire/33-New Hampshire,2-Rail,0,0,-

33-New Hampshire,34-New Jersey,33-New Hampshire/34-New Jersey,2-Rail,0,0,-

33-New Hampshire,35-New Mexico,33-New Hampshire/35-New Mexico,2-Rail,0,0,-

33-New Hampshire,36-New York,33-New Hampshire/36-New York,2-Rail,0,0,-

33-New Hampshire,37-North Carolina,33-New Hampshire/37-North Carolina,2-Rail,0,0,-

33-New Hampshire,38-North Dakota,33-New Hampshire/38-North Dakota,2-Rail,0,0,-

33-New Hampshire,39-Ohio,33-New Hampshire/39-Ohio,2-Rail,0.0058006,5.0605,872.4097507

33-New Hampshire,40-Oklahoma,33-New Hampshire/40-Oklahoma,2-Rail,0,0,-

33-New Hampshire,41-Oregon,33-New Hampshire/41-Oregon,2-Rail,0,0,-

33-New Hampshire,42-Pennsylvania,33-New Hampshire/42-Pennsylvania,2-Rail,0,0,-

33-New Hampshire,44-Rhode Island,33-New Hampshire/44-Rhode Island,2-Rail,0,0,-

33-New Hampshire,45-South Carolina,33-New Hampshire/45-South Carolina,2-Rail,0,0,-

33-New Hampshire,46-South Dakota,33-New Hampshire/46-South Dakota,2-Rail,0,0,-

33-New Hampshire,47-Tennessee,33-New Hampshire/47-Tennessee,2-Rail,0,0,-

33-New Hampshire,48-Texas,33-New Hampshire/48-Texas,2-Rail,0,0,-

33-New Hampshire,49-Utah,33-New Hampshire/49-Utah,2-Rail,0,0,-

33-New Hampshire,50-Vermont,33-New Hampshire/50-Vermont,2-Rail,0,0,-

33-New Hampshire,51-Virginia,33-New Hampshire/51-Virginia,2-Rail,0,0,-

33-New Hampshire,53-Washington,33-New Hampshire/53-Washington,2-Rail,0.0045193,14.1721,3135.906003

33-New Hampshire,54-West Virginia,33-New Hampshire/54-West Virginia,2-Rail,0.000021,0.02,952.3809524

33-New Hampshire,55-Wisconsin,33-New Hampshire/55-Wisconsin,2-Rail,0,0,-

33-New Hampshire,56-Wyoming,33-New Hampshire/56-Wyoming,2-Rail,0,0,-

34-New Jersey,01-Alabama,34-New Jersey/01-Alabama,2-Rail,0.0409981,41.2483,1006.102722

34-New Jersey,02-Alaska,34-New Jersey/02-Alaska,2-Rail,0,0,-

34-New Jersey,04-Arizona,34-New Jersey/04-Arizona,2-Rail,0,0,-

34-New Jersey,05-Arkansas,34-New Jersey/05-Arkansas,2-Rail,0.0094635,13.9077,1469.614836

34-New Jersey,06-California,34-New Jersey/06-California,2-Rail,0.1605482,493.6022,3074.479814

34-New Jersey,08-Colorado,34-New Jersey/08-Colorado,2-Rail,0,0,-

34-New Jersey,09-Connecticut,34-New Jersey/09-Connecticut,2-Rail,0.0123669,5.3166,429.9056352

34-New Jersey,10-Delaware,34-New Jersey/10-Delaware,2-Rail,0.0277888,1.7067,61.4168298

34-New Jersey,11-Washington DC,34-New Jersey/11-Washington DC,2-Rail,0,0,-

34-New Jersey,12-Florida,34-New Jersey/12-Florida,2-Rail,0.0168718,21.9013,1298.100973

34-New Jersey,13-Georgia,34-New Jersey/13-Georgia,2-Rail,0.0317548,29.0525,914.9010543

34-New Jersey,15-Hawaii,34-New Jersey/15-Hawaii,2-Rail,0,0,-

34-New Jersey,16-Idaho,34-New Jersey/16-Idaho,2-Rail,0.0105395,28.5327,2707.215712

34-New Jersey,17-Illinois,34-New Jersey/17-Illinois,2-Rail,0.0264587,24.1517,912.8075075

34-New Jersey,18-Indiana,34-New Jersey/18-Indiana,2-Rail,0.568808,454.7631,799.5019409

34-New Jersey,19-Iowa,34-New Jersey/19-Iowa,2-Rail,1.4389849,1790.8376,1244.514519

34-New Jersey,20-Kansas,34-New Jersey/20-Kansas,2-Rail,0.0000205,0.0272,1326.829268

34-New Jersey,21-Kentucky,34-New Jersey/21-Kentucky,2-Rail,0.1778828,163.7114,920.3329383

34-New Jersey,22-Louisiana,34-New Jersey/22-Louisiana,2-Rail,0.5613894,892.4496,1589.715802

34-New Jersey,23-Maine,34-New Jersey/23-Maine,2-Rail,0.0375295,22.8865,609.8269361

34-New Jersey,24-Maryland,34-New Jersey/24-Maryland,2-Rail,0,0,-

34-New Jersey,25-Massachusetts,34-New Jersey/25-Massachusetts,2-Rail,0.0082853,2.0645,249.1762519

34-New Jersey,26-Michigan,34-New Jersey/26-Michigan,2-Rail,0.0683332,52.2824,765.1097856

34-New Jersey,27-Minnesota,34-New Jersey/27-Minnesota,2-Rail,0.6545754,907.8156,1386.87705

34-New Jersey,28-Mississippi,34-New Jersey/28-Mississippi,2-Rail,0.0372393,46.4936,1248.508968

34-New Jersey,29-Missouri,34-New Jersey/29-Missouri,2-Rail,0.0001468,0.1908,1299.72752

34-New Jersey,30-Montana,34-New Jersey/30-Montana,2-Rail,0.003325,7.5424,2268.390977

34-New Jersey,31-Nebraska,34-New Jersey/31-Nebraska,2-Rail,0.2491751,350.5272,1406.750514

34-New Jersey,32-Nevada,34-New Jersey/32-Nevada,2-Rail,0,0,-

34-New Jersey,33-New Hampshire,34-New Jersey/33-New Hampshire,2-Rail,0,0,-

34-New Jersey,34-New Jersey,34-New Jersey/34-New Jersey,2-Rail,1.54679,69.1124,44.68117844

34-New Jersey,35-New Mexico,34-New Jersey/35-New Mexico,2-Rail,0,0,-

34-New Jersey,36-New York,34-New Jersey/36-New York,2-Rail,0.087622,21.7731,248.488964

34-New Jersey,37-North Carolina,34-New Jersey/37-North Carolina,2-Rail,0.0546575,30.6942,561.5734346

34-New Jersey,38-North Dakota,34-New Jersey/38-North Dakota,2-Rail,1.3232578,2400.3853,1813.996713

34-New Jersey,39-Ohio,34-New Jersey/39-Ohio,2-Rail,1.7028704,1066.7669,626.4521951

34-New Jersey,40-Oklahoma,34-New Jersey/40-Oklahoma,2-Rail,0.0010935,1.6389,1498.765432

34-New Jersey,41-Oregon,34-New Jersey/41-Oregon,2-Rail,0.0046204,15.0657,3260.691715

34-New Jersey,42-Pennsylvania,34-New Jersey/42-Pennsylvania,2-Rail,0.2440845,38.2474,156.6973732

34-New Jersey,44-Rhode Island,34-New Jersey/44-Rhode Island,2-Rail,0,0,-

34-New Jersey,45-South Carolina,34-New Jersey/45-South Carolina,2-Rail,0.0463984,33.1041,713.4750336

34-New Jersey,46-South Dakota,34-New Jersey/46-South Dakota,2-Rail,0.0184653,29.5562,1600.634704

34-New Jersey,47-Tennessee,34-New Jersey/47-Tennessee,2-Rail,0.0278397,18.9139,679.3859129

34-New Jersey,48-Texas,34-New Jersey/48-Texas,2-Rail,0.5279508,903.8412,1711.97998

34-New Jersey,49-Utah,34-New Jersey/49-Utah,2-Rail,0,0,-

34-New Jersey,50-Vermont,34-New Jersey/50-Vermont,2-Rail,0,0,-

34-New Jersey,51-Virginia,34-New Jersey/51-Virginia,2-Rail,0.0199979,7.456,372.8391481

34-New Jersey,53-Washington,34-New Jersey/53-Washington,2-Rail,0.0627225,190.1029,3030.856551

34-New Jersey,54-West Virginia,34-New Jersey/54-West Virginia,2-Rail,0.0146957,6.5418,445.1506223

34-New Jersey,55-Wisconsin,34-New Jersey/55-Wisconsin,2-Rail,0.0000846,0.0977,1154.846336

34-New Jersey,56-Wyoming,34-New Jersey/56-Wyoming,2-Rail,0.375278,772.4712,2058.397242

35-New Mexico,01-Alabama,35-New Mexico/01-Alabama,2-Rail,0.0124606,19.5678,1570.373818

35-New Mexico,02-Alaska,35-New Mexico/02-Alaska,2-Rail,0,0,-

35-New Mexico,04-Arizona,35-New Mexico/04-Arizona,2-Rail,4.5150974,2308.5432,511.2942193

35-New Mexico,05-Arkansas,35-New Mexico/05-Arkansas,2-Rail,0.0002021,0.1926,952.9935675

35-New Mexico,06-California,35-New Mexico/06-California,2-Rail,0.3510472,445.3544,1268.645356

35-New Mexico,08-Colorado,35-New Mexico/08-Colorado,2-Rail,0.0227694,9.2398,405.799011

35-New Mexico,09-Connecticut,35-New Mexico/09-Connecticut,2-Rail,0,0,-

35-New Mexico,10-Delaware,35-New Mexico/10-Delaware,2-Rail,0,0,-

35-New Mexico,11-Washington DC,35-New Mexico/11-Washington DC,2-Rail,0,0,-

35-New Mexico,12-Florida,35-New Mexico/12-Florida,2-Rail,0.0009702,1.9036,1962.069676

35-New Mexico,13-Georgia,35-New Mexico/13-Georgia,2-Rail,0.0478849,87.2079,1821.198332

35-New Mexico,15-Hawaii,35-New Mexico/15-Hawaii,2-Rail,0,0,-

35-New Mexico,16-Idaho,35-New Mexico/16-Idaho,2-Rail,0.0176151,28.0062,1589.897304

35-New Mexico,17-Illinois,35-New Mexico/17-Illinois,2-Rail,2.1937755,2696.0842,1228.969965

35-New Mexico,18-Indiana,35-New Mexico/18-Indiana,2-Rail,0.0243573,35.8042,1469.957672

35-New Mexico,19-Iowa,35-New Mexico/19-Iowa,2-Rail,0.8213388,931.9547,1134.677553

35-New Mexico,20-Kansas,35-New Mexico/20-Kansas,2-Rail,0,0,-

35-New Mexico,21-Kentucky,35-New Mexico/21-Kentucky,2-Rail,0,0,-

35-New Mexico,22-Louisiana,35-New Mexico/22-Louisiana,2-Rail,0.1898064,217.1371,1143.99251

35-New Mexico,23-Maine,35-New Mexico/23-Maine,2-Rail,0.0153014,36.9367,2413.942515

35-New Mexico,24-Maryland,35-New Mexico/24-Maryland,2-Rail,0,0,-

35-New Mexico,25-Massachusetts,35-New Mexico/25-Massachusetts,2-Rail,0,0,-

35-New Mexico,26-Michigan,35-New Mexico/26-Michigan,2-Rail,0,0,-

35-New Mexico,27-Minnesota,35-New Mexico/27-Minnesota,2-Rail,0.2581762,360.5736,1396.618279

35-New Mexico,28-Mississippi,35-New Mexico/28-Mississippi,2-Rail,0.102004,117.4724,1151.645034

35-New Mexico,29-Missouri,35-New Mexico/29-Missouri,2-Rail,0.0115798,10.5762,913.3318365

35-New Mexico,30-Montana,35-New Mexico/30-Montana,2-Rail,0,0,-

35-New Mexico,31-Nebraska,35-New Mexico/31-Nebraska,2-Rail,0.1057488,108.0248,1021.522703

35-New Mexico,32-Nevada,35-New Mexico/32-Nevada,2-Rail,0,0,-

35-New Mexico,33-New Hampshire,35-New Mexico/33-New Hampshire,2-Rail,0,0,-

35-New Mexico,34-New Jersey,35-New Mexico/34-New Jersey,2-Rail,0,0,-

35-New Mexico,35-New Mexico,35-New Mexico/35-New Mexico,2-Rail,25.1629744,5364.5478,213.1921177

35-New Mexico,36-New York,35-New Mexico/36-New York,2-Rail,0.0062232,12.3586,1985.891503

35-New Mexico,37-North Carolina,35-New Mexico/37-North Carolina,2-Rail,0.013377,24.3132,1817.537564

35-New Mexico,38-North Dakota,35-New Mexico/38-North Dakota,2-Rail,0.2402137,380.4538,1583.813912

35-New Mexico,39-Ohio,35-New Mexico/39-Ohio,2-Rail,0.0527233,84.4445,1601.654297

35-New Mexico,40-Oklahoma,35-New Mexico/40-Oklahoma,2-Rail,0.0711578,40.6155,570.7807155

35-New Mexico,41-Oregon,35-New Mexico/41-Oregon,2-Rail,0.1301372,224.4367,1724.616021

35-New Mexico,42-Pennsylvania,35-New Mexico/42-Pennsylvania,2-Rail,0.0242501,49.8263,2054.684311

35-New Mexico,44-Rhode Island,35-New Mexico/44-Rhode Island,2-Rail,0,0,-

35-New Mexico,45-South Carolina,35-New Mexico/45-South Carolina,2-Rail,0.0098241,19.8302,2018.52587

35-New Mexico,46-South Dakota,35-New Mexico/46-South Dakota,2-Rail,0.0239532,27.0412,1128.918057

35-New Mexico,47-Tennessee,35-New Mexico/47-Tennessee,2-Rail,0.0573434,73.4894,1281.566841

35-New Mexico,48-Texas,35-New Mexico/48-Texas,2-Rail,0.1010514,71.2486,705.0728639

35-New Mexico,49-Utah,35-New Mexico/49-Utah,2-Rail,0,0,-

35-New Mexico,50-Vermont,35-New Mexico/50-Vermont,2-Rail,0,0,-

35-New Mexico,51-Virginia,35-New Mexico/51-Virginia,2-Rail,0,0,-

35-New Mexico,53-Washington,35-New Mexico/53-Washington,2-Rail,0,0,-

35-New Mexico,54-West Virginia,35-New Mexico/54-West Virginia,2-Rail,0,0,-

35-New Mexico,55-Wisconsin,35-New Mexico/55-Wisconsin,2-Rail,1.3232905,1872.457,1415.000712

35-New Mexico,56-Wyoming,35-New Mexico/56-Wyoming,2-Rail,0,0,-

36-New York,01-Alabama,36-New York/01-Alabama,2-Rail,0,0,-

36-New York,02-Alaska,36-New York/02-Alaska,2-Rail,0,0,-

36-New York,04-Arizona,36-New York/04-Arizona,2-Rail,0,0,-

36-New York,05-Arkansas,36-New York/05-Arkansas,2-Rail,0.0000004,0.0004,1000

36-New York,06-California,36-New York/06-California,2-Rail,0.3359975,1015.8947,3023.518627

36-New York,08-Colorado,36-New York/08-Colorado,2-Rail,0,0,-

36-New York,09-Connecticut,36-New York/09-Connecticut,2-Rail,0.7435067,122.9264,165.3332781

36-New York,10-Delaware,36-New York/10-Delaware,2-Rail,0,0,-

36-New York,11-Washington DC,36-New York/11-Washington DC,2-Rail,0,0,-

36-New York,12-Florida,36-New York/12-Florida,2-Rail,0.000053,0.0769,1450.943396

36-New York,13-Georgia,36-New York/13-Georgia,2-Rail,0.0147412,15.5253,1053.191056

36-New York,15-Hawaii,36-New York/15-Hawaii,2-Rail,0,0,-

36-New York,16-Idaho,36-New York/16-Idaho,2-Rail,0.0020165,4.7196,2340.49095

36-New York,17-Illinois,36-New York/17-Illinois,2-Rail,0.1453808,109.648,754.2123857

36-New York,18-Indiana,36-New York/18-Indiana,2-Rail,0.0706517,52.6714,745.5078929

36-New York,19-Iowa,36-New York/19-Iowa,2-Rail,0.7681185,893.5406,1163.284832

36-New York,20-Kansas,36-New York/20-Kansas,2-Rail,0,0,-

36-New York,21-Kentucky,36-New York/21-Kentucky,2-Rail,0.0030789,2.0255,657.8648219

36-New York,22-Louisiana,36-New York/22-Louisiana,2-Rail,0.1408216,222.348,1578.933914

36-New York,23-Maine,36-New York/23-Maine,2-Rail,0.0851871,32.0526,376.2611945

36-New York,24-Maryland,36-New York/24-Maryland,2-Rail,0.1334409,43.5613,326.4463894

36-New York,25-Massachusetts,36-New York/25-Massachusetts,2-Rail,0.0366652,10.6821,291.3416537

36-New York,26-Michigan,36-New York/26-Michigan,2-Rail,0.0446363,26.0126,582.7678369

36-New York,27-Minnesota,36-New York/27-Minnesota,2-Rail,0.1954899,253.6878,1297.702848

36-New York,28-Mississippi,36-New York/28-Mississippi,2-Rail,0,0,-

36-New York,29-Missouri,36-New York/29-Missouri,2-Rail,0.0157505,12.8219,814.0630456

36-New York,30-Montana,36-New York/30-Montana,2-Rail,0.1112088,238.1268,2141.258605

36-New York,31-Nebraska,36-New York/31-Nebraska,2-Rail,0,0,-

36-New York,32-Nevada,36-New York/32-Nevada,2-Rail,0.0095924,22.3237,2327.227805

36-New York,33-New Hampshire,36-New York/33-New Hampshire,2-Rail,0,0,-

36-New York,34-New Jersey,36-New York/34-New Jersey,2-Rail,0.087622,21.7731,248.488964

36-New York,35-New Mexico,36-New York/35-New Mexico,2-Rail,0.0062232,12.3586,1985.891503

36-New York,36-New York,36-New York/36-New York,2-Rail,17.0453304,1561.5684,91.61268003

36-New York,37-North Carolina,36-New York/37-North Carolina,2-Rail,0.0389474,29.8486,766.3823516

36-New York,38-North Dakota,36-New York/38-North Dakota,2-Rail,0.0593995,94.7211,1594.644736

36-New York,39-Ohio,36-New York/39-Ohio,2-Rail,0.7817082,508.0745,649.9541645

36-New York,40-Oklahoma,36-New York/40-Oklahoma,2-Rail,0,0,-

36-New York,41-Oregon,36-New York/41-Oregon,2-Rail,0.0113504,36.9673,3256.916056

36-New York,42-Pennsylvania,36-New York/42-Pennsylvania,2-Rail,0.7138388,185.0982,259.2997186

36-New York,44-Rhode Island,36-New York/44-Rhode Island,2-Rail,0,0,-

36-New York,45-South Carolina,36-New York/45-South Carolina,2-Rail,0.1590786,165.3799,1039.611236

36-New York,46-South Dakota,36-New York/46-South Dakota,2-Rail,0,0,-

36-New York,47-Tennessee,36-New York/47-Tennessee,2-Rail,0,0,-

36-New York,48-Texas,36-New York/48-Texas,2-Rail,0.0515597,86.0209,1668.374719

36-New York,49-Utah,36-New York/49-Utah,2-Rail,0.0131442,27.1426,2064.986838

36-New York,50-Vermont,36-New York/50-Vermont,2-Rail,0.2135332,34.9506,163.6775921

36-New York,51-Virginia,36-New York/51-Virginia,2-Rail,1.6195064,934.2682,576.8845372

36-New York,53-Washington,36-New York/53-Washington,2-Rail,0.0083128,25.1637,3027.102781

36-New York,54-West Virginia,36-New York/54-West Virginia,2-Rail,0.0000881,0.0503,570.9421112

36-New York,55-Wisconsin,36-New York/55-Wisconsin,2-Rail,0.0785746,90.0297,1145.786297

36-New York,56-Wyoming,36-New York/56-Wyoming,2-Rail,0.0250606,46.3929,1851.228622

37-North Carolina,01-Alabama,37-North Carolina/01-Alabama,2-Rail,0.576573,318.1807,551.8480747

37-North Carolina,02-Alaska,37-North Carolina/02-Alaska,2-Rail,0,0,-

37-North Carolina,04-Arizona,37-North Carolina/04-Arizona,2-Rail,0,0,-

37-North Carolina,05-Arkansas,37-North Carolina/05-Arkansas,2-Rail,0,0,-

37-North Carolina,06-California,37-North Carolina/06-California,2-Rail,0.0163494,50.6583,3098.480678

37-North Carolina,08-Colorado,37-North Carolina/08-Colorado,2-Rail,0.0002512,0.4674,1860.66879

37-North Carolina,09-Connecticut,37-North Carolina/09-Connecticut,2-Rail,0,0,-

37-North Carolina,10-Delaware,37-North Carolina/10-Delaware,2-Rail,0,0,-

37-North Carolina,11-Washington DC,37-North Carolina/11-Washington DC,2-Rail,0,0,-

37-North Carolina,12-Florida,37-North Carolina/12-Florida,2-Rail,0.3238986,264.5291,816.7034374

37-North Carolina,13-Georgia,37-North Carolina/13-Georgia,2-Rail,0.266582,95.4358,357.9979143

37-North Carolina,15-Hawaii,37-North Carolina/15-Hawaii,2-Rail,0,0,-

37-North Carolina,16-Idaho,37-North Carolina/16-Idaho,2-Rail,0.0071139,19.5639,2750.094885

37-North Carolina,17-Illinois,37-North Carolina/17-Illinois,2-Rail,1.0589617,1004.186,948.2741444

37-North Carolina,18-Indiana,37-North Carolina/18-Indiana,2-Rail,2.2648688,1831.6491,808.7219445

37-North Carolina,19-Iowa,37-North Carolina/19-Iowa,2-Rail,0.5784035,656.2884,1134.65496

37-North Carolina,20-Kansas,37-North Carolina/20-Kansas,2-Rail,0.4454065,546.141,1226.163067

37-North Carolina,21-Kentucky,37-North Carolina/21-Kentucky,2-Rail,0.6590229,372.4502,565.1551714

37-North Carolina,22-Louisiana,37-North Carolina/22-Louisiana,2-Rail,0.1490409,142.7291,957.650551

37-North Carolina,23-Maine,37-North Carolina/23-Maine,2-Rail,0.0281829,31.7212,1125.547761

37-North Carolina,24-Maryland,37-North Carolina/24-Maryland,2-Rail,0.3254877,118.7166,364.7345199

37-North Carolina,25-Massachusetts,37-North Carolina/25-Massachusetts,2-Rail,0.0164493,13.5669,824.7706589

37-North Carolina,26-Michigan,37-North Carolina/26-Michigan,2-Rail,3.4106932,3324.4736,974.7207987

37-North Carolina,27-Minnesota,37-North Carolina/27-Minnesota,2-Rail,0.0053595,7.7218,1440.768728

37-North Carolina,28-Mississippi,37-North Carolina/28-Mississippi,2-Rail,0.1061487,89.32,841.4610824

37-North Carolina,29-Missouri,37-North Carolina/29-Missouri,2-Rail,0.0098633,11.2637,1141.980879

37-North Carolina,30-Montana,37-North Carolina/30-Montana,2-Rail,0,0,-

37-North Carolina,31-Nebraska,37-North Carolina/31-Nebraska,2-Rail,0.0025414,3.7577,1478.594475

37-North Carolina,32-Nevada,37-North Carolina/32-Nevada,2-Rail,0,0,-

37-North Carolina,33-New Hampshire,37-North Carolina/33-New Hampshire,2-Rail,0,0,-

37-North Carolina,34-New Jersey,37-North Carolina/34-New Jersey,2-Rail,0.0546575,30.6942,561.5734346

37-North Carolina,35-New Mexico,37-North Carolina/35-New Mexico,2-Rail,0.013377,24.3132,1817.537564

37-North Carolina,36-New York,37-North Carolina/36-New York,2-Rail,0.0389474,29.8486,766.3823516

37-North Carolina,37-North Carolina,37-North Carolina/37-North Carolina,2-Rail,9.3996588,1578.541,167.9359893

37-North Carolina,38-North Dakota,37-North Carolina/38-North Dakota,2-Rail,0.6775758,1174.2795,1733.059976

37-North Carolina,39-Ohio,37-North Carolina/39-Ohio,2-Rail,2.9208392,2072.7173,709.6307458

37-North Carolina,40-Oklahoma,37-North Carolina/40-Oklahoma,2-Rail,0.0004101,0.4705,1147.281151

37-North Carolina,41-Oregon,37-North Carolina/41-Oregon,2-Rail,0.0211492,64.9881,3072.839635

37-North Carolina,42-Pennsylvania,37-North Carolina/42-Pennsylvania,2-Rail,2.9319782,1994.0422,680.101305

37-North Carolina,44-Rhode Island,37-North Carolina/44-Rhode Island,2-Rail,0,0,-

37-North Carolina,45-South Carolina,37-North Carolina/45-South Carolina,2-Rail,0.5626111,153.1957,272.29413

37-North Carolina,46-South Dakota,37-North Carolina/46-South Dakota,2-Rail,0.003583,6.1444,1714.875802

37-North Carolina,47-Tennessee,37-North Carolina/47-Tennessee,2-Rail,0.0758358,30.569,403.0945807

37-North Carolina,48-Texas,37-North Carolina/48-Texas,2-Rail,0.2620909,333.9604,1274.21593

37-North Carolina,49-Utah,37-North Carolina/49-Utah,2-Rail,0.0011987,2.6148,2181.363143

37-North Carolina,50-Vermont,37-North Carolina/50-Vermont,2-Rail,0,0,-

37-North Carolina,51-Virginia,37-North Carolina/51-Virginia,2-Rail,0.3357921,88.9508,264.8984297

37-North Carolina,53-Washington,37-North Carolina/53-Washington,2-Rail,0,0,-

37-North Carolina,54-West Virginia,37-North Carolina/54-West Virginia,2-Rail,3.1627567,1441.338,455.7220604

37-North Carolina,55-Wisconsin,37-North Carolina/55-Wisconsin,2-Rail,0.0736976,83.8838,1138.21617

37-North Carolina,56-Wyoming,37-North Carolina/56-Wyoming,2-Rail,0.4706186,958.6085,2036.911631

38-North Dakota,01-Alabama,38-North Dakota/01-Alabama,2-Rail,0.0091497,13.6322,1489.906773

38-North Dakota,02-Alaska,38-North Dakota/02-Alaska,2-Rail,0,0,-

38-North Dakota,04-Arizona,38-North Dakota/04-Arizona,2-Rail,0.1317918,280.1572,2125.755927

38-North Dakota,05-Arkansas,38-North Dakota/05-Arkansas,2-Rail,0.1005307,134.0396,1333.32007

38-North Dakota,06-California,38-North Dakota/06-California,2-Rail,0.140782,294.0089,2088.398375

38-North Dakota,08-Colorado,38-North Dakota/08-Colorado,2-Rail,0.0354089,36.2265,1023.09024

38-North Dakota,09-Connecticut,38-North Dakota/09-Connecticut,2-Rail,0,0,-

38-North Dakota,10-Delaware,38-North Dakota/10-Delaware,2-Rail,1.5000117,2670.2498,1780.152648

38-North Dakota,11-Washington DC,38-North Dakota/11-Washington DC,2-Rail,0,0,-

38-North Dakota,12-Florida,38-North Dakota/12-Florida,2-Rail,0.0164378,33.0406,2010.03784

38-North Dakota,13-Georgia,38-North Dakota/13-Georgia,2-Rail,0,0,-

38-North Dakota,15-Hawaii,38-North Dakota/15-Hawaii,2-Rail,0,0,-

38-North Dakota,16-Idaho,38-North Dakota/16-Idaho,2-Rail,0,0,-

38-North Dakota,17-Illinois,38-North Dakota/17-Illinois,2-Rail,1.141609,973.1794,852.4629711

38-North Dakota,18-Indiana,38-North Dakota/18-Indiana,2-Rail,0.175397,150.4808,857.9439785

38-North Dakota,19-Iowa,38-North Dakota/19-Iowa,2-Rail,1.4267513,999.8444,700.7839418

38-North Dakota,20-Kansas,38-North Dakota/20-Kansas,2-Rail,0.02162,20.3519,941.3459759

38-North Dakota,21-Kentucky,38-North Dakota/21-Kentucky,2-Rail,0.000948,1.1674,1231.434599

38-North Dakota,22-Louisiana,38-North Dakota/22-Louisiana,2-Rail,0.808065,1477.7948,1828.806841

38-North Dakota,23-Maine,38-North Dakota/23-Maine,2-Rail,0,0,-

38-North Dakota,24-Maryland,38-North Dakota/24-Maryland,2-Rail,0,0,-

38-North Dakota,25-Massachusetts,38-North Dakota/25-Massachusetts,2-Rail,0.0377181,68.0204,1803.388824

38-North Dakota,26-Michigan,38-North Dakota/26-Michigan,2-Rail,0.0034063,3.6836,1081.407979

38-North Dakota,27-Minnesota,38-North Dakota/27-Minnesota,2-Rail,1.3939127,554.4258,397.7478647

38-North Dakota,28-Mississippi,38-North Dakota/28-Mississippi,2-Rail,0,0,-

38-North Dakota,29-Missouri,38-North Dakota/29-Missouri,2-Rail,0,0,-

38-North Dakota,30-Montana,38-North Dakota/30-Montana,2-Rail,2.0258099,1165.8279,575.487315

38-North Dakota,31-Nebraska,38-North Dakota/31-Nebraska,2-Rail,0.0232175,14.4435,622.0954022

38-North Dakota,32-Nevada,38-North Dakota/32-Nevada,2-Rail,0.1008129,136.2481,1351.4947

38-North Dakota,33-New Hampshire,38-North Dakota/33-New Hampshire,2-Rail,0,0,-

38-North Dakota,34-New Jersey,38-North Dakota/34-New Jersey,2-Rail,1.3232578,2400.3853,1813.996713

38-North Dakota,35-New Mexico,38-North Dakota/35-New Mexico,2-Rail,0.2402137,380.4538,1583.813912

38-North Dakota,36-New York,38-North Dakota/36-New York,2-Rail,0.0593995,94.7211,1594.644736

38-North Dakota,37-North Carolina,38-North Dakota/37-North Carolina,2-Rail,0.6775758,1174.2795,1733.059976

38-North Dakota,38-North Dakota,38-North Dakota/38-North Dakota,2-Rail,13.0183452,2768.5494,212.6652318

38-North Dakota,39-Ohio,38-North Dakota/39-Ohio,2-Rail,0.079026,93.85,1187.583833

38-North Dakota,40-Oklahoma,38-North Dakota/40-Oklahoma,2-Rail,0,0,-

38-North Dakota,41-Oregon,38-North Dakota/41-Oregon,2-Rail,1.8796952,2799.9272,1489.564478

38-North Dakota,42-Pennsylvania,38-North Dakota/42-Pennsylvania,2-Rail,2.2233341,3926.8552,1766.20113

38-North Dakota,44-Rhode Island,38-North Dakota/44-Rhode Island,2-Rail,0,0,-

38-North Dakota,45-South Carolina,38-North Dakota/45-South Carolina,2-Rail,0,0,-

38-North Dakota,46-South Dakota,38-North Dakota/46-South Dakota,2-Rail,0,0,-

38-North Dakota,47-Tennessee,38-North Dakota/47-Tennessee,2-Rail,0.0000299,0.0386,1290.9699

38-North Dakota,48-Texas,38-North Dakota/48-Texas,2-Rail,0.4732169,731.0257,1544.800492

38-North Dakota,49-Utah,38-North Dakota/49-Utah,2-Rail,0,0,-

38-North Dakota,50-Vermont,38-North Dakota/50-Vermont,2-Rail,0,0,-

38-North Dakota,51-Virginia,38-North Dakota/51-Virginia,2-Rail,0.0197352,31.7019,1606.363249

38-North Dakota,53-Washington,38-North Dakota/53-Washington,2-Rail,17.4576836,23456.8729,1343.64177

38-North Dakota,54-West Virginia,38-North Dakota/54-West Virginia,2-Rail,0,0,-

38-North Dakota,55-Wisconsin,38-North Dakota/55-Wisconsin,2-Rail,0.9960312,618.545,621.0096632

38-North Dakota,56-Wyoming,38-North Dakota/56-Wyoming,2-Rail,0.0257358,23.3661,907.9220386

39-Ohio,01-Alabama,39-Ohio/01-Alabama,2-Rail,0.2300709,175.8753,764.4395706

39-Ohio,02-Alaska,39-Ohio/02-Alaska,2-Rail,0,0,-

39-Ohio,04-Arizona,39-Ohio/04-Arizona,2-Rail,0.0016266,3.156,1940.243453

39-Ohio,05-Arkansas,39-Ohio/05-Arkansas,2-Rail,0.0201353,18.3782,912.7353454

39-Ohio,06-California,39-Ohio/06-California,2-Rail,0.3283062,849.1697,2586.517404

39-Ohio,08-Colorado,39-Ohio/08-Colorado,2-Rail,0,0,-

39-Ohio,09-Connecticut,39-Ohio/09-Connecticut,2-Rail,0.7880914,608.2331,771.7798976

39-Ohio,10-Delaware,39-Ohio/10-Delaware,2-Rail,0.1223676,69.807,570.4696341

39-Ohio,11-Washington DC,39-Ohio/11-Washington DC,2-Rail,0,0,-

39-Ohio,12-Florida,39-Ohio/12-Florida,2-Rail,0.3248081,332.4115,1023.408899

39-Ohio,13-Georgia,39-Ohio/13-Georgia,2-Rail,1.0486472,743.8399,709.3328433

39-Ohio,15-Hawaii,39-Ohio/15-Hawaii,2-Rail,0,0,-

39-Ohio,16-Idaho,39-Ohio/16-Idaho,2-Rail,0.1199732,262.7851,2190.365015

39-Ohio,17-Illinois,39-Ohio/17-Illinois,2-Rail,0.7372789,264.8681,359.2508886

39-Ohio,18-Indiana,39-Ohio/18-Indiana,2-Rail,5.1644407,1267.897,245.5051909

39-Ohio,19-Iowa,39-Ohio/19-Iowa,2-Rail,0.734976,477.563,649.7667951

39-Ohio,20-Kansas,39-Ohio/20-Kansas,2-Rail,0.0165647,13.202,796.9960217

39-Ohio,21-Kentucky,39-Ohio/21-Kentucky,2-Rail,0.1935654,72.1075,372.5226719

39-Ohio,22-Louisiana,39-Ohio/22-Louisiana,2-Rail,0.1761885,193.193,1096.51311

39-Ohio,23-Maine,39-Ohio/23-Maine,2-Rail,0,0,-

39-Ohio,24-Maryland,39-Ohio/24-Maryland,2-Rail,1.402913,751.9337,535.9802782

39-Ohio,25-Massachusetts,39-Ohio/25-Massachusetts,2-Rail,0.804364,581.977,723.5244243

39-Ohio,26-Michigan,39-Ohio/26-Michigan,2-Rail,1.3555738,248.8337,183.5633737

39-Ohio,27-Minnesota,39-Ohio/27-Minnesota,2-Rail,1.4270552,1290.8623,904.5636777

39-Ohio,28-Mississippi,39-Ohio/28-Mississippi,2-Rail,0.337835,299.4748,886.4528542

39-Ohio,29-Missouri,39-Ohio/29-Missouri,2-Rail,0.0373137,21.5172,576.6568311

39-Ohio,30-Montana,39-Ohio/30-Montana,2-Rail,0.0156051,27.7351,1777.309982

39-Ohio,31-Nebraska,39-Ohio/31-Nebraska,2-Rail,0.0612619,57.78,943.1636955

39-Ohio,32-Nevada,39-Ohio/32-Nevada,2-Rail,0,0,-

39-Ohio,33-New Hampshire,39-Ohio/33-New Hampshire,2-Rail,0.0058006,5.0605,872.4097507

39-Ohio,34-New Jersey,39-Ohio/34-New Jersey,2-Rail,1.7028704,1066.7669,626.4521951

39-Ohio,35-New Mexico,39-Ohio/35-New Mexico,2-Rail,0.0527233,84.4445,1601.654297

39-Ohio,36-New York,39-Ohio/36-New York,2-Rail,0.7817082,508.0745,649.9541645

39-Ohio,37-North Carolina,39-Ohio/37-North Carolina,2-Rail,2.9208392,2072.7173,709.6307458

39-Ohio,38-North Dakota,39-Ohio/38-North Dakota,2-Rail,0.079026,93.85,1187.583833

39-Ohio,39-Ohio,39-Ohio/39-Ohio,2-Rail,31.8300232,3899.7328,122.517435

39-Ohio,40-Oklahoma,39-Ohio/40-Oklahoma,2-Rail,0.4023556,408.7853,1015.980143

39-Ohio,41-Oregon,39-Ohio/41-Oregon,2-Rail,0.0067486,18.3865,2724.491006

39-Ohio,42-Pennsylvania,39-Ohio/42-Pennsylvania,2-Rail,0.5562303,187.1326,336.4300722

39-Ohio,44-Rhode Island,39-Ohio/44-Rhode Island,2-Rail,0,0,-

39-Ohio,45-South Carolina,39-Ohio/45-South Carolina,2-Rail,2.0224297,1489.2967,736.3898483

39-Ohio,46-South Dakota,39-Ohio/46-South Dakota,2-Rail,0.0952082,108.7025,1141.734641

39-Ohio,47-Tennessee,39-Ohio/47-Tennessee,2-Rail,0.3988361,244.0963,612.0215798

39-Ohio,48-Texas,39-Ohio/48-Texas,2-Rail,1.8333014,2610.3557,1423.855183

39-Ohio,49-Utah,39-Ohio/49-Utah,2-Rail,0.001478,2.6787,1812.381597

39-Ohio,50-Vermont,39-Ohio/50-Vermont,2-Rail,0.0216475,13.6846,632.1561381

39-Ohio,51-Virginia,39-Ohio/51-Virginia,2-Rail,1.0764163,730.8061,678.9251519

39-Ohio,53-Washington,39-Ohio/53-Washington,2-Rail,0.0062694,15.7147,2506.571602

39-Ohio,54-West Virginia,39-Ohio/54-West Virginia,2-Rail,4.7249953,1378.7495,291.7991262

39-Ohio,55-Wisconsin,39-Ohio/55-Wisconsin,2-Rail,2.1355979,1164.8413,545.4403659

39-Ohio,56-Wyoming,39-Ohio/56-Wyoming,2-Rail,0.2042196,302.6325,1481.897428

40-Oklahoma,01-Alabama,40-Oklahoma/01-Alabama,2-Rail,0.0536087,50.3861,939.8866229

40-Oklahoma,02-Alaska,40-Oklahoma/02-Alaska,2-Rail,0,0,-

40-Oklahoma,04-Arizona,40-Oklahoma/04-Arizona,2-Rail,0.6592871,626.9682,950.9790196

40-Oklahoma,05-Arkansas,40-Oklahoma/05-Arkansas,2-Rail,0.5884109,200.1322,340.123203

40-Oklahoma,06-California,40-Oklahoma/06-California,2-Rail,0.5064206,869.5947,1717.139271

40-Oklahoma,08-Colorado,40-Oklahoma/08-Colorado,2-Rail,0.0076597,7.6463,998.2505842

40-Oklahoma,09-Connecticut,40-Oklahoma/09-Connecticut,2-Rail,0,0,-

40-Oklahoma,10-Delaware,40-Oklahoma/10-Delaware,2-Rail,0.016957,28.2552,1666.28531

40-Oklahoma,11-Washington DC,40-Oklahoma/11-Washington DC,2-Rail,0,0,-

40-Oklahoma,12-Florida,40-Oklahoma/12-Florida,2-Rail,0,0,-

40-Oklahoma,13-Georgia,40-Oklahoma/13-Georgia,2-Rail,0,0,-

40-Oklahoma,15-Hawaii,40-Oklahoma/15-Hawaii,2-Rail,0,0,-

40-Oklahoma,16-Idaho,40-Oklahoma/16-Idaho,2-Rail,0.0207235,35.6846,1721.938862

40-Oklahoma,17-Illinois,40-Oklahoma/17-Illinois,2-Rail,0.1230652,92.4197,750.9815935

40-Oklahoma,18-Indiana,40-Oklahoma/18-Indiana,2-Rail,0.1102697,88.831,805.5794112

40-Oklahoma,19-Iowa,40-Oklahoma/19-Iowa,2-Rail,0.1968749,132.0823,670.894563

40-Oklahoma,20-Kansas,40-Oklahoma/20-Kansas,2-Rail,0.0359806,12.5602,349.0825612

40-Oklahoma,21-Kentucky,40-Oklahoma/21-Kentucky,2-Rail,0.0190041,17.2699,908.7460074

40-Oklahoma,22-Louisiana,40-Oklahoma/22-Louisiana,2-Rail,0.1977327,138.6963,701.4332986

40-Oklahoma,23-Maine,40-Oklahoma/23-Maine,2-Rail,0,0,-

40-Oklahoma,24-Maryland,40-Oklahoma/24-Maryland,2-Rail,0,0,-

40-Oklahoma,25-Massachusetts,40-Oklahoma/25-Massachusetts,2-Rail,0,0,-

40-Oklahoma,26-Michigan,40-Oklahoma/26-Michigan,2-Rail,0.0018219,1.8103,993.6330205

40-Oklahoma,27-Minnesota,40-Oklahoma/27-Minnesota,2-Rail,0.4272017,364.1268,852.3533497

40-Oklahoma,28-Mississippi,40-Oklahoma/28-Mississippi,2-Rail,0.2483092,184.0286,741.1267887

40-Oklahoma,29-Missouri,40-Oklahoma/29-Missouri,2-Rail,0.0447531,21.4879,480.143275

40-Oklahoma,30-Montana,40-Oklahoma/30-Montana,2-Rail,0.0771238,100.9988,1309.567215

40-Oklahoma,31-Nebraska,40-Oklahoma/31-Nebraska,2-Rail,0.1414067,90.6276,640.9003251

40-Oklahoma,32-Nevada,40-Oklahoma/32-Nevada,2-Rail,0.0705677,116.1156,1645.449689

40-Oklahoma,33-New Hampshire,40-Oklahoma/33-New Hampshire,2-Rail,0,0,-

40-Oklahoma,34-New Jersey,40-Oklahoma/34-New Jersey,2-Rail,0.0010935,1.6389,1498.765432

40-Oklahoma,35-New Mexico,40-Oklahoma/35-New Mexico,2-Rail,0.0711578,40.6155,570.7807155

40-Oklahoma,36-New York,40-Oklahoma/36-New York,2-Rail,0,0,-

40-Oklahoma,37-North Carolina,40-Oklahoma/37-North Carolina,2-Rail,0.0004101,0.4705,1147.281151

40-Oklahoma,38-North Dakota,40-Oklahoma/38-North Dakota,2-Rail,0,0,-

40-Oklahoma,39-Ohio,40-Oklahoma/39-Ohio,2-Rail,0.4023556,408.7853,1015.980143

40-Oklahoma,40-Oklahoma,40-Oklahoma/40-Oklahoma,2-Rail,44.3839262,2791.4354,62.89293533

40-Oklahoma,41-Oregon,40-Oklahoma/41-Oregon,2-Rail,0.1076989,237.3539,2203.865592

40-Oklahoma,42-Pennsylvania,40-Oklahoma/42-Pennsylvania,2-Rail,0.0826698,110.483,1336.437248

40-Oklahoma,44-Rhode Island,40-Oklahoma/44-Rhode Island,2-Rail,0,0,-

40-Oklahoma,45-South Carolina,40-Oklahoma/45-South Carolina,2-Rail,0.0279037,37.0783,1328.795106

40-Oklahoma,46-South Dakota,40-Oklahoma/46-South Dakota,2-Rail,0.0071161,6.3275,889.1808715

40-Oklahoma,47-Tennessee,40-Oklahoma/47-Tennessee,2-Rail,0.0952295,51.1,536.598428

40-Oklahoma,48-Texas,40-Oklahoma/48-Texas,2-Rail,5.1036585,1374.7773,269.3709424

40-Oklahoma,49-Utah,40-Oklahoma/49-Utah,2-Rail,0,0,-

40-Oklahoma,50-Vermont,40-Oklahoma/50-Vermont,2-Rail,0,0,-

40-Oklahoma,51-Virginia,40-Oklahoma/51-Virginia,2-Rail,0.0038878,5.3606,1378.826071

40-Oklahoma,53-Washington,40-Oklahoma/53-Washington,2-Rail,0.0414203,88.9821,2148.272707

40-Oklahoma,54-West Virginia,40-Oklahoma/54-West Virginia,2-Rail,0,0,-

40-Oklahoma,55-Wisconsin,40-Oklahoma/55-Wisconsin,2-Rail,1.057367,991.6741,937.8712405

40-Oklahoma,56-Wyoming,40-Oklahoma/56-Wyoming,2-Rail,5.6668739,6402.6943,1129.84591

41-Oregon,01-Alabama,41-Oregon/01-Alabama,2-Rail,0.0559886,160.3778,2864.47241

41-Oregon,02-Alaska,41-Oregon/02-Alaska,2-Rail,0,0,-

41-Oregon,04-Arizona,41-Oregon/04-Arizona,2-Rail,0.0834806,109.1812,1307.863144

41-Oregon,05-Arkansas,41-Oregon/05-Arkansas,2-Rail,0.0142737,30.7276,2152.742456

41-Oregon,06-California,41-Oregon/06-California,2-Rail,0.6437334,549.1842,853.1236689

41-Oregon,08-Colorado,41-Oregon/08-Colorado,2-Rail,0.0949723,139.9862,1473.968726

41-Oregon,09-Connecticut,41-Oregon/09-Connecticut,2-Rail,0,0,-

41-Oregon,10-Delaware,41-Oregon/10-Delaware,2-Rail,0,0,-

41-Oregon,11-Washington DC,41-Oregon/11-Washington DC,2-Rail,0,0,-

41-Oregon,12-Florida,41-Oregon/12-Florida,2-Rail,0.0001993,0.6379,3200.702459

41-Oregon,13-Georgia,41-Oregon/13-Georgia,2-Rail,0.0202154,58.7275,2905.087211

41-Oregon,15-Hawaii,41-Oregon/15-Hawaii,2-Rail,0,0,-

41-Oregon,16-Idaho,41-Oregon/16-Idaho,2-Rail,0.1879112,109.5176,582.815713

41-Oregon,17-Illinois,41-Oregon/17-Illinois,2-Rail,0.0509081,118.5812,2329.31891

41-Oregon,18-Indiana,41-Oregon/18-Indiana,2-Rail,0.0001683,0.3866,2297.088532

41-Oregon,19-Iowa,41-Oregon/19-Iowa,2-Rail,0.1340052,273.1148,2038.091059

41-Oregon,20-Kansas,41-Oregon/20-Kansas,2-Rail,0.0158423,32.2272,2034.250077

41-Oregon,21-Kentucky,41-Oregon/21-Kentucky,2-Rail,0.002019,5.2114,2581.178801

41-Oregon,22-Louisiana,41-Oregon/22-Louisiana,2-Rail,0.1289493,342.4111,2655.393244

41-Oregon,23-Maine,41-Oregon/23-Maine,2-Rail,0.0335339,115.6333,3448.250874

41-Oregon,24-Maryland,41-Oregon/24-Maryland,2-Rail,0,0,-

41-Oregon,25-Massachusetts,41-Oregon/25-Massachusetts,2-Rail,0,0,-

41-Oregon,26-Michigan,41-Oregon/26-Michigan,2-Rail,0.0236447,58.6841,2481.913494

41-Oregon,27-Minnesota,41-Oregon/27-Minnesota,2-Rail,0.0410093,70.9074,1729.05658

41-Oregon,28-Mississippi,41-Oregon/28-Mississippi,2-Rail,0.0498181,132.4222,2658.11422

41-Oregon,29-Missouri,41-Oregon/29-Missouri,2-Rail,0.0068415,14.0454,2052.97084

41-Oregon,30-Montana,41-Oregon/30-Montana,2-Rail,0.081231,72.4947,892.4511578

41-Oregon,31-Nebraska,41-Oregon/31-Nebraska,2-Rail,0.5011014,861.9169,1720.044885

41-Oregon,32-Nevada,41-Oregon/32-Nevada,2-Rail,0.0144356,9.8988,685.721411

41-Oregon,33-New Hampshire,41-Oregon/33-New Hampshire,2-Rail,0,0,-

41-Oregon,34-New Jersey,41-Oregon/34-New Jersey,2-Rail,0.0046204,15.0657,3260.691715

41-Oregon,35-New Mexico,41-Oregon/35-New Mexico,2-Rail,0.1301372,224.4367,1724.616021

41-Oregon,36-New York,41-Oregon/36-New York,2-Rail,0.0113504,36.9673,3256.916056

41-Oregon,37-North Carolina,41-Oregon/37-North Carolina,2-Rail,0.0211492,64.9881,3072.839635

41-Oregon,38-North Dakota,41-Oregon/38-North Dakota,2-Rail,1.8796952,2799.9272,1489.564478

41-Oregon,39-Ohio,41-Oregon/39-Ohio,2-Rail,0.0067486,18.3865,2724.491006

41-Oregon,40-Oklahoma,41-Oregon/40-Oklahoma,2-Rail,0.1076989,237.3539,2203.865592

41-Oregon,41-Oregon,41-Oregon/41-Oregon,2-Rail,3.4176824,415.8304,121.6702874

41-Oregon,42-Pennsylvania,41-Oregon/42-Pennsylvania,2-Rail,0.0409681,120.535,2942.167198

41-Oregon,44-Rhode Island,41-Oregon/44-Rhode Island,2-Rail,0,0,-

41-Oregon,45-South Carolina,41-Oregon/45-South Carolina,2-Rail,0.0027792,8.4949,3056.599021

41-Oregon,46-South Dakota,41-Oregon/46-South Dakota,2-Rail,0.115363,206.3603,1788.791034

41-Oregon,47-Tennessee,41-Oregon/47-Tennessee,2-Rail,0,0,-

41-Oregon,48-Texas,41-Oregon/48-Texas,2-Rail,0.0780215,189.6871,2431.215755

41-Oregon,49-Utah,41-Oregon/49-Utah,2-Rail,0.0181025,16.7839,927.1592322

41-Oregon,50-Vermont,41-Oregon/50-Vermont,2-Rail,0,0,-

41-Oregon,51-Virginia,41-Oregon/51-Virginia,2-Rail,0,0,-

41-Oregon,53-Washington,41-Oregon/53-Washington,2-Rail,1.1457356,429.9391,375.2515851

41-Oregon,54-West Virginia,41-Oregon/54-West Virginia,2-Rail,0,0,-

41-Oregon,55-Wisconsin,41-Oregon/55-Wisconsin,2-Rail,0.0121567,27.7303,2281.071343

41-Oregon,56-Wyoming,41-Oregon/56-Wyoming,2-Rail,0.8137123,1086.0897,1334.734279

42-Pennsylvania,01-Alabama,42-Pennsylvania/01-Alabama,2-Rail,0.177504,177.6171,1000.637169

42-Pennsylvania,02-Alaska,42-Pennsylvania/02-Alaska,2-Rail,0,0,-

42-Pennsylvania,04-Arizona,42-Pennsylvania/04-Arizona,2-Rail,0.0017364,3.8098,2194.079705

42-Pennsylvania,05-Arkansas,42-Pennsylvania/05-Arkansas,2-Rail,0.0186147,22.7695,1223.199944

42-Pennsylvania,06-California,42-Pennsylvania/06-California,2-Rail,0.0966523,282.7678,2925.618945

42-Pennsylvania,08-Colorado,42-Pennsylvania/08-Colorado,2-Rail,0,0,-

42-Pennsylvania,09-Connecticut,42-Pennsylvania/09-Connecticut,2-Rail,0.0044937,2.4255,539.7556579

42-Pennsylvania,10-Delaware,42-Pennsylvania/10-Delaware,2-Rail,0.0868856,5.909,68.00896811

42-Pennsylvania,11-Washington DC,42-Pennsylvania/11-Washington DC,2-Rail,0,0,-

42-Pennsylvania,12-Florida,42-Pennsylvania/12-Florida,2-Rail,0.1123837,158.7449,1412.526016

42-Pennsylvania,13-Georgia,42-Pennsylvania/13-Georgia,2-Rail,0.2503414,234.8931,938.2910697

42-Pennsylvania,15-Hawaii,42-Pennsylvania/15-Hawaii,2-Rail,0,0,-

42-Pennsylvania,16-Idaho,42-Pennsylvania/16-Idaho,2-Rail,0.0886006,202.8427,2289.405489

42-Pennsylvania,17-Illinois,42-Pennsylvania/17-Illinois,2-Rail,0.4676542,318.1983,680.4136475

42-Pennsylvania,18-Indiana,42-Pennsylvania/18-Indiana,2-Rail,0.7596466,391.4873,515.3545083

42-Pennsylvania,19-Iowa,42-Pennsylvania/19-Iowa,2-Rail,0.9920193,864.2963,871.2494807

42-Pennsylvania,20-Kansas,42-Pennsylvania/20-Kansas,2-Rail,0.1070468,119.3916,1115.321523

42-Pennsylvania,21-Kentucky,42-Pennsylvania/21-Kentucky,2-Rail,0.5201673,327.3399,629.2973434

42-Pennsylvania,22-Louisiana,42-Pennsylvania/22-Louisiana,2-Rail,0.2214312,313.1579,1414.244695

42-Pennsylvania,23-Maine,42-Pennsylvania/23-Maine,2-Rail,0,0,-

42-Pennsylvania,24-Maryland,42-Pennsylvania/24-Maryland,2-Rail,0.2375325,60.709,255.5818677

42-Pennsylvania,25-Massachusetts,42-Pennsylvania/25-Massachusetts,2-Rail,0.0377096,20.539,544.6623671

42-Pennsylvania,26-Michigan,42-Pennsylvania/26-Michigan,2-Rail,0.1562099,87.6733,561.25316

42-Pennsylvania,27-Minnesota,42-Pennsylvania/27-Minnesota,2-Rail,0.2161667,291.4631,1348.325621

42-Pennsylvania,28-Mississippi,42-Pennsylvania/28-Mississippi,2-Rail,0.1016664,124.0257,1219.928118

42-Pennsylvania,29-Missouri,42-Pennsylvania/29-Missouri,2-Rail,0.2793979,307.2797,1099.792447

42-Pennsylvania,30-Montana,42-Pennsylvania/30-Montana,2-Rail,0,0,-

42-Pennsylvania,31-Nebraska,42-Pennsylvania/31-Nebraska,2-Rail,0.0311306,40.6122,1304.57492

42-Pennsylvania,32-Nevada,42-Pennsylvania/32-Nevada,2-Rail,0.0306134,69.3569,2265.573246

42-Pennsylvania,33-New Hampshire,42-Pennsylvania/33-New Hampshire,2-Rail,0,0,-

42-Pennsylvania,34-New Jersey,42-Pennsylvania/34-New Jersey,2-Rail,0.2440845,38.2474,156.6973732

42-Pennsylvania,35-New Mexico,42-Pennsylvania/35-New Mexico,2-Rail,0.0242501,49.8263,2054.684311

42-Pennsylvania,36-New York,42-Pennsylvania/36-New York,2-Rail,0.7138388,185.0982,259.2997186

42-Pennsylvania,37-North Carolina,42-Pennsylvania/37-North Carolina,2-Rail,2.9319782,1994.0422,680.101305

42-Pennsylvania,38-North Dakota,42-Pennsylvania/38-North Dakota,2-Rail,2.2233341,3926.8552,1766.20113

42-Pennsylvania,39-Ohio,42-Pennsylvania/39-Ohio,2-Rail,0.5562303,187.1326,336.4300722

42-Pennsylvania,40-Oklahoma,42-Pennsylvania/40-Oklahoma,2-Rail,0.0826698,110.483,1336.437248

42-Pennsylvania,41-Oregon,42-Pennsylvania/41-Oregon,2-Rail,0.0409681,120.535,2942.167198

42-Pennsylvania,42-Pennsylvania,42-Pennsylvania/42-Pennsylvania,2-Rail,20.5916016,3090.2098,150.071367

42-Pennsylvania,44-Rhode Island,42-Pennsylvania/44-Rhode Island,2-Rail,0,0,-

42-Pennsylvania,45-South Carolina,42-Pennsylvania/45-South Carolina,2-Rail,1.5435342,1172.6368,759.7089847

42-Pennsylvania,46-South Dakota,42-Pennsylvania/46-South Dakota,2-Rail,0.0688936,97.8652,1420.526725

42-Pennsylvania,47-Tennessee,42-Pennsylvania/47-Tennessee,2-Rail,0.021765,21.4029,983.3631978

42-Pennsylvania,48-Texas,42-Pennsylvania/48-Texas,2-Rail,1.3175978,2091.7951,1587.582417

42-Pennsylvania,49-Utah,42-Pennsylvania/49-Utah,2-Rail,0.0064104,12.6732,1976.974916

42-Pennsylvania,50-Vermont,42-Pennsylvania/50-Vermont,2-Rail,0,0,-

42-Pennsylvania,51-Virginia,42-Pennsylvania/51-Virginia,2-Rail,0.2511751,81.6671,325.1401114

42-Pennsylvania,53-Washington,42-Pennsylvania/53-Washington,2-Rail,0.0812961,219.393,2698.690343

42-Pennsylvania,54-West Virginia,42-Pennsylvania/54-West Virginia,2-Rail,8.6991678,3075.2676,353.5128498

42-Pennsylvania,55-Wisconsin,42-Pennsylvania/55-Wisconsin,2-Rail,0.3231609,244.3765,756.2068926

42-Pennsylvania,56-Wyoming,42-Pennsylvania/56-Wyoming,2-Rail,0.4742399,932.8085,1966.95491

44-Rhode Island,01-Alabama,44-Rhode Island/01-Alabama,2-Rail,0,0,-

44-Rhode Island,02-Alaska,44-Rhode Island/02-Alaska,2-Rail,0,0,-

44-Rhode Island,04-Arizona,44-Rhode Island/04-Arizona,2-Rail,0,0,-

44-Rhode Island,05-Arkansas,44-Rhode Island/05-Arkansas,2-Rail,0,0,-

44-Rhode Island,06-California,44-Rhode Island/06-California,2-Rail,0,0,-

44-Rhode Island,08-Colorado,44-Rhode Island/08-Colorado,2-Rail,0,0,-

44-Rhode Island,09-Connecticut,44-Rhode Island/09-Connecticut,2-Rail,0,0,-

44-Rhode Island,10-Delaware,44-Rhode Island/10-Delaware,2-Rail,0,0,-

44-Rhode Island,11-Washington DC,44-Rhode Island/11-Washington DC,2-Rail,0,0,-

44-Rhode Island,12-Florida,44-Rhode Island/12-Florida,2-Rail,0,0,-

44-Rhode Island,13-Georgia,44-Rhode Island/13-Georgia,2-Rail,0,0,-

44-Rhode Island,15-Hawaii,44-Rhode Island/15-Hawaii,2-Rail,0,0,-

44-Rhode Island,16-Idaho,44-Rhode Island/16-Idaho,2-Rail,0,0,-

44-Rhode Island,17-Illinois,44-Rhode Island/17-Illinois,2-Rail,0.0006093,0.6535,1072.542262

44-Rhode Island,18-Indiana,44-Rhode Island/18-Indiana,2-Rail,0,0,-

44-Rhode Island,19-Iowa,44-Rhode Island/19-Iowa,2-Rail,0,0,-

44-Rhode Island,20-Kansas,44-Rhode Island/20-Kansas,2-Rail,0,0,-

44-Rhode Island,21-Kentucky,44-Rhode Island/21-Kentucky,2-Rail,0,0,-

44-Rhode Island,22-Louisiana,44-Rhode Island/22-Louisiana,2-Rail,0,0,-

44-Rhode Island,23-Maine,44-Rhode Island/23-Maine,2-Rail,0,0,-

44-Rhode Island,24-Maryland,44-Rhode Island/24-Maryland,2-Rail,0.1787534,106.4517,595.5226586

44-Rhode Island,25-Massachusetts,44-Rhode Island/25-Massachusetts,2-Rail,0,0,-

44-Rhode Island,26-Michigan,44-Rhode Island/26-Michigan,2-Rail,0,0,-

44-Rhode Island,27-Minnesota,44-Rhode Island/27-Minnesota,2-Rail,0,0,-

44-Rhode Island,28-Mississippi,44-Rhode Island/28-Mississippi,2-Rail,0,0,-

44-Rhode Island,29-Missouri,44-Rhode Island/29-Missouri,2-Rail,0,0,-

44-Rhode Island,30-Montana,44-Rhode Island/30-Montana,2-Rail,0,0,-

44-Rhode Island,31-Nebraska,44-Rhode Island/31-Nebraska,2-Rail,0,0,-

44-Rhode Island,32-Nevada,44-Rhode Island/32-Nevada,2-Rail,0,0,-

44-Rhode Island,33-New Hampshire,44-Rhode Island/33-New Hampshire,2-Rail,0,0,-

44-Rhode Island,34-New Jersey,44-Rhode Island/34-New Jersey,2-Rail,0,0,-

44-Rhode Island,35-New Mexico,44-Rhode Island/35-New Mexico,2-Rail,0,0,-

44-Rhode Island,36-New York,44-Rhode Island/36-New York,2-Rail,0,0,-

44-Rhode Island,37-North Carolina,44-Rhode Island/37-North Carolina,2-Rail,0,0,-

44-Rhode Island,38-North Dakota,44-Rhode Island/38-North Dakota,2-Rail,0,0,-

44-Rhode Island,39-Ohio,44-Rhode Island/39-Ohio,2-Rail,0,0,-

44-Rhode Island,40-Oklahoma,44-Rhode Island/40-Oklahoma,2-Rail,0,0,-

44-Rhode Island,41-Oregon,44-Rhode Island/41-Oregon,2-Rail,0,0,-

44-Rhode Island,42-Pennsylvania,44-Rhode Island/42-Pennsylvania,2-Rail,0,0,-

44-Rhode Island,44-Rhode Island,44-Rhode Island/44-Rhode Island,2-Rail,0,0,-

44-Rhode Island,45-South Carolina,44-Rhode Island/45-South Carolina,2-Rail,0,0,-

44-Rhode Island,46-South Dakota,44-Rhode Island/46-South Dakota,2-Rail,0,0,-

44-Rhode Island,47-Tennessee,44-Rhode Island/47-Tennessee,2-Rail,0,0,-

44-Rhode Island,48-Texas,44-Rhode Island/48-Texas,2-Rail,0,0,-

44-Rhode Island,49-Utah,44-Rhode Island/49-Utah,2-Rail,0,0,-

44-Rhode Island,50-Vermont,44-Rhode Island/50-Vermont,2-Rail,0,0,-

44-Rhode Island,51-Virginia,44-Rhode Island/51-Virginia,2-Rail,0,0,-

44-Rhode Island,53-Washington,44-Rhode Island/53-Washington,2-Rail,0,0,-

44-Rhode Island,54-West Virginia,44-Rhode Island/54-West Virginia,2-Rail,0,0,-

44-Rhode Island,55-Wisconsin,44-Rhode Island/55-Wisconsin,2-Rail,0,0,-

44-Rhode Island,56-Wyoming,44-Rhode Island/56-Wyoming,2-Rail,0,0,-

45-South Carolina,01-Alabama,45-South Carolina/01-Alabama,2-Rail,0.2239026,111.4471,497.748128

45-South Carolina,02-Alaska,45-South Carolina/02-Alaska,2-Rail,0,0,-

45-South Carolina,04-Arizona,45-South Carolina/04-Arizona,2-Rail,0,0,-

45-South Carolina,05-Arkansas,45-South Carolina/05-Arkansas,2-Rail,0,0,-

45-South Carolina,06-California,45-South Carolina/06-California,2-Rail,0.0274905,76.1701,2770.778996

45-South Carolina,08-Colorado,45-South Carolina/08-Colorado,2-Rail,0,0,-

45-South Carolina,09-Connecticut,45-South Carolina/09-Connecticut,2-Rail,0,0,-

45-South Carolina,10-Delaware,45-South Carolina/10-Delaware,2-Rail,0,0,-

45-South Carolina,11-Washington DC,45-South Carolina/11-Washington DC,2-Rail,0,0,-

45-South Carolina,12-Florida,45-South Carolina/12-Florida,2-Rail,0.5778142,244.8247,423.7083478

45-South Carolina,13-Georgia,45-South Carolina/13-Georgia,2-Rail,0.4975891,139.0137,279.3744879

45-South Carolina,15-Hawaii,45-South Carolina/15-Hawaii,2-Rail,0,0,-

45-South Carolina,16-Idaho,45-South Carolina/16-Idaho,2-Rail,0.0059712,15.9308,2667.939443

45-South Carolina,17-Illinois,45-South Carolina/17-Illinois,2-Rail,0.1390115,147.0872,1058.093755

45-South Carolina,18-Indiana,45-South Carolina/18-Indiana,2-Rail,1.3386066,1117.7043,834.9759369

45-South Carolina,19-Iowa,45-South Carolina/19-Iowa,2-Rail,0,0,-

45-South Carolina,20-Kansas,45-South Carolina/20-Kansas,2-Rail,0,0,-

45-South Carolina,21-Kentucky,45-South Carolina/21-Kentucky,2-Rail,7.4843083,4248.161,567.6090334

45-South Carolina,22-Louisiana,45-South Carolina/22-Louisiana,2-Rail,0.7427331,695.8032,936.8145839

45-South Carolina,23-Maine,45-South Carolina/23-Maine,2-Rail,0.0130749,16.0438,1227.068658

45-South Carolina,24-Maryland,45-South Carolina/24-Maryland,2-Rail,0.0094766,6.3048,665.3019015

45-South Carolina,25-Massachusetts,45-South Carolina/25-Massachusetts,2-Rail,0,0,-

45-South Carolina,26-Michigan,45-South Carolina/26-Michigan,2-Rail,0.0194431,15.0082,771.9036573

45-South Carolina,27-Minnesota,45-South Carolina/27-Minnesota,2-Rail,0.0171385,24.1805,1410.887767

45-South Carolina,28-Mississippi,45-South Carolina/28-Mississippi,2-Rail,0.0134658,9.6742,718.4274235

45-South Carolina,29-Missouri,45-South Carolina/29-Missouri,2-Rail,0.0004385,0.4336,988.8255416

45-South Carolina,30-Montana,45-South Carolina/30-Montana,2-Rail,0.000209,0.4497,2151.674641

45-South Carolina,31-Nebraska,45-South Carolina/31-Nebraska,2-Rail,0.0000225,0.0324,1440

45-South Carolina,32-Nevada,45-South Carolina/32-Nevada,2-Rail,0.0007637,2.1357,2796.516957

45-South Carolina,33-New Hampshire,45-South Carolina/33-New Hampshire,2-Rail,0,0,-

45-South Carolina,34-New Jersey,45-South Carolina/34-New Jersey,2-Rail,0.0463984,33.1041,713.4750336

45-South Carolina,35-New Mexico,45-South Carolina/35-New Mexico,2-Rail,0.0098241,19.8302,2018.52587

45-South Carolina,36-New York,45-South Carolina/36-New York,2-Rail,0.1590786,165.3799,1039.611236

45-South Carolina,37-North Carolina,45-South Carolina/37-North Carolina,2-Rail,0.5626111,153.1957,272.29413

45-South Carolina,38-North Dakota,45-South Carolina/38-North Dakota,2-Rail,0,0,-

45-South Carolina,39-Ohio,45-South Carolina/39-Ohio,2-Rail,2.0224297,1489.2967,736.3898483

45-South Carolina,40-Oklahoma,45-South Carolina/40-Oklahoma,2-Rail,0.0279037,37.0783,1328.795106

45-South Carolina,41-Oregon,45-South Carolina/41-Oregon,2-Rail,0.0027792,8.4949,3056.599021

45-South Carolina,42-Pennsylvania,45-South Carolina/42-Pennsylvania,2-Rail,1.5435342,1172.6368,759.7089847

45-South Carolina,44-Rhode Island,45-South Carolina/44-Rhode Island,2-Rail,0,0,-

45-South Carolina,45-South Carolina,45-South Carolina/45-South Carolina,2-Rail,2.6092532,132.842,50.91188544

45-South Carolina,46-South Dakota,45-South Carolina/46-South Dakota,2-Rail,0,0,-

45-South Carolina,47-Tennessee,45-South Carolina/47-Tennessee,2-Rail,0.5736963,295.0478,514.2926667

45-South Carolina,48-Texas,45-South Carolina/48-Texas,2-Rail,0.27131,319.1481,1176.322657

45-South Carolina,49-Utah,45-South Carolina/49-Utah,2-Rail,0,0,-

45-South Carolina,50-Vermont,45-South Carolina/50-Vermont,2-Rail,0,0,-

45-South Carolina,51-Virginia,45-South Carolina/51-Virginia,2-Rail,0.4123836,203.3002,492.988082

45-South Carolina,53-Washington,45-South Carolina/53-Washington,2-Rail,0,0,-

45-South Carolina,54-West Virginia,45-South Carolina/54-West Virginia,2-Rail,0,0,-

45-South Carolina,55-Wisconsin,45-South Carolina/55-Wisconsin,2-Rail,0.0135271,14.9798,1107.391828

45-South Carolina,56-Wyoming,45-South Carolina/56-Wyoming,2-Rail,0.0000261,0.0532,2038.314176

46-South Dakota,01-Alabama,46-South Dakota/01-Alabama,2-Rail,0.1196791,168.5709,1408.524128

46-South Dakota,02-Alaska,46-South Dakota/02-Alaska,2-Rail,0,0,-

46-South Dakota,04-Arizona,46-South Dakota/04-Arizona,2-Rail,0.1345449,253.2218,1882.061676

46-South Dakota,05-Arkansas,46-South Dakota/05-Arkansas,2-Rail,0,0,-

46-South Dakota,06-California,46-South Dakota/06-California,2-Rail,1.1625015,2332.1255,2006.126874

46-South Dakota,08-Colorado,46-South Dakota/08-Colorado,2-Rail,0.0017881,1.2945,723.9527991

46-South Dakota,09-Connecticut,46-South Dakota/09-Connecticut,2-Rail,0,0,-

46-South Dakota,10-Delaware,46-South Dakota/10-Delaware,2-Rail,0,0,-

46-South Dakota,11-Washington DC,46-South Dakota/11-Washington DC,2-Rail,0,0,-

46-South Dakota,12-Florida,46-South Dakota/12-Florida,2-Rail,0,0,-

46-South Dakota,13-Georgia,46-South Dakota/13-Georgia,2-Rail,0.0098372,14.2364,1447.200423

46-South Dakota,15-Hawaii,46-South Dakota/15-Hawaii,2-Rail,0,0,-

46-South Dakota,16-Idaho,46-South Dakota/16-Idaho,2-Rail,0.06193,73.186,1181.753593

46-South Dakota,17-Illinois,46-South Dakota/17-Illinois,2-Rail,2.8660211,2090.9937,729.5807069

46-South Dakota,18-Indiana,46-South Dakota/18-Indiana,2-Rail,0,0,-

46-South Dakota,19-Iowa,46-South Dakota/19-Iowa,2-Rail,0.4078803,153.0426,375.2144931

46-South Dakota,20-Kansas,46-South Dakota/20-Kansas,2-Rail,0,0,-

46-South Dakota,21-Kentucky,46-South Dakota/21-Kentucky,2-Rail,0,0,-

46-South Dakota,22-Louisiana,46-South Dakota/22-Louisiana,2-Rail,0.012421,17.7503,1429.055632

46-South Dakota,23-Maine,46-South Dakota/23-Maine,2-Rail,0,0,-

46-South Dakota,24-Maryland,46-South Dakota/24-Maryland,2-Rail,0,0,-

46-South Dakota,25-Massachusetts,46-South Dakota/25-Massachusetts,2-Rail,0,0,-

46-South Dakota,26-Michigan,46-South Dakota/26-Michigan,2-Rail,0.0530711,56.7766,1069.821428

46-South Dakota,27-Minnesota,46-South Dakota/27-Minnesota,2-Rail,0.7046437,289.9561,411.4932128

46-South Dakota,28-Mississippi,46-South Dakota/28-Mississippi,2-Rail,0,0,-

46-South Dakota,29-Missouri,46-South Dakota/29-Missouri,2-Rail,0.0011879,0.9975,839.7171479

46-South Dakota,30-Montana,46-South Dakota/30-Montana,2-Rail,0.0742191,68.1801,918.6328048

46-South Dakota,31-Nebraska,46-South Dakota/31-Nebraska,2-Rail,0.0029858,0.909,304.4410208

46-South Dakota,32-Nevada,46-South Dakota/32-Nevada,2-Rail,0,0,-

46-South Dakota,33-New Hampshire,46-South Dakota/33-New Hampshire,2-Rail,0,0,-

46-South Dakota,34-New Jersey,46-South Dakota/34-New Jersey,2-Rail,0.0184653,29.5562,1600.634704

46-South Dakota,35-New Mexico,46-South Dakota/35-New Mexico,2-Rail,0.0239532,27.0412,1128.918057

46-South Dakota,36-New York,46-South Dakota/36-New York,2-Rail,0,0,-

46-South Dakota,37-North Carolina,46-South Dakota/37-North Carolina,2-Rail,0.003583,6.1444,1714.875802

46-South Dakota,38-North Dakota,46-South Dakota/38-North Dakota,2-Rail,0,0,-

46-South Dakota,39-Ohio,46-South Dakota/39-Ohio,2-Rail,0.0952082,108.7025,1141.734641

46-South Dakota,40-Oklahoma,46-South Dakota/40-Oklahoma,2-Rail,0.0071161,6.3275,889.1808715

46-South Dakota,41-Oregon,46-South Dakota/41-Oregon,2-Rail,0.115363,206.3603,1788.791034

46-South Dakota,42-Pennsylvania,46-South Dakota/42-Pennsylvania,2-Rail,0.0688936,97.8652,1420.526725

46-South Dakota,44-Rhode Island,46-South Dakota/44-Rhode Island,2-Rail,0,0,-

46-South Dakota,45-South Carolina,46-South Dakota/45-South Carolina,2-Rail,0,0,-

46-South Dakota,46-South Dakota,46-South Dakota/46-South Dakota,2-Rail,16.9598258,3572.6462,210.6534726

46-South Dakota,47-Tennessee,46-South Dakota/47-Tennessee,2-Rail,0.1177437,147.2943,1250.973937

46-South Dakota,48-Texas,46-South Dakota/48-Texas,2-Rail,0.0147249,15.7029,1066.418108

46-South Dakota,49-Utah,46-South Dakota/49-Utah,2-Rail,0,0,-

46-South Dakota,50-Vermont,46-South Dakota/50-Vermont,2-Rail,0,0,-

46-South Dakota,51-Virginia,46-South Dakota/51-Virginia,2-Rail,0,0,-

46-South Dakota,53-Washington,46-South Dakota/53-Washington,2-Rail,4.9038509,8275.4656,1687.544293

46-South Dakota,54-West Virginia,46-South Dakota/54-West Virginia,2-Rail,0,0,-

46-South Dakota,55-Wisconsin,46-South Dakota/55-Wisconsin,2-Rail,0.1935593,126.0349,651.143603

46-South Dakota,56-Wyoming,46-South Dakota/56-Wyoming,2-Rail,1.0454436,460.7723,440.7433361

47-Tennessee,01-Alabama,47-Tennessee/01-Alabama,2-Rail,1.5227395,382.7776,251.3743158

47-Tennessee,02-Alaska,47-Tennessee/02-Alaska,2-Rail,0,0,-

47-Tennessee,04-Arizona,47-Tennessee/04-Arizona,2-Rail,0.0000002,0.0004,2000

47-Tennessee,05-Arkansas,47-Tennessee/05-Arkansas,2-Rail,0.045501,15.4749,340.1002176

47-Tennessee,06-California,47-Tennessee/06-California,2-Rail,0.663987,1736.4528,2615.19096

47-Tennessee,08-Colorado,47-Tennessee/08-Colorado,2-Rail,0,0,-

47-Tennessee,09-Connecticut,47-Tennessee/09-Connecticut,2-Rail,0.0000193,0.0212,1098.445596

47-Tennessee,10-Delaware,47-Tennessee/10-Delaware,2-Rail,0.0439753,27.3035,620.8826318

47-Tennessee,11-Washington DC,47-Tennessee/11-Washington DC,2-Rail,0,0,-

47-Tennessee,12-Florida,47-Tennessee/12-Florida,2-Rail,1.6885119,1255.9664,743.8303514

47-Tennessee,13-Georgia,47-Tennessee/13-Georgia,2-Rail,0.8476778,277.3545,327.1933039

47-Tennessee,15-Hawaii,47-Tennessee/15-Hawaii,2-Rail,0,0,-

47-Tennessee,16-Idaho,47-Tennessee/16-Idaho,2-Rail,0.0856846,192.3076,2244.365965

47-Tennessee,17-Illinois,47-Tennessee/17-Illinois,2-Rail,1.1886244,748.6063,629.8089624

47-Tennessee,18-Indiana,47-Tennessee/18-Indiana,2-Rail,1.8661549,851.7858,456.4389591

47-Tennessee,19-Iowa,47-Tennessee/19-Iowa,2-Rail,0.0102132,8.8772,869.1888928

47-Tennessee,20-Kansas,47-Tennessee/20-Kansas,2-Rail,0.0214727,18.8278,876.8249917

47-Tennessee,21-Kentucky,47-Tennessee/21-Kentucky,2-Rail,3.534126,1131.5164,320.168664

47-Tennessee,22-Louisiana,47-Tennessee/22-Louisiana,2-Rail,0.4326199,277.9388,642.4549587

47-Tennessee,23-Maine,47-Tennessee/23-Maine,2-Rail,0,0,-

47-Tennessee,24-Maryland,47-Tennessee/24-Maryland,2-Rail,0.0000235,0.0238,1012.765957

47-Tennessee,25-Massachusetts,47-Tennessee/25-Massachusetts,2-Rail,0.0142509,18.1608,1274.361619

47-Tennessee,26-Michigan,47-Tennessee/26-Michigan,2-Rail,0.1505022,105.1696,698.791114

47-Tennessee,27-Minnesota,47-Tennessee/27-Minnesota,2-Rail,0.0982824,106.9294,1087.981164

47-Tennessee,28-Mississippi,47-Tennessee/28-Mississippi,2-Rail,0.6175588,244.4796,395.8806838

47-Tennessee,29-Missouri,47-Tennessee/29-Missouri,2-Rail,0.1803885,67.5312,374.3653282

47-Tennessee,30-Montana,47-Tennessee/30-Montana,2-Rail,0.0000025,0.0048,1920

47-Tennessee,31-Nebraska,47-Tennessee/31-Nebraska,2-Rail,0,0,-

47-Tennessee,32-Nevada,47-Tennessee/32-Nevada,2-Rail,0.0622034,140.6759,2261.546796

47-Tennessee,33-New Hampshire,47-Tennessee/33-New Hampshire,2-Rail,0,0,-

47-Tennessee,34-New Jersey,47-Tennessee/34-New Jersey,2-Rail,0.0278397,18.9139,679.3859129

47-Tennessee,35-New Mexico,47-Tennessee/35-New Mexico,2-Rail,0.0573434,73.4894,1281.566841

47-Tennessee,36-New York,47-Tennessee/36-New York,2-Rail,0,0,-

47-Tennessee,37-North Carolina,47-Tennessee/37-North Carolina,2-Rail,0.0758358,30.569,403.0945807

47-Tennessee,38-North Dakota,47-Tennessee/38-North Dakota,2-Rail,0.0000299,0.0386,1290.9699

47-Tennessee,39-Ohio,47-Tennessee/39-Ohio,2-Rail,0.3988361,244.0963,612.0215798

47-Tennessee,40-Oklahoma,47-Tennessee/40-Oklahoma,2-Rail,0.0952295,51.1,536.598428

47-Tennessee,41-Oregon,47-Tennessee/41-Oregon,2-Rail,0,0,-

47-Tennessee,42-Pennsylvania,47-Tennessee/42-Pennsylvania,2-Rail,0.021765,21.4029,983.3631978

47-Tennessee,44-Rhode Island,47-Tennessee/44-Rhode Island,2-Rail,0,0,-

47-Tennessee,45-South Carolina,47-Tennessee/45-South Carolina,2-Rail,0.5736963,295.0478,514.2926667

47-Tennessee,46-South Dakota,47-Tennessee/46-South Dakota,2-Rail,0.1177437,147.2943,1250.973937

47-Tennessee,47-Tennessee,47-Tennessee/47-Tennessee,2-Rail,9.4830392,639.9892,67.48777333

47-Tennessee,48-Texas,47-Tennessee/48-Texas,2-Rail,1.3405206,883.2744,658.9040109

47-Tennessee,49-Utah,47-Tennessee/49-Utah,2-Rail,0.0012696,2.4914,1962.350347

47-Tennessee,50-Vermont,47-Tennessee/50-Vermont,2-Rail,0,0,-

47-Tennessee,51-Virginia,47-Tennessee/51-Virginia,2-Rail,0.1081889,55.3175,511.3047642

47-Tennessee,53-Washington,47-Tennessee/53-Washington,2-Rail,0.0000027,0.0071,2629.62963

47-Tennessee,54-West Virginia,47-Tennessee/54-West Virginia,2-Rail,0.6259116,357.4942,571.1576523

47-Tennessee,55-Wisconsin,47-Tennessee/55-Wisconsin,2-Rail,0.0874168,69.1597,791.148841

47-Tennessee,56-Wyoming,47-Tennessee/56-Wyoming,2-Rail,1.0739353,1795.6763,1672.05259

48-Texas,01-Alabama,48-Texas/01-Alabama,2-Rail,0.7127418,509.4468,714.7704821

48-Texas,02-Alaska,48-Texas/02-Alaska,2-Rail,0,0,-

48-Texas,04-Arizona,48-Texas/04-Arizona,2-Rail,0.8767619,712.5917,812.7539529

48-Texas,05-Arkansas,48-Texas/05-Arkansas,2-Rail,1.8577952,652.6736,351.3162269

48-Texas,06-California,48-Texas/06-California,2-Rail,2.7007208,4286.7232,1587.251522

48-Texas,08-Colorado,48-Texas/08-Colorado,2-Rail,0.6366307,718.287,1128.263214

48-Texas,09-Connecticut,48-Texas/09-Connecticut,2-Rail,0.0000125,0.025,2000

48-Texas,10-Delaware,48-Texas/10-Delaware,2-Rail,0.1309882,220.3617,1682.301917

48-Texas,11-Washington DC,48-Texas/11-Washington DC,2-Rail,0,0,-

48-Texas,12-Florida,48-Texas/12-Florida,2-Rail,0.3753409,430.4901,1146.930963

48-Texas,13-Georgia,48-Texas/13-Georgia,2-Rail,1.0167297,1126.4875,1107.951799

48-Texas,15-Hawaii,48-Texas/15-Hawaii,2-Rail,0,0,-

48-Texas,16-Idaho,48-Texas/16-Idaho,2-Rail,0.3839972,705.1637,1836.377192

48-Texas,17-Illinois,48-Texas/17-Illinois,2-Rail,3.6295875,3637.4984,1002.179559

48-Texas,18-Indiana,48-Texas/18-Indiana,2-Rail,0.5386311,597.6571,1109.585206

48-Texas,19-Iowa,48-Texas/19-Iowa,2-Rail,5.2022711,5077.1971,975.9578081

48-Texas,20-Kansas,48-Texas/20-Kansas,2-Rail,5.7823998,4935.0363,853.4581611

48-Texas,21-Kentucky,48-Texas/21-Kentucky,2-Rail,0.2528116,262.6865,1039.060312

48-Texas,22-Louisiana,48-Texas/22-Louisiana,2-Rail,6.0281789,1804.2275,299.2989309

48-Texas,23-Maine,48-Texas/23-Maine,2-Rail,0,0,-

48-Texas,24-Maryland,48-Texas/24-Maryland,2-Rail,0.1738446,275.9805,1587.512641

48-Texas,25-Massachusetts,48-Texas/25-Massachusetts,2-Rail,0.0028937,5.7333,1981.304213

48-Texas,26-Michigan,48-Texas/26-Michigan,2-Rail,0.2899874,383.5693,1322.710228

48-Texas,27-Minnesota,48-Texas/27-Minnesota,2-Rail,11.0019674,12916.7148,1174.036818

48-Texas,28-Mississippi,48-Texas/28-Mississippi,2-Rail,0.2742865,122.2983,445.8779415

48-Texas,29-Missouri,48-Texas/29-Missouri,2-Rail,1.2393045,803.1961,648.1023025

48-Texas,30-Montana,48-Texas/30-Montana,2-Rail,0.2069482,345.9518,1671.683059

48-Texas,31-Nebraska,48-Texas/31-Nebraska,2-Rail,2.4053638,2336.6546,971.435007

48-Texas,32-Nevada,48-Texas/32-Nevada,2-Rail,0.0098419,20.9763,2131.326268

48-Texas,33-New Hampshire,48-Texas/33-New Hampshire,2-Rail,0,0,-

48-Texas,34-New Jersey,48-Texas/34-New Jersey,2-Rail,0.5279508,903.8412,1711.97998

48-Texas,35-New Mexico,48-Texas/35-New Mexico,2-Rail,0.1010514,71.2486,705.0728639

48-Texas,36-New York,48-Texas/36-New York,2-Rail,0.0515597,86.0209,1668.374719

48-Texas,37-North Carolina,48-Texas/37-North Carolina,2-Rail,0.2620909,333.9604,1274.21593

48-Texas,38-North Dakota,48-Texas/38-North Dakota,2-Rail,0.4732169,731.0257,1544.800492

48-Texas,39-Ohio,48-Texas/39-Ohio,2-Rail,1.8333014,2610.3557,1423.855183

48-Texas,40-Oklahoma,48-Texas/40-Oklahoma,2-Rail,5.1036585,1374.7773,269.3709424

48-Texas,41-Oregon,48-Texas/41-Oregon,2-Rail,0.0780215,189.6871,2431.215755

48-Texas,42-Pennsylvania,48-Texas/42-Pennsylvania,2-Rail,1.3175978,2091.7951,1587.582417

48-Texas,44-Rhode Island,48-Texas/44-Rhode Island,2-Rail,0,0,-

48-Texas,45-South Carolina,48-Texas/45-South Carolina,2-Rail,0.27131,319.1481,1176.322657

48-Texas,46-South Dakota,48-Texas/46-South Dakota,2-Rail,0.0147249,15.7029,1066.418108

48-Texas,47-Tennessee,48-Texas/47-Tennessee,2-Rail,1.3405206,883.2744,658.9040109

48-Texas,48-Texas,48-Texas/48-Texas,2-Rail,85.5978882,17480.23,204.2133324

48-Texas,49-Utah,48-Texas/49-Utah,2-Rail,0.2410081,414.8279,1721.219743

48-Texas,50-Vermont,48-Texas/50-Vermont,2-Rail,0,0,-

48-Texas,51-Virginia,48-Texas/51-Virginia,2-Rail,0.3814744,546.0949,1431.537477

48-Texas,53-Washington,48-Texas/53-Washington,2-Rail,0.1376428,328.691,2387.999954

48-Texas,54-West Virginia,48-Texas/54-West Virginia,2-Rail,0.5773764,816.2556,1413.732186

48-Texas,55-Wisconsin,48-Texas/55-Wisconsin,2-Rail,3.4708109,4492.023,1294.228677

48-Texas,56-Wyoming,48-Texas/56-Wyoming,2-Rail,43.4109762,62037.6938,1429.078524

49-Utah,01-Alabama,49-Utah/01-Alabama,2-Rail,0.0050557,10.564,2089.522717

49-Utah,02-Alaska,49-Utah/02-Alaska,2-Rail,0,0,-

49-Utah,04-Arizona,49-Utah/04-Arizona,2-Rail,0,0,-

49-Utah,05-Arkansas,49-Utah/05-Arkansas,2-Rail,0.0288712,46.4208,1607.85835

49-Utah,06-California,49-Utah/06-California,2-Rail,3.6771068,3111.5583,846.1974235

49-Utah,08-Colorado,49-Utah/08-Colorado,2-Rail,3.2991558,1668.829,505.8351594

49-Utah,09-Connecticut,49-Utah/09-Connecticut,2-Rail,0,0,-

49-Utah,10-Delaware,49-Utah/10-Delaware,2-Rail,0,0,-

49-Utah,11-Washington DC,49-Utah/11-Washington DC,2-Rail,0,0,-

49-Utah,12-Florida,49-Utah/12-Florida,2-Rail,0,0,-

49-Utah,13-Georgia,49-Utah/13-Georgia,2-Rail,0.0482971,107.999,2236.138402

49-Utah,15-Hawaii,49-Utah/15-Hawaii,2-Rail,0,0,-

49-Utah,16-Idaho,49-Utah/16-Idaho,2-Rail,0.651897,425.775,653.13232

49-Utah,17-Illinois,49-Utah/17-Illinois,2-Rail,0.0713823,106.5887,1493.209101

49-Utah,18-Indiana,49-Utah/18-Indiana,2-Rail,0.0191877,31.7822,1656.384038

49-Utah,19-Iowa,49-Utah/19-Iowa,2-Rail,0.178059,216.7223,1217.137578

49-Utah,20-Kansas,49-Utah/20-Kansas,2-Rail,0.0038284,4.7382,1237.644969

49-Utah,21-Kentucky,49-Utah/21-Kentucky,2-Rail,0.0004507,0.7765,1722.875527

49-Utah,22-Louisiana,49-Utah/22-Louisiana,2-Rail,0.0677069,124.8756,1844.355597

49-Utah,23-Maine,49-Utah/23-Maine,2-Rail,0.0000282,0.0759,2691.489362

49-Utah,24-Maryland,49-Utah/24-Maryland,2-Rail,0,0,-

49-Utah,25-Massachusetts,49-Utah/25-Massachusetts,2-Rail,0,0,-

49-Utah,26-Michigan,49-Utah/26-Michigan,2-Rail,0.0264087,47.2701,1789.944223

49-Utah,27-Minnesota,49-Utah/27-Minnesota,2-Rail,0.4116144,560.6105,1361.979804

49-Utah,28-Mississippi,49-Utah/28-Mississippi,2-Rail,0.0109571,20.5988,1879.949987

49-Utah,29-Missouri,49-Utah/29-Missouri,2-Rail,0.0213323,29.2683,1372.01802

49-Utah,30-Montana,49-Utah/30-Montana,2-Rail,0.0291285,22.1086,759.0023516

49-Utah,31-Nebraska,49-Utah/31-Nebraska,2-Rail,0.084442,82.0784,972.0091897

49-Utah,32-Nevada,49-Utah/32-Nevada,2-Rail,0.352555,136.9371,388.413439

49-Utah,33-New Hampshire,49-Utah/33-New Hampshire,2-Rail,0,0,-

49-Utah,34-New Jersey,49-Utah/34-New Jersey,2-Rail,0,0,-

49-Utah,35-New Mexico,49-Utah/35-New Mexico,2-Rail,0,0,-

49-Utah,36-New York,49-Utah/36-New York,2-Rail,0.0131442,27.1426,2064.986838

49-Utah,37-North Carolina,49-Utah/37-North Carolina,2-Rail,0.0011987,2.6148,2181.363143

49-Utah,38-North Dakota,49-Utah/38-North Dakota,2-Rail,0,0,-

49-Utah,39-Ohio,49-Utah/39-Ohio,2-Rail,0.001478,2.6787,1812.381597

49-Utah,40-Oklahoma,49-Utah/40-Oklahoma,2-Rail,0,0,-

49-Utah,41-Oregon,49-Utah/41-Oregon,2-Rail,0.0181025,16.7839,927.1592322

49-Utah,42-Pennsylvania,49-Utah/42-Pennsylvania,2-Rail,0.0064104,12.6732,1976.974916

49-Utah,44-Rhode Island,49-Utah/44-Rhode Island,2-Rail,0,0,-

49-Utah,45-South Carolina,49-Utah/45-South Carolina,2-Rail,0,0,-

49-Utah,46-South Dakota,49-Utah/46-South Dakota,2-Rail,0,0,-

49-Utah,47-Tennessee,49-Utah/47-Tennessee,2-Rail,0.0012696,2.4914,1962.350347

49-Utah,48-Texas,49-Utah/48-Texas,2-Rail,0.2410081,414.8279,1721.219743

49-Utah,49-Utah,49-Utah/49-Utah,2-Rail,4.3658948,198.9624,45.57196385

49-Utah,50-Vermont,49-Utah/50-Vermont,2-Rail,0,0,-

49-Utah,51-Virginia,49-Utah/51-Virginia,2-Rail,0,0,-

49-Utah,53-Washington,49-Utah/53-Washington,2-Rail,0.3143183,353.328,1124.108905

49-Utah,54-West Virginia,49-Utah/54-West Virginia,2-Rail,0,0,-

49-Utah,55-Wisconsin,49-Utah/55-Wisconsin,2-Rail,0.0156966,24.8295,1581.839379

49-Utah,56-Wyoming,49-Utah/56-Wyoming,2-Rail,0.3772415,229.9418,609.534741

50-Vermont,01-Alabama,50-Vermont/01-Alabama,2-Rail,0,0,-

50-Vermont,02-Alaska,50-Vermont/02-Alaska,2-Rail,0,0,-

50-Vermont,04-Arizona,50-Vermont/04-Arizona,2-Rail,0,0,-

50-Vermont,05-Arkansas,50-Vermont/05-Arkansas,2-Rail,0.018906,27.3407,1446.138792

50-Vermont,06-California,50-Vermont/06-California,2-Rail,0,0,-

50-Vermont,08-Colorado,50-Vermont/08-Colorado,2-Rail,0,0,-

50-Vermont,09-Connecticut,50-Vermont/09-Connecticut,2-Rail,0,0,-

50-Vermont,10-Delaware,50-Vermont/10-Delaware,2-Rail,0,0,-

50-Vermont,11-Washington DC,50-Vermont/11-Washington DC,2-Rail,0,0,-

50-Vermont,12-Florida,50-Vermont/12-Florida,2-Rail,0,0,-

50-Vermont,13-Georgia,50-Vermont/13-Georgia,2-Rail,0,0,-

50-Vermont,15-Hawaii,50-Vermont/15-Hawaii,2-Rail,0,0,-

50-Vermont,16-Idaho,50-Vermont/16-Idaho,2-Rail,0,0,-

50-Vermont,17-Illinois,50-Vermont/17-Illinois,2-Rail,0,0,-

50-Vermont,18-Indiana,50-Vermont/18-Indiana,2-Rail,0,0,-

50-Vermont,19-Iowa,50-Vermont/19-Iowa,2-Rail,0.0064007,8.3453,1303.810521

50-Vermont,20-Kansas,50-Vermont/20-Kansas,2-Rail,0,0,-

50-Vermont,21-Kentucky,50-Vermont/21-Kentucky,2-Rail,0.0083295,8.6242,1035.380275

50-Vermont,22-Louisiana,50-Vermont/22-Louisiana,2-Rail,0,0,-

50-Vermont,23-Maine,50-Vermont/23-Maine,2-Rail,0.0166372,6.5662,394.6697762

50-Vermont,24-Maryland,50-Vermont/24-Maryland,2-Rail,0,0,-

50-Vermont,25-Massachusetts,50-Vermont/25-Massachusetts,2-Rail,0.0093103,1.6552,177.7815967

50-Vermont,26-Michigan,50-Vermont/26-Michigan,2-Rail,0.0730851,60.1967,823.6521534

50-Vermont,27-Minnesota,50-Vermont/27-Minnesota,2-Rail,0,0,-

50-Vermont,28-Mississippi,50-Vermont/28-Mississippi,2-Rail,0,0,-

50-Vermont,29-Missouri,50-Vermont/29-Missouri,2-Rail,0,0,-

50-Vermont,30-Montana,50-Vermont/30-Montana,2-Rail,0,0,-

50-Vermont,31-Nebraska,50-Vermont/31-Nebraska,2-Rail,0,0,-

50-Vermont,32-Nevada,50-Vermont/32-Nevada,2-Rail,0,0,-

50-Vermont,33-New Hampshire,50-Vermont/33-New Hampshire,2-Rail,0,0,-

50-Vermont,34-New Jersey,50-Vermont/34-New Jersey,2-Rail,0,0,-

50-Vermont,35-New Mexico,50-Vermont/35-New Mexico,2-Rail,0,0,-

50-Vermont,36-New York,50-Vermont/36-New York,2-Rail,0.2135332,34.9506,163.6775921

50-Vermont,37-North Carolina,50-Vermont/37-North Carolina,2-Rail,0,0,-

50-Vermont,38-North Dakota,50-Vermont/38-North Dakota,2-Rail,0,0,-

50-Vermont,39-Ohio,50-Vermont/39-Ohio,2-Rail,0.0216475,13.6846,632.1561381

50-Vermont,40-Oklahoma,50-Vermont/40-Oklahoma,2-Rail,0,0,-

50-Vermont,41-Oregon,50-Vermont/41-Oregon,2-Rail,0,0,-

50-Vermont,42-Pennsylvania,50-Vermont/42-Pennsylvania,2-Rail,0,0,-

50-Vermont,44-Rhode Island,50-Vermont/44-Rhode Island,2-Rail,0,0,-

50-Vermont,45-South Carolina,50-Vermont/45-South Carolina,2-Rail,0,0,-

50-Vermont,46-South Dakota,50-Vermont/46-South Dakota,2-Rail,0,0,-

50-Vermont,47-Tennessee,50-Vermont/47-Tennessee,2-Rail,0,0,-

50-Vermont,48-Texas,50-Vermont/48-Texas,2-Rail,0,0,-

50-Vermont,49-Utah,50-Vermont/49-Utah,2-Rail,0,0,-

50-Vermont,50-Vermont,50-Vermont/50-Vermont,2-Rail,0.584686,32.7454,56.00510359

50-Vermont,51-Virginia,50-Vermont/51-Virginia,2-Rail,0,0,-

50-Vermont,53-Washington,50-Vermont/53-Washington,2-Rail,0,0,-

50-Vermont,54-West Virginia,50-Vermont/54-West Virginia,2-Rail,0,0,-

50-Vermont,55-Wisconsin,50-Vermont/55-Wisconsin,2-Rail,0,0,-

50-Vermont,56-Wyoming,50-Vermont/56-Wyoming,2-Rail,0,0,-

51-Virginia,01-Alabama,51-Virginia/01-Alabama,2-Rail,0.5033716,293.8685,583.8003177

51-Virginia,02-Alaska,51-Virginia/02-Alaska,2-Rail,0,0,-

51-Virginia,04-Arizona,51-Virginia/04-Arizona,2-Rail,0,0,-

51-Virginia,05-Arkansas,51-Virginia/05-Arkansas,2-Rail,0.0067972,7.6402,1124.021656

51-Virginia,06-California,51-Virginia/06-California,2-Rail,0.0231183,71.1604,3078.098303

51-Virginia,08-Colorado,51-Virginia/08-Colorado,2-Rail,0,0,-

51-Virginia,09-Connecticut,51-Virginia/09-Connecticut,2-Rail,0.0721239,48.3388,670.2188872

51-Virginia,10-Delaware,51-Virginia/10-Delaware,2-Rail,0.6553702,177.6543,271.07473

51-Virginia,11-Washington DC,51-Virginia/11-Washington DC,2-Rail,0.0000005,0,0

51-Virginia,12-Florida,51-Virginia/12-Florida,2-Rail,0.0719308,55.2411,767.9756099

51-Virginia,13-Georgia,51-Virginia/13-Georgia,2-Rail,0.5310522,304.9432,574.2245301

51-Virginia,15-Hawaii,51-Virginia/15-Hawaii,2-Rail,0,0,-

51-Virginia,16-Idaho,51-Virginia/16-Idaho,2-Rail,0,0,-

51-Virginia,17-Illinois,51-Virginia/17-Illinois,2-Rail,0.110309,112.7434,1022.068916

51-Virginia,18-Indiana,51-Virginia/18-Indiana,2-Rail,0.0938012,75.6152,806.1218833

51-Virginia,19-Iowa,51-Virginia/19-Iowa,2-Rail,0.2271805,274.6617,1209.002093

51-Virginia,20-Kansas,51-Virginia/20-Kansas,2-Rail,0.002511,3.6179,1440.82039

51-Virginia,21-Kentucky,51-Virginia/21-Kentucky,2-Rail,3.8272312,2476.9832,647.1997824

51-Virginia,22-Louisiana,51-Virginia/22-Louisiana,2-Rail,0.2906036,314.188,1081.1566

51-Virginia,23-Maine,51-Virginia/23-Maine,2-Rail,0,0,-

51-Virginia,24-Maryland,51-Virginia/24-Maryland,2-Rail,2.3479177,803.4891,342.2134856

51-Virginia,25-Massachusetts,51-Virginia/25-Massachusetts,2-Rail,0.0104329,8.2791,793.5569209

51-Virginia,26-Michigan,51-Virginia/26-Michigan,2-Rail,1.2171316,1177.3245,967.2943337

51-Virginia,27-Minnesota,51-Virginia/27-Minnesota,2-Rail,0.0711368,96.8637,1361.653884

51-Virginia,28-Mississippi,51-Virginia/28-Mississippi,2-Rail,0.0162318,13.2732,817.7281632

51-Virginia,29-Missouri,51-Virginia/29-Missouri,2-Rail,0.3449197,406.3852,1178.202347

51-Virginia,30-Montana,51-Virginia/30-Montana,2-Rail,0,0,-

51-Virginia,31-Nebraska,51-Virginia/31-Nebraska,2-Rail,0,0,-

51-Virginia,32-Nevada,51-Virginia/32-Nevada,2-Rail,0,0,-

51-Virginia,33-New Hampshire,51-Virginia/33-New Hampshire,2-Rail,0,0,-

51-Virginia,34-New Jersey,51-Virginia/34-New Jersey,2-Rail,0.0199979,7.456,372.8391481

51-Virginia,35-New Mexico,51-Virginia/35-New Mexico,2-Rail,0,0,-

51-Virginia,36-New York,51-Virginia/36-New York,2-Rail,1.6195064,934.2682,576.8845372

51-Virginia,37-North Carolina,51-Virginia/37-North Carolina,2-Rail,0.3357921,88.9508,264.8984297

51-Virginia,38-North Dakota,51-Virginia/38-North Dakota,2-Rail,0.0197352,31.7019,1606.363249

51-Virginia,39-Ohio,51-Virginia/39-Ohio,2-Rail,1.0764163,730.8061,678.9251519

51-Virginia,40-Oklahoma,51-Virginia/40-Oklahoma,2-Rail,0.0038878,5.3606,1378.826071

51-Virginia,41-Oregon,51-Virginia/41-Oregon,2-Rail,0,0,-

51-Virginia,42-Pennsylvania,51-Virginia/42-Pennsylvania,2-Rail,0.2511751,81.6671,325.1401114

51-Virginia,44-Rhode Island,51-Virginia/44-Rhode Island,2-Rail,0,0,-

51-Virginia,45-South Carolina,51-Virginia/45-South Carolina,2-Rail,0.4123836,203.3002,492.988082

51-Virginia,46-South Dakota,51-Virginia/46-South Dakota,2-Rail,0,0,-

51-Virginia,47-Tennessee,51-Virginia/47-Tennessee,2-Rail,0.1081889,55.3175,511.3047642

51-Virginia,48-Texas,51-Virginia/48-Texas,2-Rail,0.3814744,546.0949,1431.537477

51-Virginia,49-Utah,51-Virginia/49-Utah,2-Rail,0,0,-

51-Virginia,50-Vermont,51-Virginia/50-Vermont,2-Rail,0,0,-

51-Virginia,51-Virginia,51-Virginia/51-Virginia,2-Rail,6.0609554,1127.9722,186.1046857

51-Virginia,53-Washington,51-Virginia/53-Washington,2-Rail,0,0,-

51-Virginia,54-West Virginia,51-Virginia/54-West Virginia,2-Rail,3.1768289,1127.845,355.0222676

51-Virginia,55-Wisconsin,51-Virginia/55-Wisconsin,2-Rail,0.0000044,0.0042,954.5454545

51-Virginia,56-Wyoming,51-Virginia/56-Wyoming,2-Rail,0,0,-

53-Washington,01-Alabama,53-Washington/01-Alabama,2-Rail,0.046648,124.8388,2676.187618

53-Washington,02-Alaska,53-Washington/02-Alaska,2-Rail,0,0,-

53-Washington,04-Arizona,53-Washington/04-Arizona,2-Rail,0.0100404,16.7028,1663.559221

53-Washington,05-Arkansas,53-Washington/05-Arkansas,2-Rail,0.0268262,62.1802,2317.890719

53-Washington,06-California,53-Washington/06-California,2-Rail,0.2346725,275.7549,1175.062694

53-Washington,08-Colorado,53-Washington/08-Colorado,2-Rail,0.0120913,17.674,1461.71214

53-Washington,09-Connecticut,53-Washington/09-Connecticut,2-Rail,0,0,-

53-Washington,10-Delaware,53-Washington/10-Delaware,2-Rail,0,0,-

53-Washington,11-Washington DC,53-Washington/11-Washington DC,2-Rail,0,0,-

53-Washington,12-Florida,53-Washington/12-Florida,2-Rail,0.1899502,619.207,3259.838631

53-Washington,13-Georgia,53-Washington/13-Georgia,2-Rail,0.0098885,27.7336,2804.631643

53-Washington,15-Hawaii,53-Washington/15-Hawaii,2-Rail,0,0,-

53-Washington,16-Idaho,53-Washington/16-Idaho,2-Rail,0.3631364,182.6024,502.8479657

53-Washington,17-Illinois,53-Washington/17-Illinois,2-Rail,0.0321681,69.5798,2163.006208

53-Washington,18-Indiana,53-Washington/18-Indiana,2-Rail,0.0194588,41.7652,2146.339959

53-Washington,19-Iowa,53-Washington/19-Iowa,2-Rail,0.0876028,164.4881,1877.65802

53-Washington,20-Kansas,53-Washington/20-Kansas,2-Rail,0,0,-

53-Washington,21-Kentucky,53-Washington/21-Kentucky,2-Rail,0.0047824,12.0247,2514.365172

53-Washington,22-Louisiana,53-Washington/22-Louisiana,2-Rail,0,0,-

53-Washington,23-Maine,53-Washington/23-Maine,2-Rail,0.0146852,50.3454,3428.308773

53-Washington,24-Maryland,53-Washington/24-Maryland,2-Rail,0.0012143,3.4074,2806.061105

53-Washington,25-Massachusetts,53-Washington/25-Massachusetts,2-Rail,0.000086,0.2671,3105.813953

53-Washington,26-Michigan,53-Washington/26-Michigan,2-Rail,0.0136744,31.6338,2313.35927

53-Washington,27-Minnesota,53-Washington/27-Minnesota,2-Rail,9.6306087,17110.9766,1776.728464

53-Washington,28-Mississippi,53-Washington/28-Mississippi,2-Rail,0.0000005,0.0014,2800

53-Washington,29-Missouri,53-Washington/29-Missouri,2-Rail,0.0186734,35.9275,1923.993488

53-Washington,30-Montana,53-Washington/30-Montana,2-Rail,3.9916357,3353.0365,840.0156607

53-Washington,31-Nebraska,53-Washington/31-Nebraska,2-Rail,0.2920407,516.2501,1767.733402

53-Washington,32-Nevada,53-Washington/32-Nevada,2-Rail,0.0085591,11.2333,1312.439392

53-Washington,33-New Hampshire,53-Washington/33-New Hampshire,2-Rail,0.0045193,14.1721,3135.906003

53-Washington,34-New Jersey,53-Washington/34-New Jersey,2-Rail,0.0627225,190.1029,3030.856551

53-Washington,35-New Mexico,53-Washington/35-New Mexico,2-Rail,0,0,-

53-Washington,36-New York,53-Washington/36-New York,2-Rail,0.0083128,25.1637,3027.102781

53-Washington,37-North Carolina,53-Washington/37-North Carolina,2-Rail,0,0,-

53-Washington,38-North Dakota,53-Washington/38-North Dakota,2-Rail,17.4576836,23456.8729,1343.64177

53-Washington,39-Ohio,53-Washington/39-Ohio,2-Rail,0.0062694,15.7147,2506.571602

53-Washington,40-Oklahoma,53-Washington/40-Oklahoma,2-Rail,0.0414203,88.9821,2148.272707

53-Washington,41-Oregon,53-Washington/41-Oregon,2-Rail,1.1457356,429.9391,375.2515851

53-Washington,42-Pennsylvania,53-Washington/42-Pennsylvania,2-Rail,0.0812961,219.393,2698.690343

53-Washington,44-Rhode Island,53-Washington/44-Rhode Island,2-Rail,0,0,-

53-Washington,45-South Carolina,53-Washington/45-South Carolina,2-Rail,0,0,-

53-Washington,46-South Dakota,53-Washington/46-South Dakota,2-Rail,4.9038509,8275.4656,1687.544293

53-Washington,47-Tennessee,53-Washington/47-Tennessee,2-Rail,0.0000027,0.0071,2629.62963

53-Washington,48-Texas,53-Washington/48-Texas,2-Rail,0.1376428,328.691,2387.999954

53-Washington,49-Utah,53-Washington/49-Utah,2-Rail,0.3143183,353.328,1124.108905

53-Washington,50-Vermont,53-Washington/50-Vermont,2-Rail,0,0,-

53-Washington,51-Virginia,53-Washington/51-Virginia,2-Rail,0,0,-

53-Washington,53-Washington,53-Washington/53-Washington,2-Rail,19.7529018,3695.9496,187.1091973

53-Washington,54-West Virginia,53-Washington/54-West Virginia,2-Rail,0,0,-

53-Washington,55-Wisconsin,53-Washington/55-Wisconsin,2-Rail,0.0093427,16.6593,1783.135496

53-Washington,56-Wyoming,53-Washington/56-Wyoming,2-Rail,2.2776405,2707.3008,1188.64272

54-West Virginia,01-Alabama,54-West Virginia/01-Alabama,2-Rail,0.6784852,414.7507,611.2892367

54-West Virginia,02-Alaska,54-West Virginia/02-Alaska,2-Rail,0,0,-

54-West Virginia,04-Arizona,54-West Virginia/04-Arizona,2-Rail,0,0,-

54-West Virginia,05-Arkansas,54-West Virginia/05-Arkansas,2-Rail,0,0,-

54-West Virginia,06-California,54-West Virginia/06-California,2-Rail,0.0033681,9.2519,2746.919628

54-West Virginia,08-Colorado,54-West Virginia/08-Colorado,2-Rail,0,0,-

54-West Virginia,09-Connecticut,54-West Virginia/09-Connecticut,2-Rail,0,0,-

54-West Virginia,10-Delaware,54-West Virginia/10-Delaware,2-Rail,0.0000054,0.003,555.5555556

54-West Virginia,11-Washington DC,54-West Virginia/11-Washington DC,2-Rail,0,0,-

54-West Virginia,12-Florida,54-West Virginia/12-Florida,2-Rail,0.0069536,7.8781,1132.952715

54-West Virginia,13-Georgia,54-West Virginia/13-Georgia,2-Rail,0.0622195,48.6476,781.8706354

54-West Virginia,15-Hawaii,54-West Virginia/15-Hawaii,2-Rail,0,0,-

54-West Virginia,16-Idaho,54-West Virginia/16-Idaho,2-Rail,0,0,-

54-West Virginia,17-Illinois,54-West Virginia/17-Illinois,2-Rail,0.8599234,526.027,611.7137875

54-West Virginia,18-Indiana,54-West Virginia/18-Indiana,2-Rail,3.7597879,1992.2037,529.8712994

54-West Virginia,19-Iowa,54-West Virginia/19-Iowa,2-Rail,0,0,-

54-West Virginia,20-Kansas,54-West Virginia/20-Kansas,2-Rail,0,0,-

54-West Virginia,21-Kentucky,54-West Virginia/21-Kentucky,2-Rail,0.1688334,74.5168,441.3629057

54-West Virginia,22-Louisiana,54-West Virginia/22-Louisiana,2-Rail,0.2055777,245.4202,1193.8075

54-West Virginia,23-Maine,54-West Virginia/23-Maine,2-Rail,0,0,-

54-West Virginia,24-Maryland,54-West Virginia/24-Maryland,2-Rail,2.1510499,708.8772,329.5493982

54-West Virginia,25-Massachusetts,54-West Virginia/25-Massachusetts,2-Rail,0,0,-

54-West Virginia,26-Michigan,54-West Virginia/26-Michigan,2-Rail,1.2410059,564.1817,454.6164527

54-West Virginia,27-Minnesota,54-West Virginia/27-Minnesota,2-Rail,0.0151868,16.4192,1081.149419

54-West Virginia,28-Mississippi,54-West Virginia/28-Mississippi,2-Rail,0.1286932,133.326,1035.998794

54-West Virginia,29-Missouri,54-West Virginia/29-Missouri,2-Rail,0.0113215,9.4371,833.5556243

54-West Virginia,30-Montana,54-West Virginia/30-Montana,2-Rail,0,0,-

54-West Virginia,31-Nebraska,54-West Virginia/31-Nebraska,2-Rail,0,0,-

54-West Virginia,32-Nevada,54-West Virginia/32-Nevada,2-Rail,0,0,-

54-West Virginia,33-New Hampshire,54-West Virginia/33-New Hampshire,2-Rail,0.000021,0.02,952.3809524

54-West Virginia,34-New Jersey,54-West Virginia/34-New Jersey,2-Rail,0.0146957,6.5418,445.1506223

54-West Virginia,35-New Mexico,54-West Virginia/35-New Mexico,2-Rail,0,0,-

54-West Virginia,36-New York,54-West Virginia/36-New York,2-Rail,0.0000881,0.0503,570.9421112

54-West Virginia,37-North Carolina,54-West Virginia/37-North Carolina,2-Rail,3.1627567,1441.338,455.7220604

54-West Virginia,38-North Dakota,54-West Virginia/38-North Dakota,2-Rail,0,0,-

54-West Virginia,39-Ohio,54-West Virginia/39-Ohio,2-Rail,4.7249953,1378.7495,291.7991262

54-West Virginia,40-Oklahoma,54-West Virginia/40-Oklahoma,2-Rail,0,0,-

54-West Virginia,41-Oregon,54-West Virginia/41-Oregon,2-Rail,0,0,-

54-West Virginia,42-Pennsylvania,54-West Virginia/42-Pennsylvania,2-Rail,8.6991678,3075.2676,353.5128498

54-West Virginia,44-Rhode Island,54-West Virginia/44-Rhode Island,2-Rail,0,0,-

54-West Virginia,45-South Carolina,54-West Virginia/45-South Carolina,2-Rail,0,0,-

54-West Virginia,46-South Dakota,54-West Virginia/46-South Dakota,2-Rail,0,0,-

54-West Virginia,47-Tennessee,54-West Virginia/47-Tennessee,2-Rail,0.6259116,357.4942,571.1576523

54-West Virginia,48-Texas,54-West Virginia/48-Texas,2-Rail,0.5773764,816.2556,1413.732186

54-West Virginia,49-Utah,54-West Virginia/49-Utah,2-Rail,0,0,-

54-West Virginia,50-Vermont,54-West Virginia/50-Vermont,2-Rail,0,0,-

54-West Virginia,51-Virginia,54-West Virginia/51-Virginia,2-Rail,3.1768289,1127.845,355.0222676

54-West Virginia,53-Washington,54-West Virginia/53-Washington,2-Rail,0,0,-

54-West Virginia,54-West Virginia,54-West Virginia/54-West Virginia,2-Rail,21.0814096,2802.9938,132.9604544

54-West Virginia,55-Wisconsin,54-West Virginia/55-Wisconsin,2-Rail,0.834714,600.1845,719.0301109

54-West Virginia,56-Wyoming,54-West Virginia/56-Wyoming,2-Rail,0.0007818,1.3638,1744.435917

55-Wisconsin,01-Alabama,55-Wisconsin/01-Alabama,2-Rail,0.1113578,97.031,871.3444411

55-Wisconsin,02-Alaska,55-Wisconsin/02-Alaska,2-Rail,0,0,-

55-Wisconsin,04-Arizona,55-Wisconsin/04-Arizona,2-Rail,0,0,-

55-Wisconsin,05-Arkansas,55-Wisconsin/05-Arkansas,2-Rail,0.0054653,5.1423,940.8998591

55-Wisconsin,06-California,55-Wisconsin/06-California,2-Rail,0.291318,686.8187,2357.625344

55-Wisconsin,08-Colorado,55-Wisconsin/08-Colorado,2-Rail,2.2763938,2600.4402,1142.350765

55-Wisconsin,09-Connecticut,55-Wisconsin/09-Connecticut,2-Rail,0,0,-

55-Wisconsin,10-Delaware,55-Wisconsin/10-Delaware,2-Rail,0,0,-

55-Wisconsin,11-Washington DC,55-Wisconsin/11-Washington DC,2-Rail,0,0,-

55-Wisconsin,12-Florida,55-Wisconsin/12-Florida,2-Rail,0.0310124,44.2783,1427.761154

55-Wisconsin,13-Georgia,55-Wisconsin/13-Georgia,2-Rail,0.4813797,480.9749,999.1590838

55-Wisconsin,15-Hawaii,55-Wisconsin/15-Hawaii,2-Rail,0,0,-

55-Wisconsin,16-Idaho,55-Wisconsin/16-Idaho,2-Rail,0.0448431,77.105,1719.439557

55-Wisconsin,17-Illinois,55-Wisconsin/17-Illinois,2-Rail,3.0113926,615.1802,204.2842903

55-Wisconsin,18-Indiana,55-Wisconsin/18-Indiana,2-Rail,0.9230799,281.9991,305.4980398

55-Wisconsin,19-Iowa,55-Wisconsin/19-Iowa,2-Rail,1.1557927,477.2042,412.8804413

55-Wisconsin,20-Kansas,55-Wisconsin/20-Kansas,2-Rail,0.2597977,187.9447,723.4271127

55-Wisconsin,21-Kentucky,55-Wisconsin/21-Kentucky,2-Rail,0.0796764,52.9124,664.0912491

55-Wisconsin,22-Louisiana,55-Wisconsin/22-Louisiana,2-Rail,0.3769518,429.8553,1140.34553

55-Wisconsin,23-Maine,55-Wisconsin/23-Maine,2-Rail,0.0557158,77.0431,1382.787288

55-Wisconsin,24-Maryland,55-Wisconsin/24-Maryland,2-Rail,0.0089321,9.4578,1058.85514

55-Wisconsin,25-Massachusetts,55-Wisconsin/25-Massachusetts,2-Rail,0.0069269,8.618,1244.135183

55-Wisconsin,26-Michigan,55-Wisconsin/26-Michigan,2-Rail,0.348146,137.4486,394.8016062

55-Wisconsin,27-Minnesota,55-Wisconsin/27-Minnesota,2-Rail,0.6677031,190.8613,285.8475571

55-Wisconsin,28-Mississippi,55-Wisconsin/28-Mississippi,2-Rail,0.0694169,67.1787,967.7571312

55-Wisconsin,29-Missouri,55-Wisconsin/29-Missouri,2-Rail,0.0010903,0.6659,610.749335

55-Wisconsin,30-Montana,55-Wisconsin/30-Montana,2-Rail,3.5935997,4328.5567,1204.518327

55-Wisconsin,31-Nebraska,55-Wisconsin/31-Nebraska,2-Rail,0.0192523,13.5673,704.710606

55-Wisconsin,32-Nevada,55-Wisconsin/32-Nevada,2-Rail,0.0003764,0.7365,1956.695005

55-Wisconsin,33-New Hampshire,55-Wisconsin/33-New Hampshire,2-Rail,0,0,-

55-Wisconsin,34-New Jersey,55-Wisconsin/34-New Jersey,2-Rail,0.0000846,0.0977,1154.846336

55-Wisconsin,35-New Mexico,55-Wisconsin/35-New Mexico,2-Rail,1.3232905,1872.457,1415.000712

55-Wisconsin,36-New York,55-Wisconsin/36-New York,2-Rail,0.0785746,90.0297,1145.786297

55-Wisconsin,37-North Carolina,55-Wisconsin/37-North Carolina,2-Rail,0.0736976,83.8838,1138.21617

55-Wisconsin,38-North Dakota,55-Wisconsin/38-North Dakota,2-Rail,0.9960312,618.545,621.0096632

55-Wisconsin,39-Ohio,55-Wisconsin/39-Ohio,2-Rail,2.1355979,1164.8413,545.4403659

55-Wisconsin,40-Oklahoma,55-Wisconsin/40-Oklahoma,2-Rail,1.057367,991.6741,937.8712405

55-Wisconsin,41-Oregon,55-Wisconsin/41-Oregon,2-Rail,0.0121567,27.7303,2281.071343

55-Wisconsin,42-Pennsylvania,55-Wisconsin/42-Pennsylvania,2-Rail,0.3231609,244.3765,756.2068926

55-Wisconsin,44-Rhode Island,55-Wisconsin/44-Rhode Island,2-Rail,0,0,-

55-Wisconsin,45-South Carolina,55-Wisconsin/45-South Carolina,2-Rail,0.0135271,14.9798,1107.391828

55-Wisconsin,46-South Dakota,55-Wisconsin/46-South Dakota,2-Rail,0.1935593,126.0349,651.143603

55-Wisconsin,47-Tennessee,55-Wisconsin/47-Tennessee,2-Rail,0.0874168,69.1597,791.148841

55-Wisconsin,48-Texas,55-Wisconsin/48-Texas,2-Rail,3.4708109,4492.023,1294.228677

55-Wisconsin,49-Utah,55-Wisconsin/49-Utah,2-Rail,0.0156966,24.8295,1581.839379

55-Wisconsin,50-Vermont,55-Wisconsin/50-Vermont,2-Rail,0,0,-

55-Wisconsin,51-Virginia,55-Wisconsin/51-Virginia,2-Rail,0.0000044,0.0042,954.5454545

55-Wisconsin,53-Washington,55-Wisconsin/53-Washington,2-Rail,0.0093427,16.6593,1783.135496

55-Wisconsin,54-West Virginia,55-Wisconsin/54-West Virginia,2-Rail,0.834714,600.1845,719.0301109

55-Wisconsin,55-Wisconsin,55-Wisconsin/55-Wisconsin,2-Rail,16.793887,1921.9794,114.4451788

55-Wisconsin,56-Wyoming,55-Wisconsin/56-Wyoming,2-Rail,15.0654036,19004.1231,1261.441353

56-Wyoming,01-Alabama,56-Wyoming/01-Alabama,2-Rail,4.4990671,7198.6139,1600.02368

56-Wyoming,02-Alaska,56-Wyoming/02-Alaska,2-Rail,0,0,-

56-Wyoming,04-Arizona,56-Wyoming/04-Arizona,2-Rail,2.4018735,3391.5256,1412.033398

56-Wyoming,05-Arkansas,56-Wyoming/05-Arkansas,2-Rail,9.6666732,12425.5675,1285.402666

56-Wyoming,06-California,56-Wyoming/06-California,2-Rail,0.1643303,220.1265,1339.536896

56-Wyoming,08-Colorado,56-Wyoming/08-Colorado,2-Rail,4.1239295,2011.9462,487.8711433

56-Wyoming,09-Connecticut,56-Wyoming/09-Connecticut,2-Rail,0,0,-

56-Wyoming,10-Delaware,56-Wyoming/10-Delaware,2-Rail,0,0,-

56-Wyoming,11-Washington DC,56-Wyoming/11-Washington DC,2-Rail,0,0,-

56-Wyoming,12-Florida,56-Wyoming/12-Florida,2-Rail,0,0,-

56-Wyoming,13-Georgia,56-Wyoming/13-Georgia,2-Rail,3.9755109,7558.1223,1901.170061

56-Wyoming,15-Hawaii,56-Wyoming/15-Hawaii,2-Rail,0,0,-

56-Wyoming,16-Idaho,56-Wyoming/16-Idaho,2-Rail,0.0221911,16.6714,751.2651468

56-Wyoming,17-Illinois,56-Wyoming/17-Illinois,2-Rail,12.8114702,14953.9443,1167.230932

56-Wyoming,18-Indiana,56-Wyoming/18-Indiana,2-Rail,6.012728,7839.293,1303.783075

56-Wyoming,19-Iowa,56-Wyoming/19-Iowa,2-Rail,11.2194204,10333.2917,921.0183175

56-Wyoming,20-Kansas,56-Wyoming/20-Kansas,2-Rail,4.4747131,3786.4392,846.1859152

56-Wyoming,21-Kentucky,56-Wyoming/21-Kentucky,2-Rail,5.2303766,8310.723,1588.933959

56-Wyoming,22-Louisiana,56-Wyoming/22-Louisiana,2-Rail,5.8738559,9640.1488,1641.195999

56-Wyoming,23-Maine,56-Wyoming/23-Maine,2-Rail,0,0,-

56-Wyoming,24-Maryland,56-Wyoming/24-Maryland,2-Rail,0,0,-

56-Wyoming,25-Massachusetts,56-Wyoming/25-Massachusetts,2-Rail,0,0,-

56-Wyoming,26-Michigan,56-Wyoming/26-Michigan,2-Rail,10.4412785,14627.9946,1400.977342

56-Wyoming,27-Minnesota,56-Wyoming/27-Minnesota,2-Rail,6.987058,7593.5815,1086.806707

56-Wyoming,28-Mississippi,56-Wyoming/28-Mississippi,2-Rail,0.0986013,163.7122,1660.345249

56-Wyoming,29-Missouri,56-Wyoming/29-Missouri,2-Rail,21.2123124,22080.8445,1040.944716

56-Wyoming,30-Montana,56-Wyoming/30-Montana,2-Rail,0.3145729,94.8332,301.4665281

56-Wyoming,31-Nebraska,56-Wyoming/31-Nebraska,2-Rail,4.2344807,2717.3819,641.7273079

56-Wyoming,32-Nevada,56-Wyoming/32-Nevada,2-Rail,1.1764385,1110.2402,943.7299102

56-Wyoming,33-New Hampshire,56-Wyoming/33-New Hampshire,2-Rail,0,0,-

56-Wyoming,34-New Jersey,56-Wyoming/34-New Jersey,2-Rail,0.375278,772.4712,2058.397242

56-Wyoming,35-New Mexico,56-Wyoming/35-New Mexico,2-Rail,0,0,-

56-Wyoming,36-New York,56-Wyoming/36-New York,2-Rail,0.0250606,46.3929,1851.228622

56-Wyoming,37-North Carolina,56-Wyoming/37-North Carolina,2-Rail,0.4706186,958.6085,2036.911631

56-Wyoming,38-North Dakota,56-Wyoming/38-North Dakota,2-Rail,0.0257358,23.3661,907.9220386

56-Wyoming,39-Ohio,56-Wyoming/39-Ohio,2-Rail,0.2042196,302.6325,1481.897428

56-Wyoming,40-Oklahoma,56-Wyoming/40-Oklahoma,2-Rail,5.6668739,6402.6943,1129.84591

56-Wyoming,41-Oregon,56-Wyoming/41-Oregon,2-Rail,0.8137123,1086.0897,1334.734279

56-Wyoming,42-Pennsylvania,56-Wyoming/42-Pennsylvania,2-Rail,0.4742399,932.8085,1966.95491

56-Wyoming,44-Rhode Island,56-Wyoming/44-Rhode Island,2-Rail,0,0,-

56-Wyoming,45-South Carolina,56-Wyoming/45-South Carolina,2-Rail,0.0000261,0.0532,2038.314176

56-Wyoming,46-South Dakota,56-Wyoming/46-South Dakota,2-Rail,1.0454436,460.7723,440.7433361

56-Wyoming,47-Tennessee,56-Wyoming/47-Tennessee,2-Rail,1.0739353,1795.6763,1672.05259

56-Wyoming,48-Texas,56-Wyoming/48-Texas,2-Rail,43.4109762,62037.6938,1429.078524

56-Wyoming,49-Utah,56-Wyoming/49-Utah,2-Rail,0.3772415,229.9418,609.534741

56-Wyoming,50-Vermont,56-Wyoming/50-Vermont,2-Rail,0,0,-

56-Wyoming,51-Virginia,56-Wyoming/51-Virginia,2-Rail,0,0,-

56-Wyoming,53-Washington,56-Wyoming/53-Washington,2-Rail,2.2776405,2707.3008,1188.64272

56-Wyoming,54-West Virginia,56-Wyoming/54-West Virginia,2-Rail,0.0007818,1.3638,1744.435917

56-Wyoming,55-Wisconsin,56-Wyoming/55-Wisconsin,2-Rail,15.0654036,19004.1231,1261.441353

56-Wyoming,56-Wyoming,56-Wyoming/56-Wyoming,2-Rail,30.455871,6399.626,210.1278272

01-Alabama,01-Alabama,01-Alabama/01-Alabama,3-Water,13.8341492,1287.0322,93.03298536

01-Alabama,02-Alaska,01-Alabama/02-Alaska,3-Water,0,0,-

01-Alabama,04-Arizona,01-Alabama/04-Arizona,3-Water,0,0,-

01-Alabama,05-Arkansas,01-Alabama/05-Arkansas,3-Water,0.0001859,0.1306,702.528241

01-Alabama,06-California,01-Alabama/06-California,3-Water,0,0,-

01-Alabama,08-Colorado,01-Alabama/08-Colorado,3-Water,0,0,-

01-Alabama,09-Connecticut,01-Alabama/09-Connecticut,3-Water,0,0,-

01-Alabama,10-Delaware,01-Alabama/10-Delaware,3-Water,0,0,-

01-Alabama,11-Washington DC,01-Alabama/11-Washington DC,3-Water,0,0,-

01-Alabama,12-Florida,01-Alabama/12-Florida,3-Water,0.2373217,119.0054,501.4518268

01-Alabama,13-Georgia,01-Alabama/13-Georgia,3-Water,0,0,-

01-Alabama,15-Hawaii,01-Alabama/15-Hawaii,3-Water,0,0,-

01-Alabama,16-Idaho,01-Alabama/16-Idaho,3-Water,0,0,-

01-Alabama,17-Illinois,01-Alabama/17-Illinois,3-Water,0.1914501,114.026,595.5912272

01-Alabama,18-Indiana,01-Alabama/18-Indiana,3-Water,0.0113268,9.107,804.0223187

01-Alabama,19-Iowa,01-Alabama/19-Iowa,3-Water,0,0,-

01-Alabama,20-Kansas,01-Alabama/20-Kansas,3-Water,0,0,-

01-Alabama,21-Kentucky,01-Alabama/21-Kentucky,3-Water,0.1350837,53.3042,394.6012731

01-Alabama,22-Louisiana,01-Alabama/22-Louisiana,3-Water,1.1448797,574.0144,501.3752973

01-Alabama,23-Maine,01-Alabama/23-Maine,3-Water,0,0,-

01-Alabama,24-Maryland,01-Alabama/24-Maryland,3-Water,0,0,-

01-Alabama,25-Massachusetts,01-Alabama/25-Massachusetts,3-Water,0,0,-

01-Alabama,26-Michigan,01-Alabama/26-Michigan,3-Water,0,0,-

01-Alabama,27-Minnesota,01-Alabama/27-Minnesota,3-Water,0,0,-

01-Alabama,28-Mississippi,01-Alabama/28-Mississippi,3-Water,0.7868785,149.5904,190.1060964

01-Alabama,29-Missouri,01-Alabama/29-Missouri,3-Water,0,0,-

01-Alabama,30-Montana,01-Alabama/30-Montana,3-Water,0,0,-

01-Alabama,31-Nebraska,01-Alabama/31-Nebraska,3-Water,0,0,-

01-Alabama,32-Nevada,01-Alabama/32-Nevada,3-Water,0,0,-

01-Alabama,33-New Hampshire,01-Alabama/33-New Hampshire,3-Water,0,0,-

01-Alabama,34-New Jersey,01-Alabama/34-New Jersey,3-Water,0,0,-

01-Alabama,35-New Mexico,01-Alabama/35-New Mexico,3-Water,0,0,-

01-Alabama,36-New York,01-Alabama/36-New York,3-Water,0,0,-

01-Alabama,37-North Carolina,01-Alabama/37-North Carolina,3-Water,0,0,-

01-Alabama,38-North Dakota,01-Alabama/38-North Dakota,3-Water,0,0,-

01-Alabama,39-Ohio,01-Alabama/39-Ohio,3-Water,0,0,-

01-Alabama,40-Oklahoma,01-Alabama/40-Oklahoma,3-Water,0.5516285,685.5851,1242.838432

01-Alabama,41-Oregon,01-Alabama/41-Oregon,3-Water,0,0,-

01-Alabama,42-Pennsylvania,01-Alabama/42-Pennsylvania,3-Water,0,0,-

01-Alabama,44-Rhode Island,01-Alabama/44-Rhode Island,3-Water,0,0,-

01-Alabama,45-South Carolina,01-Alabama/45-South Carolina,3-Water,0,0,-

01-Alabama,46-South Dakota,01-Alabama/46-South Dakota,3-Water,0,0,-

01-Alabama,47-Tennessee,01-Alabama/47-Tennessee,3-Water,0.438209,347.6241,793.2837984

01-Alabama,48-Texas,01-Alabama/48-Texas,3-Water,2.0697622,1514.7694,731.8567321

01-Alabama,49-Utah,01-Alabama/49-Utah,3-Water,0,0,-

01-Alabama,50-Vermont,01-Alabama/50-Vermont,3-Water,0,0,-

01-Alabama,51-Virginia,01-Alabama/51-Virginia,3-Water,0,0,-

01-Alabama,53-Washington,01-Alabama/53-Washington,3-Water,0,0,-

01-Alabama,54-West Virginia,01-Alabama/54-West Virginia,3-Water,0,0,-

01-Alabama,55-Wisconsin,01-Alabama/55-Wisconsin,3-Water,0,0,-

01-Alabama,56-Wyoming,01-Alabama/56-Wyoming,3-Water,0,0,-

02-Alaska,01-Alabama,02-Alaska/01-Alabama,3-Water,0,0,-

02-Alaska,02-Alaska,02-Alaska/02-Alaska,3-Water,6.3544858,2442.279,384.3393591

02-Alaska,04-Arizona,02-Alaska/04-Arizona,3-Water,0,0,-

02-Alaska,05-Arkansas,02-Alaska/05-Arkansas,3-Water,0,0,-

02-Alaska,06-California,02-Alaska/06-California,3-Water,15.6880203,54431.6531,3469.631735

02-Alaska,08-Colorado,02-Alaska/08-Colorado,3-Water,0,0,-

02-Alaska,09-Connecticut,02-Alaska/09-Connecticut,3-Water,0,0,-

02-Alaska,10-Delaware,02-Alaska/10-Delaware,3-Water,0,0,-

02-Alaska,11-Washington DC,02-Alaska/11-Washington DC,3-Water,0,0,-

02-Alaska,12-Florida,02-Alaska/12-Florida,3-Water,0,0,-

02-Alaska,13-Georgia,02-Alaska/13-Georgia,3-Water,0,0,-

02-Alaska,15-Hawaii,02-Alaska/15-Hawaii,3-Water,0.5494707,1913.6744,3482.759681

02-Alaska,16-Idaho,02-Alaska/16-Idaho,3-Water,0,0,-

02-Alaska,17-Illinois,02-Alaska/17-Illinois,3-Water,0,0,-

02-Alaska,18-Indiana,02-Alaska/18-Indiana,3-Water,0,0,-

02-Alaska,19-Iowa,02-Alaska/19-Iowa,3-Water,0,0,-

02-Alaska,20-Kansas,02-Alaska/20-Kansas,3-Water,0,0,-

02-Alaska,21-Kentucky,02-Alaska/21-Kentucky,3-Water,0,0,-

02-Alaska,22-Louisiana,02-Alaska/22-Louisiana,3-Water,0,0,-

02-Alaska,23-Maine,02-Alaska/23-Maine,3-Water,0,0,-

02-Alaska,24-Maryland,02-Alaska/24-Maryland,3-Water,0,0,-

02-Alaska,25-Massachusetts,02-Alaska/25-Massachusetts,3-Water,0,0,-

02-Alaska,26-Michigan,02-Alaska/26-Michigan,3-Water,0,0,-

02-Alaska,27-Minnesota,02-Alaska/27-Minnesota,3-Water,0,0,-

02-Alaska,28-Mississippi,02-Alaska/28-Mississippi,3-Water,0,0,-

02-Alaska,29-Missouri,02-Alaska/29-Missouri,3-Water,0,0,-

02-Alaska,30-Montana,02-Alaska/30-Montana,3-Water,0,0,-

02-Alaska,31-Nebraska,02-Alaska/31-Nebraska,3-Water,0,0,-

02-Alaska,32-Nevada,02-Alaska/32-Nevada,3-Water,0,0,-

02-Alaska,33-New Hampshire,02-Alaska/33-New Hampshire,3-Water,0,0,-

02-Alaska,34-New Jersey,02-Alaska/34-New Jersey,3-Water,0,0,-

02-Alaska,35-New Mexico,02-Alaska/35-New Mexico,3-Water,0,0,-

02-Alaska,36-New York,02-Alaska/36-New York,3-Water,0,0,-

02-Alaska,37-North Carolina,02-Alaska/37-North Carolina,3-Water,0,0,-

02-Alaska,38-North Dakota,02-Alaska/38-North Dakota,3-Water,0,0,-

02-Alaska,39-Ohio,02-Alaska/39-Ohio,3-Water,0,0,-

02-Alaska,40-Oklahoma,02-Alaska/40-Oklahoma,3-Water,0,0,-

02-Alaska,41-Oregon,02-Alaska/41-Oregon,3-Water,0.0063815,7.7576,1215.638956

02-Alaska,42-Pennsylvania,02-Alaska/42-Pennsylvania,3-Water,0,0,-

02-Alaska,44-Rhode Island,02-Alaska/44-Rhode Island,3-Water,0,0,-

02-Alaska,45-South Carolina,02-Alaska/45-South Carolina,3-Water,0,0,-

02-Alaska,46-South Dakota,02-Alaska/46-South Dakota,3-Water,0,0,-

02-Alaska,47-Tennessee,02-Alaska/47-Tennessee,3-Water,0,0,-

02-Alaska,48-Texas,02-Alaska/48-Texas,3-Water,0.0017075,13.1836,7720.995608

02-Alaska,49-Utah,02-Alaska/49-Utah,3-Water,0,0,-

02-Alaska,50-Vermont,02-Alaska/50-Vermont,3-Water,0,0,-

02-Alaska,51-Virginia,02-Alaska/51-Virginia,3-Water,0,0,-

02-Alaska,53-Washington,02-Alaska/53-Washington,3-Water,3.053854,6331.6337,2073.325608

02-Alaska,54-West Virginia,02-Alaska/54-West Virginia,3-Water,0,0,-

02-Alaska,55-Wisconsin,02-Alaska/55-Wisconsin,3-Water,0,0,-

02-Alaska,56-Wyoming,02-Alaska/56-Wyoming,3-Water,0,0,-

04-Arizona,01-Alabama,04-Arizona/01-Alabama,3-Water,0,0,-

04-Arizona,02-Alaska,04-Arizona/02-Alaska,3-Water,0,0,-

04-Arizona,04-Arizona,04-Arizona/04-Arizona,3-Water,0,0,-

04-Arizona,05-Arkansas,04-Arizona/05-Arkansas,3-Water,0,0,-

04-Arizona,06-California,04-Arizona/06-California,3-Water,0,0,-

04-Arizona,08-Colorado,04-Arizona/08-Colorado,3-Water,0,0,-

04-Arizona,09-Connecticut,04-Arizona/09-Connecticut,3-Water,0,0,-

04-Arizona,10-Delaware,04-Arizona/10-Delaware,3-Water,0,0,-

04-Arizona,11-Washington DC,04-Arizona/11-Washington DC,3-Water,0,0,-

04-Arizona,12-Florida,04-Arizona/12-Florida,3-Water,0,0,-

04-Arizona,13-Georgia,04-Arizona/13-Georgia,3-Water,0,0,-

04-Arizona,15-Hawaii,04-Arizona/15-Hawaii,3-Water,0,0,-

04-Arizona,16-Idaho,04-Arizona/16-Idaho,3-Water,0,0,-

04-Arizona,17-Illinois,04-Arizona/17-Illinois,3-Water,0,0,-

04-Arizona,18-Indiana,04-Arizona/18-Indiana,3-Water,0,0,-

04-Arizona,19-Iowa,04-Arizona/19-Iowa,3-Water,0,0,-

04-Arizona,20-Kansas,04-Arizona/20-Kansas,3-Water,0,0,-

04-Arizona,21-Kentucky,04-Arizona/21-Kentucky,3-Water,0,0,-

04-Arizona,22-Louisiana,04-Arizona/22-Louisiana,3-Water,0,0,-

04-Arizona,23-Maine,04-Arizona/23-Maine,3-Water,0,0,-

04-Arizona,24-Maryland,04-Arizona/24-Maryland,3-Water,0,0,-

04-Arizona,25-Massachusetts,04-Arizona/25-Massachusetts,3-Water,0,0,-

04-Arizona,26-Michigan,04-Arizona/26-Michigan,3-Water,0,0,-

04-Arizona,27-Minnesota,04-Arizona/27-Minnesota,3-Water,0,0,-

04-Arizona,28-Mississippi,04-Arizona/28-Mississippi,3-Water,0,0,-

04-Arizona,29-Missouri,04-Arizona/29-Missouri,3-Water,0,0,-

04-Arizona,30-Montana,04-Arizona/30-Montana,3-Water,0,0,-

04-Arizona,31-Nebraska,04-Arizona/31-Nebraska,3-Water,0,0,-

04-Arizona,32-Nevada,04-Arizona/32-Nevada,3-Water,0,0,-

04-Arizona,33-New Hampshire,04-Arizona/33-New Hampshire,3-Water,0,0,-

04-Arizona,34-New Jersey,04-Arizona/34-New Jersey,3-Water,0,0,-

04-Arizona,35-New Mexico,04-Arizona/35-New Mexico,3-Water,0,0,-

04-Arizona,36-New York,04-Arizona/36-New York,3-Water,0,0,-

04-Arizona,37-North Carolina,04-Arizona/37-North Carolina,3-Water,0,0,-

04-Arizona,38-North Dakota,04-Arizona/38-North Dakota,3-Water,0,0,-

04-Arizona,39-Ohio,04-Arizona/39-Ohio,3-Water,0,0,-

04-Arizona,40-Oklahoma,04-Arizona/40-Oklahoma,3-Water,0,0,-

04-Arizona,41-Oregon,04-Arizona/41-Oregon,3-Water,0,0,-

04-Arizona,42-Pennsylvania,04-Arizona/42-Pennsylvania,3-Water,0,0,-

04-Arizona,44-Rhode Island,04-Arizona/44-Rhode Island,3-Water,0,0,-

04-Arizona,45-South Carolina,04-Arizona/45-South Carolina,3-Water,0,0,-

04-Arizona,46-South Dakota,04-Arizona/46-South Dakota,3-Water,0,0,-

04-Arizona,47-Tennessee,04-Arizona/47-Tennessee,3-Water,0,0,-

04-Arizona,48-Texas,04-Arizona/48-Texas,3-Water,0,0,-

04-Arizona,49-Utah,04-Arizona/49-Utah,3-Water,0,0,-

04-Arizona,50-Vermont,04-Arizona/50-Vermont,3-Water,0,0,-

04-Arizona,51-Virginia,04-Arizona/51-Virginia,3-Water,0,0,-

04-Arizona,53-Washington,04-Arizona/53-Washington,3-Water,0,0,-

04-Arizona,54-West Virginia,04-Arizona/54-West Virginia,3-Water,0,0,-

04-Arizona,55-Wisconsin,04-Arizona/55-Wisconsin,3-Water,0,0,-

04-Arizona,56-Wyoming,04-Arizona/56-Wyoming,3-Water,0,0,-

05-Arkansas,01-Alabama,05-Arkansas/01-Alabama,3-Water,0.0001859,0.1306,702.528241

05-Arkansas,02-Alaska,05-Arkansas/02-Alaska,3-Water,0,0,-

05-Arkansas,04-Arizona,05-Arkansas/04-Arizona,3-Water,0,0,-

05-Arkansas,05-Arkansas,05-Arkansas/05-Arkansas,3-Water,0.4601764,44.6204,96.9636861

05-Arkansas,06-California,05-Arkansas/06-California,3-Water,0,0,-

05-Arkansas,08-Colorado,05-Arkansas/08-Colorado,3-Water,0,0,-

05-Arkansas,09-Connecticut,05-Arkansas/09-Connecticut,3-Water,0,0,-

05-Arkansas,10-Delaware,05-Arkansas/10-Delaware,3-Water,0,0,-

05-Arkansas,11-Washington DC,05-Arkansas/11-Washington DC,3-Water,0,0,-

05-Arkansas,12-Florida,05-Arkansas/12-Florida,3-Water,0,0,-

05-Arkansas,13-Georgia,05-Arkansas/13-Georgia,3-Water,0,0,-

05-Arkansas,15-Hawaii,05-Arkansas/15-Hawaii,3-Water,0,0,-

05-Arkansas,16-Idaho,05-Arkansas/16-Idaho,3-Water,0,0,-

05-Arkansas,17-Illinois,05-Arkansas/17-Illinois,3-Water,0.3976603,322.2376,810.3338452

05-Arkansas,18-Indiana,05-Arkansas/18-Indiana,3-Water,0,0,-

05-Arkansas,19-Iowa,05-Arkansas/19-Iowa,3-Water,0,0,-

05-Arkansas,20-Kansas,05-Arkansas/20-Kansas,3-Water,0,0,-

05-Arkansas,21-Kentucky,05-Arkansas/21-Kentucky,3-Water,0.2770134,160.9478,581.0108825

05-Arkansas,22-Louisiana,05-Arkansas/22-Louisiana,3-Water,3.5699922,2295.4985,642.9981836

05-Arkansas,23-Maine,05-Arkansas/23-Maine,3-Water,0,0,-

05-Arkansas,24-Maryland,05-Arkansas/24-Maryland,3-Water,0,0,-

05-Arkansas,25-Massachusetts,05-Arkansas/25-Massachusetts,3-Water,0,0,-

05-Arkansas,26-Michigan,05-Arkansas/26-Michigan,3-Water,0,0,-

05-Arkansas,27-Minnesota,05-Arkansas/27-Minnesota,3-Water,0,0,-

05-Arkansas,28-Mississippi,05-Arkansas/28-Mississippi,3-Water,0.1933713,40.8911,211.4641625

05-Arkansas,29-Missouri,05-Arkansas/29-Missouri,3-Water,0.4626397,276.4845,597.6238096

05-Arkansas,30-Montana,05-Arkansas/30-Montana,3-Water,0,0,-

05-Arkansas,31-Nebraska,05-Arkansas/31-Nebraska,3-Water,0.0265807,28.2492,1062.771108

05-Arkansas,32-Nevada,05-Arkansas/32-Nevada,3-Water,0,0,-

05-Arkansas,33-New Hampshire,05-Arkansas/33-New Hampshire,3-Water,0,0,-

05-Arkansas,34-New Jersey,05-Arkansas/34-New Jersey,3-Water,0,0,-

05-Arkansas,35-New Mexico,05-Arkansas/35-New Mexico,3-Water,0,0,-

05-Arkansas,36-New York,05-Arkansas/36-New York,3-Water,0,0,-

05-Arkansas,37-North Carolina,05-Arkansas/37-North Carolina,3-Water,0,0,-

05-Arkansas,38-North Dakota,05-Arkansas/38-North Dakota,3-Water,0,0,-

05-Arkansas,39-Ohio,05-Arkansas/39-Ohio,3-Water,0,0,-

05-Arkansas,40-Oklahoma,05-Arkansas/40-Oklahoma,3-Water,0.0044212,3.6467,824.8213155

05-Arkansas,41-Oregon,05-Arkansas/41-Oregon,3-Water,0,0,-

05-Arkansas,42-Pennsylvania,05-Arkansas/42-Pennsylvania,3-Water,0,0,-

05-Arkansas,44-Rhode Island,05-Arkansas/44-Rhode Island,3-Water,0,0,-

05-Arkansas,45-South Carolina,05-Arkansas/45-South Carolina,3-Water,0,0,-

05-Arkansas,46-South Dakota,05-Arkansas/46-South Dakota,3-Water,0,0,-

05-Arkansas,47-Tennessee,05-Arkansas/47-Tennessee,3-Water,0.394976,134.4515,340.4042271

05-Arkansas,48-Texas,05-Arkansas/48-Texas,3-Water,1.586706,1365.0995,860.3355001

05-Arkansas,49-Utah,05-Arkansas/49-Utah,3-Water,0,0,-

05-Arkansas,50-Vermont,05-Arkansas/50-Vermont,3-Water,0,0,-

05-Arkansas,51-Virginia,05-Arkansas/51-Virginia,3-Water,0,0,-

05-Arkansas,53-Washington,05-Arkansas/53-Washington,3-Water,0,0,-

05-Arkansas,54-West Virginia,05-Arkansas/54-West Virginia,3-Water,0.0001742,0.1882,1080.367394

05-Arkansas,55-Wisconsin,05-Arkansas/55-Wisconsin,3-Water,0,0,-

05-Arkansas,56-Wyoming,05-Arkansas/56-Wyoming,3-Water,0,0,-

06-California,01-Alabama,06-California/01-Alabama,3-Water,0,0,-

06-California,02-Alaska,06-California/02-Alaska,3-Water,15.6880203,54431.6531,3469.631735

06-California,04-Arizona,06-California/04-Arizona,3-Water,0,0,-

06-California,05-Arkansas,06-California/05-Arkansas,3-Water,0,0,-

06-California,06-California,06-California/06-California,3-Water,20.839578,3913.773,187.8048106

06-California,08-Colorado,06-California/08-Colorado,3-Water,0,0,-

06-California,09-Connecticut,06-California/09-Connecticut,3-Water,0,0,-

06-California,10-Delaware,06-California/10-Delaware,3-Water,0,0,-

06-California,11-Washington DC,06-California/11-Washington DC,3-Water,0,0,-

06-California,12-Florida,06-California/12-Florida,3-Water,0,0,-

06-California,13-Georgia,06-California/13-Georgia,3-Water,0,0,-

06-California,15-Hawaii,06-California/15-Hawaii,3-Water,0.0155015,38.4072,2477.644099

06-California,16-Idaho,06-California/16-Idaho,3-Water,0,0,-

06-California,17-Illinois,06-California/17-Illinois,3-Water,0,0,-

06-California,18-Indiana,06-California/18-Indiana,3-Water,0,0,-

06-California,19-Iowa,06-California/19-Iowa,3-Water,0,0,-

06-California,20-Kansas,06-California/20-Kansas,3-Water,0,0,-

06-California,21-Kentucky,06-California/21-Kentucky,3-Water,0,0,-

06-California,22-Louisiana,06-California/22-Louisiana,3-Water,0.008942,49.0262,5482.688437

06-California,23-Maine,06-California/23-Maine,3-Water,0,0,-

06-California,24-Maryland,06-California/24-Maryland,3-Water,0,0,-

06-California,25-Massachusetts,06-California/25-Massachusetts,3-Water,0,0,-

06-California,26-Michigan,06-California/26-Michigan,3-Water,0,0,-

06-California,27-Minnesota,06-California/27-Minnesota,3-Water,0,0,-

06-California,28-Mississippi,06-California/28-Mississippi,3-Water,0.0006454,3.6627,5675.085218

06-California,29-Missouri,06-California/29-Missouri,3-Water,0,0,-

06-California,30-Montana,06-California/30-Montana,3-Water,0,0,-

06-California,31-Nebraska,06-California/31-Nebraska,3-Water,0,0,-

06-California,32-Nevada,06-California/32-Nevada,3-Water,0,0,-

06-California,33-New Hampshire,06-California/33-New Hampshire,3-Water,0,0,-

06-California,34-New Jersey,06-California/34-New Jersey,3-Water,0,0,-

06-California,35-New Mexico,06-California/35-New Mexico,3-Water,0,0,-

06-California,36-New York,06-California/36-New York,3-Water,0,0,-

06-California,37-North Carolina,06-California/37-North Carolina,3-Water,0,0,-

06-California,38-North Dakota,06-California/38-North Dakota,3-Water,0,0,-

06-California,39-Ohio,06-California/39-Ohio,3-Water,0,0,-

06-California,40-Oklahoma,06-California/40-Oklahoma,3-Water,0,0,-

06-California,41-Oregon,06-California/41-Oregon,3-Water,0,0,-

06-California,42-Pennsylvania,06-California/42-Pennsylvania,3-Water,0,0,-

06-California,44-Rhode Island,06-California/44-Rhode Island,3-Water,0,0,-

06-California,45-South Carolina,06-California/45-South Carolina,3-Water,0,0,-

06-California,46-South Dakota,06-California/46-South Dakota,3-Water,0,0,-

06-California,47-Tennessee,06-California/47-Tennessee,3-Water,0,0,-

06-California,48-Texas,06-California/48-Texas,3-Water,0.0444807,244.4677,5496.039855

06-California,49-Utah,06-California/49-Utah,3-Water,0,0,-

06-California,50-Vermont,06-California/50-Vermont,3-Water,0,0,-

06-California,51-Virginia,06-California/51-Virginia,3-Water,0,0,-

06-California,53-Washington,06-California/53-Washington,3-Water,0,0,-

06-California,54-West Virginia,06-California/54-West Virginia,3-Water,0,0,-

06-California,55-Wisconsin,06-California/55-Wisconsin,3-Water,0,0,-

06-California,56-Wyoming,06-California/56-Wyoming,3-Water,0,0,-

08-Colorado,01-Alabama,08-Colorado/01-Alabama,3-Water,0,0,-

08-Colorado,02-Alaska,08-Colorado/02-Alaska,3-Water,0,0,-

08-Colorado,04-Arizona,08-Colorado/04-Arizona,3-Water,0,0,-

08-Colorado,05-Arkansas,08-Colorado/05-Arkansas,3-Water,0,0,-

08-Colorado,06-California,08-Colorado/06-California,3-Water,0,0,-

08-Colorado,08-Colorado,08-Colorado/08-Colorado,3-Water,0,0,-

08-Colorado,09-Connecticut,08-Colorado/09-Connecticut,3-Water,0,0,-

08-Colorado,10-Delaware,08-Colorado/10-Delaware,3-Water,0,0,-

08-Colorado,11-Washington DC,08-Colorado/11-Washington DC,3-Water,0,0,-

08-Colorado,12-Florida,08-Colorado/12-Florida,3-Water,0,0,-

08-Colorado,13-Georgia,08-Colorado/13-Georgia,3-Water,0,0,-

08-Colorado,15-Hawaii,08-Colorado/15-Hawaii,3-Water,0,0,-

08-Colorado,16-Idaho,08-Colorado/16-Idaho,3-Water,0,0,-

08-Colorado,17-Illinois,08-Colorado/17-Illinois,3-Water,0,0,-

08-Colorado,18-Indiana,08-Colorado/18-Indiana,3-Water,0,0,-

08-Colorado,19-Iowa,08-Colorado/19-Iowa,3-Water,0,0,-

08-Colorado,20-Kansas,08-Colorado/20-Kansas,3-Water,0,0,-

08-Colorado,21-Kentucky,08-Colorado/21-Kentucky,3-Water,0,0,-

08-Colorado,22-Louisiana,08-Colorado/22-Louisiana,3-Water,0,0,-

08-Colorado,23-Maine,08-Colorado/23-Maine,3-Water,0,0,-

08-Colorado,24-Maryland,08-Colorado/24-Maryland,3-Water,0,0,-

08-Colorado,25-Massachusetts,08-Colorado/25-Massachusetts,3-Water,0,0,-

08-Colorado,26-Michigan,08-Colorado/26-Michigan,3-Water,0,0,-

08-Colorado,27-Minnesota,08-Colorado/27-Minnesota,3-Water,0,0,-

08-Colorado,28-Mississippi,08-Colorado/28-Mississippi,3-Water,0,0,-

08-Colorado,29-Missouri,08-Colorado/29-Missouri,3-Water,0,0,-

08-Colorado,30-Montana,08-Colorado/30-Montana,3-Water,0,0,-

08-Colorado,31-Nebraska,08-Colorado/31-Nebraska,3-Water,0,0,-

08-Colorado,32-Nevada,08-Colorado/32-Nevada,3-Water,0,0,-

08-Colorado,33-New Hampshire,08-Colorado/33-New Hampshire,3-Water,0,0,-

08-Colorado,34-New Jersey,08-Colorado/34-New Jersey,3-Water,0,0,-

08-Colorado,35-New Mexico,08-Colorado/35-New Mexico,3-Water,0,0,-

08-Colorado,36-New York,08-Colorado/36-New York,3-Water,0,0,-

08-Colorado,37-North Carolina,08-Colorado/37-North Carolina,3-Water,0,0,-

08-Colorado,38-North Dakota,08-Colorado/38-North Dakota,3-Water,0,0,-

08-Colorado,39-Ohio,08-Colorado/39-Ohio,3-Water,0,0,-

08-Colorado,40-Oklahoma,08-Colorado/40-Oklahoma,3-Water,0,0,-

08-Colorado,41-Oregon,08-Colorado/41-Oregon,3-Water,0,0,-

08-Colorado,42-Pennsylvania,08-Colorado/42-Pennsylvania,3-Water,0,0,-

08-Colorado,44-Rhode Island,08-Colorado/44-Rhode Island,3-Water,0,0,-

08-Colorado,45-South Carolina,08-Colorado/45-South Carolina,3-Water,0,0,-

08-Colorado,46-South Dakota,08-Colorado/46-South Dakota,3-Water,0,0,-

08-Colorado,47-Tennessee,08-Colorado/47-Tennessee,3-Water,0,0,-

08-Colorado,48-Texas,08-Colorado/48-Texas,3-Water,0,0,-

08-Colorado,49-Utah,08-Colorado/49-Utah,3-Water,0,0,-

08-Colorado,50-Vermont,08-Colorado/50-Vermont,3-Water,0,0,-

08-Colorado,51-Virginia,08-Colorado/51-Virginia,3-Water,0,0,-

08-Colorado,53-Washington,08-Colorado/53-Washington,3-Water,0,0,-

08-Colorado,54-West Virginia,08-Colorado/54-West Virginia,3-Water,0,0,-

08-Colorado,55-Wisconsin,08-Colorado/55-Wisconsin,3-Water,0,0,-

08-Colorado,56-Wyoming,08-Colorado/56-Wyoming,3-Water,0,0,-

09-Connecticut,01-Alabama,09-Connecticut/01-Alabama,3-Water,0,0,-

09-Connecticut,02-Alaska,09-Connecticut/02-Alaska,3-Water,0,0,-

09-Connecticut,04-Arizona,09-Connecticut/04-Arizona,3-Water,0,0,-

09-Connecticut,05-Arkansas,09-Connecticut/05-Arkansas,3-Water,0,0,-

09-Connecticut,06-California,09-Connecticut/06-California,3-Water,0,0,-

09-Connecticut,08-Colorado,09-Connecticut/08-Colorado,3-Water,0,0,-

09-Connecticut,09-Connecticut,09-Connecticut/09-Connecticut,3-Water,0.0139216,0.1588,11.40673486

09-Connecticut,10-Delaware,09-Connecticut/10-Delaware,3-Water,0,0,-

09-Connecticut,11-Washington DC,09-Connecticut/11-Washington DC,3-Water,0,0,-

09-Connecticut,12-Florida,09-Connecticut/12-Florida,3-Water,0,0,-

09-Connecticut,13-Georgia,09-Connecticut/13-Georgia,3-Water,0,0,-

09-Connecticut,15-Hawaii,09-Connecticut/15-Hawaii,3-Water,0,0,-

09-Connecticut,16-Idaho,09-Connecticut/16-Idaho,3-Water,0,0,-

09-Connecticut,17-Illinois,09-Connecticut/17-Illinois,3-Water,0,0,-

09-Connecticut,18-Indiana,09-Connecticut/18-Indiana,3-Water,0,0,-

09-Connecticut,19-Iowa,09-Connecticut/19-Iowa,3-Water,0,0,-

09-Connecticut,20-Kansas,09-Connecticut/20-Kansas,3-Water,0,0,-

09-Connecticut,21-Kentucky,09-Connecticut/21-Kentucky,3-Water,0.0886682,262.7811,2963.645366

09-Connecticut,22-Louisiana,09-Connecticut/22-Louisiana,3-Water,2.5709097,5296.9941,2060.357896

09-Connecticut,23-Maine,09-Connecticut/23-Maine,3-Water,0,0,-

09-Connecticut,24-Maryland,09-Connecticut/24-Maryland,3-Water,0,0,-

09-Connecticut,25-Massachusetts,09-Connecticut/25-Massachusetts,3-Water,0,0,-

09-Connecticut,26-Michigan,09-Connecticut/26-Michigan,3-Water,0,0,-

09-Connecticut,27-Minnesota,09-Connecticut/27-Minnesota,3-Water,0,0,-

09-Connecticut,28-Mississippi,09-Connecticut/28-Mississippi,3-Water,0,0,-

09-Connecticut,29-Missouri,09-Connecticut/29-Missouri,3-Water,0,0,-

09-Connecticut,30-Montana,09-Connecticut/30-Montana,3-Water,0,0,-

09-Connecticut,31-Nebraska,09-Connecticut/31-Nebraska,3-Water,0,0,-

09-Connecticut,32-Nevada,09-Connecticut/32-Nevada,3-Water,0,0,-

09-Connecticut,33-New Hampshire,09-Connecticut/33-New Hampshire,3-Water,0,0,-

09-Connecticut,34-New Jersey,09-Connecticut/34-New Jersey,3-Water,0,0,-

09-Connecticut,35-New Mexico,09-Connecticut/35-New Mexico,3-Water,0,0,-

09-Connecticut,36-New York,09-Connecticut/36-New York,3-Water,0.0073272,0.5833,79.6074899

09-Connecticut,37-North Carolina,09-Connecticut/37-North Carolina,3-Water,0,0,-

09-Connecticut,38-North Dakota,09-Connecticut/38-North Dakota,3-Water,0,0,-

09-Connecticut,39-Ohio,09-Connecticut/39-Ohio,3-Water,0,0,-

09-Connecticut,40-Oklahoma,09-Connecticut/40-Oklahoma,3-Water,0,0,-

09-Connecticut,41-Oregon,09-Connecticut/41-Oregon,3-Water,0,0,-

09-Connecticut,42-Pennsylvania,09-Connecticut/42-Pennsylvania,3-Water,0,0,-

09-Connecticut,44-Rhode Island,09-Connecticut/44-Rhode Island,3-Water,0,0,-

09-Connecticut,45-South Carolina,09-Connecticut/45-South Carolina,3-Water,0,0,-

09-Connecticut,46-South Dakota,09-Connecticut/46-South Dakota,3-Water,0,0,-

09-Connecticut,47-Tennessee,09-Connecticut/47-Tennessee,3-Water,0,0,-

09-Connecticut,48-Texas,09-Connecticut/48-Texas,3-Water,0.3161367,724.0981,2290.458843

09-Connecticut,49-Utah,09-Connecticut/49-Utah,3-Water,0,0,-

09-Connecticut,50-Vermont,09-Connecticut/50-Vermont,3-Water,0,0,-

09-Connecticut,51-Virginia,09-Connecticut/51-Virginia,3-Water,0,0,-

09-Connecticut,53-Washington,09-Connecticut/53-Washington,3-Water,0,0,-

09-Connecticut,54-West Virginia,09-Connecticut/54-West Virginia,3-Water,0,0,-

09-Connecticut,55-Wisconsin,09-Connecticut/55-Wisconsin,3-Water,0,0,-

09-Connecticut,56-Wyoming,09-Connecticut/56-Wyoming,3-Water,0,0,-

10-Delaware,01-Alabama,10-Delaware/01-Alabama,3-Water,0,0,-

10-Delaware,02-Alaska,10-Delaware/02-Alaska,3-Water,0,0,-

10-Delaware,04-Arizona,10-Delaware/04-Arizona,3-Water,0,0,-

10-Delaware,05-Arkansas,10-Delaware/05-Arkansas,3-Water,0,0,-

10-Delaware,06-California,10-Delaware/06-California,3-Water,0,0,-

10-Delaware,08-Colorado,10-Delaware/08-Colorado,3-Water,0,0,-

10-Delaware,09-Connecticut,10-Delaware/09-Connecticut,3-Water,0,0,-

10-Delaware,10-Delaware,10-Delaware/10-Delaware,3-Water,0.0028714,0.0408,14.20909661

10-Delaware,11-Washington DC,10-Delaware/11-Washington DC,3-Water,0,0,-

10-Delaware,12-Florida,10-Delaware/12-Florida,3-Water,0.0077211,12.1528,1573.97262

10-Delaware,13-Georgia,10-Delaware/13-Georgia,3-Water,0,0,-

10-Delaware,15-Hawaii,10-Delaware/15-Hawaii,3-Water,0,0,-

10-Delaware,16-Idaho,10-Delaware/16-Idaho,3-Water,0,0,-

10-Delaware,17-Illinois,10-Delaware/17-Illinois,3-Water,0,0,-

10-Delaware,18-Indiana,10-Delaware/18-Indiana,3-Water,0,0,-

10-Delaware,19-Iowa,10-Delaware/19-Iowa,3-Water,0,0,-

10-Delaware,20-Kansas,10-Delaware/20-Kansas,3-Water,0,0,-

10-Delaware,21-Kentucky,10-Delaware/21-Kentucky,3-Water,0,0,-

10-Delaware,22-Louisiana,10-Delaware/22-Louisiana,3-Water,0.0130774,27.5148,2103.996207

10-Delaware,23-Maine,10-Delaware/23-Maine,3-Water,0,0,-

10-Delaware,24-Maryland,10-Delaware/24-Maryland,3-Water,0.0924845,9.2657,100.1865177

10-Delaware,25-Massachusetts,10-Delaware/25-Massachusetts,3-Water,0.0557524,26.3986,473.4971051

10-Delaware,26-Michigan,10-Delaware/26-Michigan,3-Water,0,0,-

10-Delaware,27-Minnesota,10-Delaware/27-Minnesota,3-Water,0,0,-

10-Delaware,28-Mississippi,10-Delaware/28-Mississippi,3-Water,0,0,-

10-Delaware,29-Missouri,10-Delaware/29-Missouri,3-Water,0,0,-

10-Delaware,30-Montana,10-Delaware/30-Montana,3-Water,0,0,-

10-Delaware,31-Nebraska,10-Delaware/31-Nebraska,3-Water,0,0,-

10-Delaware,32-Nevada,10-Delaware/32-Nevada,3-Water,0,0,-

10-Delaware,33-New Hampshire,10-Delaware/33-New Hampshire,3-Water,0,0,-

10-Delaware,34-New Jersey,10-Delaware/34-New Jersey,3-Water,0.0137858,0.5612,40.70855518

10-Delaware,35-New Mexico,10-Delaware/35-New Mexico,3-Water,0,0,-

10-Delaware,36-New York,10-Delaware/36-New York,3-Water,0.0367898,10.3589,281.5698917

10-Delaware,37-North Carolina,10-Delaware/37-North Carolina,3-Water,0,0,-

10-Delaware,38-North Dakota,10-Delaware/38-North Dakota,3-Water,0,0,-

10-Delaware,39-Ohio,10-Delaware/39-Ohio,3-Water,0,0,-

10-Delaware,40-Oklahoma,10-Delaware/40-Oklahoma,3-Water,0,0,-

10-Delaware,41-Oregon,10-Delaware/41-Oregon,3-Water,0,0,-

10-Delaware,42-Pennsylvania,10-Delaware/42-Pennsylvania,3-Water,0.0288609,98.8605,3425.412929

10-Delaware,44-Rhode Island,10-Delaware/44-Rhode Island,3-Water,0,0,-

10-Delaware,45-South Carolina,10-Delaware/45-South Carolina,3-Water,0,0,-

10-Delaware,46-South Dakota,10-Delaware/46-South Dakota,3-Water,0,0,-

10-Delaware,47-Tennessee,10-Delaware/47-Tennessee,3-Water,0,0,-

10-Delaware,48-Texas,10-Delaware/48-Texas,3-Water,0.4380254,975.3936,2226.796894

10-Delaware,49-Utah,10-Delaware/49-Utah,3-Water,0,0,-

10-Delaware,50-Vermont,10-Delaware/50-Vermont,3-Water,0,0,-

10-Delaware,51-Virginia,10-Delaware/51-Virginia,3-Water,0.6379911,137.259,215.1424996

10-Delaware,53-Washington,10-Delaware/53-Washington,3-Water,0,0,-

10-Delaware,54-West Virginia,10-Delaware/54-West Virginia,3-Water,0,0,-

10-Delaware,55-Wisconsin,10-Delaware/55-Wisconsin,3-Water,0,0,-

10-Delaware,56-Wyoming,10-Delaware/56-Wyoming,3-Water,0,0,-

11-Washington DC,01-Alabama,11-Washington DC/01-Alabama,3-Water,0,0,-

11-Washington DC,04-Arizona,11-Washington DC/04-Arizona,3-Water,0,0,-

11-Washington DC,05-Arkansas,11-Washington DC/05-Arkansas,3-Water,0,0,-

11-Washington DC,06-California,11-Washington DC/06-California,3-Water,0,0,-

11-Washington DC,08-Colorado,11-Washington DC/08-Colorado,3-Water,0,0,-

11-Washington DC,09-Connecticut,11-Washington DC/09-Connecticut,3-Water,0,0,-

11-Washington DC,10-Delaware,11-Washington DC/10-Delaware,3-Water,0,0,-

11-Washington DC,11-Washington DC,11-Washington DC/11-Washington DC,3-Water,0,0,-

11-Washington DC,12-Florida,11-Washington DC/12-Florida,3-Water,0,0,-

11-Washington DC,13-Georgia,11-Washington DC/13-Georgia,3-Water,0,0,-

11-Washington DC,15-Hawaii,11-Washington DC/15-Hawaii,3-Water,0,0,-

11-Washington DC,16-Idaho,11-Washington DC/16-Idaho,3-Water,0,0,-

11-Washington DC,17-Illinois,11-Washington DC/17-Illinois,3-Water,0,0,-

11-Washington DC,18-Indiana,11-Washington DC/18-Indiana,3-Water,0,0,-

11-Washington DC,19-Iowa,11-Washington DC/19-Iowa,3-Water,0,0,-

11-Washington DC,20-Kansas,11-Washington DC/20-Kansas,3-Water,0,0,-

11-Washington DC,21-Kentucky,11-Washington DC/21-Kentucky,3-Water,0,0,-

11-Washington DC,22-Louisiana,11-Washington DC/22-Louisiana,3-Water,0,0,-

11-Washington DC,23-Maine,11-Washington DC/23-Maine,3-Water,0,0,-

11-Washington DC,24-Maryland,11-Washington DC/24-Maryland,3-Water,0,0,-

11-Washington DC,25-Massachusetts,11-Washington DC/25-Massachusetts,3-Water,0,0,-

11-Washington DC,26-Michigan,11-Washington DC/26-Michigan,3-Water,0,0,-

11-Washington DC,27-Minnesota,11-Washington DC/27-Minnesota,3-Water,0,0,-

11-Washington DC,28-Mississippi,11-Washington DC/28-Mississippi,3-Water,0,0,-

11-Washington DC,29-Missouri,11-Washington DC/29-Missouri,3-Water,0,0,-

11-Washington DC,30-Montana,11-Washington DC/30-Montana,3-Water,0,0,-

11-Washington DC,31-Nebraska,11-Washington DC/31-Nebraska,3-Water,0,0,-

11-Washington DC,32-Nevada,11-Washington DC/32-Nevada,3-Water,0,0,-

11-Washington DC,33-New Hampshire,11-Washington DC/33-New Hampshire,3-Water,0,0,-

11-Washington DC,34-New Jersey,11-Washington DC/34-New Jersey,3-Water,0,0,-

11-Washington DC,35-New Mexico,11-Washington DC/35-New Mexico,3-Water,0,0,-

11-Washington DC,36-New York,11-Washington DC/36-New York,3-Water,0,0,-

11-Washington DC,37-North Carolina,11-Washington DC/37-North Carolina,3-Water,0,0,-

11-Washington DC,38-North Dakota,11-Washington DC/38-North Dakota,3-Water,0,0,-

11-Washington DC,39-Ohio,11-Washington DC/39-Ohio,3-Water,0,0,-

11-Washington DC,40-Oklahoma,11-Washington DC/40-Oklahoma,3-Water,0,0,-

11-Washington DC,41-Oregon,11-Washington DC/41-Oregon,3-Water,0,0,-

11-Washington DC,42-Pennsylvania,11-Washington DC/42-Pennsylvania,3-Water,0,0,-

11-Washington DC,44-Rhode Island,11-Washington DC/44-Rhode Island,3-Water,0,0,-

11-Washington DC,45-South Carolina,11-Washington DC/45-South Carolina,3-Water,0,0,-

11-Washington DC,46-South Dakota,11-Washington DC/46-South Dakota,3-Water,0,0,-

11-Washington DC,47-Tennessee,11-Washington DC/47-Tennessee,3-Water,0,0,-

11-Washington DC,48-Texas,11-Washington DC/48-Texas,3-Water,0,0,-

11-Washington DC,49-Utah,11-Washington DC/49-Utah,3-Water,0,0,-

11-Washington DC,50-Vermont,11-Washington DC/50-Vermont,3-Water,0,0,-

11-Washington DC,51-Virginia,11-Washington DC/51-Virginia,3-Water,0,0,-

11-Washington DC,53-Washington,11-Washington DC/53-Washington,3-Water,0,0,-

11-Washington DC,54-West Virginia,11-Washington DC/54-West Virginia,3-Water,0,0,-

11-Washington DC,55-Wisconsin,11-Washington DC/55-Wisconsin,3-Water,0,0,-

11-Washington DC,56-Wyoming,11-Washington DC/56-Wyoming,3-Water,0,0,-

12-Florida,01-Alabama,12-Florida/01-Alabama,3-Water,0.2373217,119.0054,501.4518268

12-Florida,02-Alaska,12-Florida/02-Alaska,3-Water,0,0,-

12-Florida,04-Arizona,12-Florida/04-Arizona,3-Water,0,0,-

12-Florida,05-Arkansas,12-Florida/05-Arkansas,3-Water,0,0,-

12-Florida,06-California,12-Florida/06-California,3-Water,0,0,-

12-Florida,08-Colorado,12-Florida/08-Colorado,3-Water,0,0,-

12-Florida,09-Connecticut,12-Florida/09-Connecticut,3-Water,0,0,-

12-Florida,10-Delaware,12-Florida/10-Delaware,3-Water,0.0077211,12.1528,1573.97262

12-Florida,11-Washington DC,12-Florida/11-Washington DC,3-Water,0,0,-

12-Florida,12-Florida,12-Florida/12-Florida,3-Water,0.0061792,0.2564,41.49404454

12-Florida,13-Georgia,12-Florida/13-Georgia,3-Water,0,0,-

12-Florida,15-Hawaii,12-Florida/15-Hawaii,3-Water,0,0,-

12-Florida,16-Idaho,12-Florida/16-Idaho,3-Water,0,0,-

12-Florida,17-Illinois,12-Florida/17-Illinois,3-Water,0.7359052,1201.616,1632.840752

12-Florida,18-Indiana,12-Florida/18-Indiana,3-Water,0,0,-

12-Florida,19-Iowa,12-Florida/19-Iowa,3-Water,0,0,-

12-Florida,20-Kansas,12-Florida/20-Kansas,3-Water,0,0,-

12-Florida,21-Kentucky,12-Florida/21-Kentucky,3-Water,0,0,-

12-Florida,22-Louisiana,12-Florida/22-Louisiana,3-Water,10.6213644,7939.4572,747.4988053

12-Florida,23-Maine,12-Florida/23-Maine,3-Water,0,0,-

12-Florida,24-Maryland,12-Florida/24-Maryland,3-Water,0,0,-

12-Florida,25-Massachusetts,12-Florida/25-Massachusetts,3-Water,0,0,-

12-Florida,26-Michigan,12-Florida/26-Michigan,3-Water,0,0,-

12-Florida,27-Minnesota,12-Florida/27-Minnesota,3-Water,0,0,-

12-Florida,28-Mississippi,12-Florida/28-Mississippi,3-Water,5.9928472,5698.4735,950.8791581

12-Florida,29-Missouri,12-Florida/29-Missouri,3-Water,0,0,-

12-Florida,30-Montana,12-Florida/30-Montana,3-Water,0,0,-

12-Florida,31-Nebraska,12-Florida/31-Nebraska,3-Water,0,0,-

12-Florida,32-Nevada,12-Florida/32-Nevada,3-Water,0,0,-

12-Florida,33-New Hampshire,12-Florida/33-New Hampshire,3-Water,0,0,-

12-Florida,34-New Jersey,12-Florida/34-New Jersey,3-Water,0.0440259,71.6194,1626.756069

12-Florida,35-New Mexico,12-Florida/35-New Mexico,3-Water,0,0,-

12-Florida,36-New York,12-Florida/36-New York,3-Water,0,0,-

12-Florida,37-North Carolina,12-Florida/37-North Carolina,3-Water,0,0,-

12-Florida,38-North Dakota,12-Florida/38-North Dakota,3-Water,0,0,-

12-Florida,39-Ohio,12-Florida/39-Ohio,3-Water,0,0,-

12-Florida,40-Oklahoma,12-Florida/40-Oklahoma,3-Water,0,0,-

12-Florida,41-Oregon,12-Florida/41-Oregon,3-Water,0,0,-

12-Florida,42-Pennsylvania,12-Florida/42-Pennsylvania,3-Water,0.0211884,34.2102,1614.572124

12-Florida,44-Rhode Island,12-Florida/44-Rhode Island,3-Water,0,0,-

12-Florida,45-South Carolina,12-Florida/45-South Carolina,3-Water,0,0,-

12-Florida,46-South Dakota,12-Florida/46-South Dakota,3-Water,0,0,-

12-Florida,47-Tennessee,12-Florida/47-Tennessee,3-Water,0,0,-

12-Florida,48-Texas,12-Florida/48-Texas,3-Water,2.0785071,2143.8315,1031.428519

12-Florida,49-Utah,12-Florida/49-Utah,3-Water,0,0,-

12-Florida,50-Vermont,12-Florida/50-Vermont,3-Water,0,0,-

12-Florida,51-Virginia,12-Florida/51-Virginia,3-Water,0,0,-

12-Florida,53-Washington,12-Florida/53-Washington,3-Water,0,0,-

12-Florida,54-West Virginia,12-Florida/54-West Virginia,3-Water,0,0,-

12-Florida,55-Wisconsin,12-Florida/55-Wisconsin,3-Water,0,0,-

12-Florida,56-Wyoming,12-Florida/56-Wyoming,3-Water,0,0,-

13-Georgia,01-Alabama,13-Georgia/01-Alabama,3-Water,0,0,-

13-Georgia,02-Alaska,13-Georgia/02-Alaska,3-Water,0,0,-

13-Georgia,04-Arizona,13-Georgia/04-Arizona,3-Water,0,0,-

13-Georgia,05-Arkansas,13-Georgia/05-Arkansas,3-Water,0,0,-

13-Georgia,06-California,13-Georgia/06-California,3-Water,0,0,-

13-Georgia,08-Colorado,13-Georgia/08-Colorado,3-Water,0,0,-

13-Georgia,09-Connecticut,13-Georgia/09-Connecticut,3-Water,0,0,-

13-Georgia,10-Delaware,13-Georgia/10-Delaware,3-Water,0,0,-

13-Georgia,11-Washington DC,13-Georgia/11-Washington DC,3-Water,0,0,-

13-Georgia,12-Florida,13-Georgia/12-Florida,3-Water,0,0,-

13-Georgia,13-Georgia,13-Georgia/13-Georgia,3-Water,0.572768,11.9428,20.8510252

13-Georgia,15-Hawaii,13-Georgia/15-Hawaii,3-Water,0,0,-

13-Georgia,16-Idaho,13-Georgia/16-Idaho,3-Water,0,0,-

13-Georgia,17-Illinois,13-Georgia/17-Illinois,3-Water,0,0,-

13-Georgia,18-Indiana,13-Georgia/18-Indiana,3-Water,0,0,-

13-Georgia,19-Iowa,13-Georgia/19-Iowa,3-Water,0,0,-

13-Georgia,20-Kansas,13-Georgia/20-Kansas,3-Water,0,0,-

13-Georgia,21-Kentucky,13-Georgia/21-Kentucky,3-Water,0,0,-

13-Georgia,22-Louisiana,13-Georgia/22-Louisiana,3-Water,0.0007424,0.962,1295.797414

13-Georgia,23-Maine,13-Georgia/23-Maine,3-Water,0,0,-

13-Georgia,24-Maryland,13-Georgia/24-Maryland,3-Water,0,0,-

13-Georgia,25-Massachusetts,13-Georgia/25-Massachusetts,3-Water,0,0,-

13-Georgia,26-Michigan,13-Georgia/26-Michigan,3-Water,0,0,-

13-Georgia,27-Minnesota,13-Georgia/27-Minnesota,3-Water,0,0,-

13-Georgia,28-Mississippi,13-Georgia/28-Mississippi,3-Water,0,0,-

13-Georgia,29-Missouri,13-Georgia/29-Missouri,3-Water,0,0,-

13-Georgia,30-Montana,13-Georgia/30-Montana,3-Water,0,0,-

13-Georgia,31-Nebraska,13-Georgia/31-Nebraska,3-Water,0,0,-

13-Georgia,32-Nevada,13-Georgia/32-Nevada,3-Water,0,0,-

13-Georgia,33-New Hampshire,13-Georgia/33-New Hampshire,3-Water,0,0,-

13-Georgia,34-New Jersey,13-Georgia/34-New Jersey,3-Water,0,0,-

13-Georgia,35-New Mexico,13-Georgia/35-New Mexico,3-Water,0,0,-

13-Georgia,36-New York,13-Georgia/36-New York,3-Water,0,0,-

13-Georgia,37-North Carolina,13-Georgia/37-North Carolina,3-Water,0,0,-

13-Georgia,38-North Dakota,13-Georgia/38-North Dakota,3-Water,0,0,-

13-Georgia,39-Ohio,13-Georgia/39-Ohio,3-Water,0,0,-

13-Georgia,40-Oklahoma,13-Georgia/40-Oklahoma,3-Water,0,0,-

13-Georgia,41-Oregon,13-Georgia/41-Oregon,3-Water,0,0,-

13-Georgia,42-Pennsylvania,13-Georgia/42-Pennsylvania,3-Water,0,0,-

13-Georgia,44-Rhode Island,13-Georgia/44-Rhode Island,3-Water,0,0,-

13-Georgia,45-South Carolina,13-Georgia/45-South Carolina,3-Water,0.0591479,12.004,202.948879

13-Georgia,46-South Dakota,13-Georgia/46-South Dakota,3-Water,0,0,-

13-Georgia,47-Tennessee,13-Georgia/47-Tennessee,3-Water,0,0,-

13-Georgia,48-Texas,13-Georgia/48-Texas,3-Water,0,0,-

13-Georgia,49-Utah,13-Georgia/49-Utah,3-Water,0,0,-

13-Georgia,50-Vermont,13-Georgia/50-Vermont,3-Water,0,0,-

13-Georgia,51-Virginia,13-Georgia/51-Virginia,3-Water,0,0,-

13-Georgia,53-Washington,13-Georgia/53-Washington,3-Water,0,0,-

13-Georgia,54-West Virginia,13-Georgia/54-West Virginia,3-Water,0,0,-

13-Georgia,55-Wisconsin,13-Georgia/55-Wisconsin,3-Water,0,0,-

13-Georgia,56-Wyoming,13-Georgia/56-Wyoming,3-Water,0,0,-

15-Hawaii,01-Alabama,15-Hawaii/01-Alabama,3-Water,0,0,-

15-Hawaii,02-Alaska,15-Hawaii/02-Alaska,3-Water,0.5494707,1913.6744,3482.759681

15-Hawaii,04-Arizona,15-Hawaii/04-Arizona,3-Water,0,0,-

15-Hawaii,05-Arkansas,15-Hawaii/05-Arkansas,3-Water,0,0,-

15-Hawaii,06-California,15-Hawaii/06-California,3-Water,0.0155015,38.4072,2477.644099

15-Hawaii,08-Colorado,15-Hawaii/08-Colorado,3-Water,0,0,-

15-Hawaii,09-Connecticut,15-Hawaii/09-Connecticut,3-Water,0,0,-

15-Hawaii,10-Delaware,15-Hawaii/10-Delaware,3-Water,0,0,-

15-Hawaii,11-Washington DC,15-Hawaii/11-Washington DC,3-Water,0,0,-

15-Hawaii,12-Florida,15-Hawaii/12-Florida,3-Water,0,0,-

15-Hawaii,13-Georgia,15-Hawaii/13-Georgia,3-Water,0,0,-

15-Hawaii,15-Hawaii,15-Hawaii/15-Hawaii,3-Water,0.2989332,40.027,133.8994799

15-Hawaii,16-Idaho,15-Hawaii/16-Idaho,3-Water,0,0,-

15-Hawaii,17-Illinois,15-Hawaii/17-Illinois,3-Water,0,0,-

15-Hawaii,18-Indiana,15-Hawaii/18-Indiana,3-Water,0,0,-

15-Hawaii,19-Iowa,15-Hawaii/19-Iowa,3-Water,0,0,-

15-Hawaii,20-Kansas,15-Hawaii/20-Kansas,3-Water,0,0,-

15-Hawaii,21-Kentucky,15-Hawaii/21-Kentucky,3-Water,0,0,-

15-Hawaii,22-Louisiana,15-Hawaii/22-Louisiana,3-Water,0,0,-

15-Hawaii,23-Maine,15-Hawaii/23-Maine,3-Water,0,0,-

15-Hawaii,24-Maryland,15-Hawaii/24-Maryland,3-Water,0,0,-

15-Hawaii,25-Massachusetts,15-Hawaii/25-Massachusetts,3-Water,0,0,-

15-Hawaii,26-Michigan,15-Hawaii/26-Michigan,3-Water,0,0,-

15-Hawaii,27-Minnesota,15-Hawaii/27-Minnesota,3-Water,0,0,-

15-Hawaii,28-Mississippi,15-Hawaii/28-Mississippi,3-Water,0,0,-

15-Hawaii,29-Missouri,15-Hawaii/29-Missouri,3-Water,0,0,-

15-Hawaii,30-Montana,15-Hawaii/30-Montana,3-Water,0,0,-

15-Hawaii,31-Nebraska,15-Hawaii/31-Nebraska,3-Water,0,0,-

15-Hawaii,32-Nevada,15-Hawaii/32-Nevada,3-Water,0,0,-

15-Hawaii,33-New Hampshire,15-Hawaii/33-New Hampshire,3-Water,0,0,-

15-Hawaii,34-New Jersey,15-Hawaii/34-New Jersey,3-Water,0,0,-

15-Hawaii,35-New Mexico,15-Hawaii/35-New Mexico,3-Water,0,0,-

15-Hawaii,36-New York,15-Hawaii/36-New York,3-Water,0,0,-

15-Hawaii,37-North Carolina,15-Hawaii/37-North Carolina,3-Water,0,0,-

15-Hawaii,38-North Dakota,15-Hawaii/38-North Dakota,3-Water,0,0,-

15-Hawaii,39-Ohio,15-Hawaii/39-Ohio,3-Water,0,0,-

15-Hawaii,40-Oklahoma,15-Hawaii/40-Oklahoma,3-Water,0,0,-

15-Hawaii,41-Oregon,15-Hawaii/41-Oregon,3-Water,0.0249153,68.9945,2769.161921

15-Hawaii,42-Pennsylvania,15-Hawaii/42-Pennsylvania,3-Water,0,0,-

15-Hawaii,44-Rhode Island,15-Hawaii/44-Rhode Island,3-Water,0,0,-

15-Hawaii,45-South Carolina,15-Hawaii/45-South Carolina,3-Water,0,0,-

15-Hawaii,46-South Dakota,15-Hawaii/46-South Dakota,3-Water,0,0,-

15-Hawaii,47-Tennessee,15-Hawaii/47-Tennessee,3-Water,0,0,-

15-Hawaii,48-Texas,15-Hawaii/48-Texas,3-Water,0.001585,11.5415,7281.70347

15-Hawaii,49-Utah,15-Hawaii/49-Utah,3-Water,0,0,-

15-Hawaii,50-Vermont,15-Hawaii/50-Vermont,3-Water,0,0,-

15-Hawaii,51-Virginia,15-Hawaii/51-Virginia,3-Water,0,0,-

15-Hawaii,53-Washington,15-Hawaii/53-Washington,3-Water,0.0292108,83.7978,2868.726635

15-Hawaii,54-West Virginia,15-Hawaii/54-West Virginia,3-Water,0,0,-

15-Hawaii,55-Wisconsin,15-Hawaii/55-Wisconsin,3-Water,0,0,-

15-Hawaii,56-Wyoming,15-Hawaii/56-Wyoming,3-Water,0,0,-

16-Idaho,01-Alabama,16-Idaho/01-Alabama,3-Water,0,0,-

16-Idaho,02-Alaska,16-Idaho/02-Alaska,3-Water,0,0,-

16-Idaho,04-Arizona,16-Idaho/04-Arizona,3-Water,0,0,-

16-Idaho,05-Arkansas,16-Idaho/05-Arkansas,3-Water,0,0,-

16-Idaho,06-California,16-Idaho/06-California,3-Water,0,0,-

16-Idaho,08-Colorado,16-Idaho/08-Colorado,3-Water,0,0,-

16-Idaho,09-Connecticut,16-Idaho/09-Connecticut,3-Water,0,0,-

16-Idaho,10-Delaware,16-Idaho/10-Delaware,3-Water,0,0,-

16-Idaho,11-Washington DC,16-Idaho/11-Washington DC,3-Water,0,0,-

16-Idaho,12-Florida,16-Idaho/12-Florida,3-Water,0,0,-

16-Idaho,13-Georgia,16-Idaho/13-Georgia,3-Water,0,0,-

16-Idaho,15-Hawaii,16-Idaho/15-Hawaii,3-Water,0,0,-

16-Idaho,16-Idaho,16-Idaho/16-Idaho,3-Water,0,0,-

16-Idaho,17-Illinois,16-Idaho/17-Illinois,3-Water,0,0,-

16-Idaho,18-Indiana,16-Idaho/18-Indiana,3-Water,0,0,-

16-Idaho,19-Iowa,16-Idaho/19-Iowa,3-Water,0,0,-

16-Idaho,20-Kansas,16-Idaho/20-Kansas,3-Water,0,0,-

16-Idaho,21-Kentucky,16-Idaho/21-Kentucky,3-Water,0,0,-

16-Idaho,22-Louisiana,16-Idaho/22-Louisiana,3-Water,0,0,-

16-Idaho,23-Maine,16-Idaho/23-Maine,3-Water,0,0,-

16-Idaho,24-Maryland,16-Idaho/24-Maryland,3-Water,0,0,-

16-Idaho,25-Massachusetts,16-Idaho/25-Massachusetts,3-Water,0,0,-

16-Idaho,26-Michigan,16-Idaho/26-Michigan,3-Water,0,0,-

16-Idaho,27-Minnesota,16-Idaho/27-Minnesota,3-Water,0,0,-

16-Idaho,28-Mississippi,16-Idaho/28-Mississippi,3-Water,0,0,-

16-Idaho,29-Missouri,16-Idaho/29-Missouri,3-Water,0,0,-

16-Idaho,30-Montana,16-Idaho/30-Montana,3-Water,0,0,-

16-Idaho,31-Nebraska,16-Idaho/31-Nebraska,3-Water,0,0,-

16-Idaho,32-Nevada,16-Idaho/32-Nevada,3-Water,0,0,-

16-Idaho,33-New Hampshire,16-Idaho/33-New Hampshire,3-Water,0,0,-

16-Idaho,34-New Jersey,16-Idaho/34-New Jersey,3-Water,0,0,-

16-Idaho,35-New Mexico,16-Idaho/35-New Mexico,3-Water,0,0,-

16-Idaho,36-New York,16-Idaho/36-New York,3-Water,0,0,-

16-Idaho,37-North Carolina,16-Idaho/37-North Carolina,3-Water,0,0,-

16-Idaho,38-North Dakota,16-Idaho/38-North Dakota,3-Water,0,0,-

16-Idaho,39-Ohio,16-Idaho/39-Ohio,3-Water,0,0,-

16-Idaho,40-Oklahoma,16-Idaho/40-Oklahoma,3-Water,0,0,-

16-Idaho,41-Oregon,16-Idaho/41-Oregon,3-Water,0,0,-

16-Idaho,42-Pennsylvania,16-Idaho/42-Pennsylvania,3-Water,0,0,-

16-Idaho,44-Rhode Island,16-Idaho/44-Rhode Island,3-Water,0,0,-

16-Idaho,45-South Carolina,16-Idaho/45-South Carolina,3-Water,0,0,-

16-Idaho,46-South Dakota,16-Idaho/46-South Dakota,3-Water,0,0,-

16-Idaho,47-Tennessee,16-Idaho/47-Tennessee,3-Water,0,0,-

16-Idaho,48-Texas,16-Idaho/48-Texas,3-Water,0,0,-

16-Idaho,49-Utah,16-Idaho/49-Utah,3-Water,0,0,-

16-Idaho,50-Vermont,16-Idaho/50-Vermont,3-Water,0,0,-

16-Idaho,51-Virginia,16-Idaho/51-Virginia,3-Water,0,0,-

16-Idaho,53-Washington,16-Idaho/53-Washington,3-Water,0,0,-

16-Idaho,54-West Virginia,16-Idaho/54-West Virginia,3-Water,0,0,-

16-Idaho,55-Wisconsin,16-Idaho/55-Wisconsin,3-Water,0,0,-

16-Idaho,56-Wyoming,16-Idaho/56-Wyoming,3-Water,0,0,-

17-Illinois,01-Alabama,17-Illinois/01-Alabama,3-Water,0.1914501,114.026,595.5912272

17-Illinois,02-Alaska,17-Illinois/02-Alaska,3-Water,0,0,-

17-Illinois,04-Arizona,17-Illinois/04-Arizona,3-Water,0,0,-

17-Illinois,05-Arkansas,17-Illinois/05-Arkansas,3-Water,0.3976603,322.2376,810.3338452

17-Illinois,06-California,17-Illinois/06-California,3-Water,0,0,-

17-Illinois,08-Colorado,17-Illinois/08-Colorado,3-Water,0,0,-

17-Illinois,09-Connecticut,17-Illinois/09-Connecticut,3-Water,0,0,-

17-Illinois,10-Delaware,17-Illinois/10-Delaware,3-Water,0,0,-

17-Illinois,11-Washington DC,17-Illinois/11-Washington DC,3-Water,0,0,-

17-Illinois,12-Florida,17-Illinois/12-Florida,3-Water,0.7359052,1201.616,1632.840752

17-Illinois,13-Georgia,17-Illinois/13-Georgia,3-Water,0,0,-

17-Illinois,15-Hawaii,17-Illinois/15-Hawaii,3-Water,0,0,-

17-Illinois,16-Idaho,17-Illinois/16-Idaho,3-Water,0,0,-

17-Illinois,17-Illinois,17-Illinois/17-Illinois,3-Water,23.05827,945.2494,40.99394274

17-Illinois,18-Indiana,17-Illinois/18-Indiana,3-Water,0.6327018,305.524,482.8878312

17-Illinois,19-Iowa,17-Illinois/19-Iowa,3-Water,1.3128908,304.0402,231.5807225

17-Illinois,20-Kansas,17-Illinois/20-Kansas,3-Water,0.0199494,8.34,418.0576859

17-Illinois,21-Kentucky,17-Illinois/21-Kentucky,3-Water,2.2392496,1885.1181,841.852601

17-Illinois,22-Louisiana,17-Illinois/22-Louisiana,3-Water,50.0141117,58218.4833,1164.041134

17-Illinois,23-Maine,17-Illinois/23-Maine,3-Water,0,0,-

17-Illinois,24-Maryland,17-Illinois/24-Maryland,3-Water,0,0,-

17-Illinois,25-Massachusetts,17-Illinois/25-Massachusetts,3-Water,0,0,-

17-Illinois,26-Michigan,17-Illinois/26-Michigan,3-Water,0.3597081,66.6284,185.2290788

17-Illinois,27-Minnesota,17-Illinois/27-Minnesota,3-Water,0.4425432,409.2797,924.8355867

17-Illinois,28-Mississippi,17-Illinois/28-Mississippi,3-Water,0.230155,136.4737,592.9643067

17-Illinois,29-Missouri,17-Illinois/29-Missouri,3-Water,3.8076585,518.4809,136.16791

17-Illinois,30-Montana,17-Illinois/30-Montana,3-Water,0,0,-

17-Illinois,31-Nebraska,17-Illinois/31-Nebraska,3-Water,0,0,-

17-Illinois,32-Nevada,17-Illinois/32-Nevada,3-Water,0,0,-

17-Illinois,33-New Hampshire,17-Illinois/33-New Hampshire,3-Water,0,0,-

17-Illinois,34-New Jersey,17-Illinois/34-New Jersey,3-Water,0,0,-

17-Illinois,35-New Mexico,17-Illinois/35-New Mexico,3-Water,0,0,-

17-Illinois,36-New York,17-Illinois/36-New York,3-Water,0,0,-

17-Illinois,37-North Carolina,17-Illinois/37-North Carolina,3-Water,0,0,-

17-Illinois,38-North Dakota,17-Illinois/38-North Dakota,3-Water,0,0,-

17-Illinois,39-Ohio,17-Illinois/39-Ohio,3-Water,0,0,-

17-Illinois,40-Oklahoma,17-Illinois/40-Oklahoma,3-Water,0.1864331,188.0153,1008.48669

17-Illinois,41-Oregon,17-Illinois/41-Oregon,3-Water,0,0,-

17-Illinois,42-Pennsylvania,17-Illinois/42-Pennsylvania,3-Water,0.0194318,22.6355,1164.868926

17-Illinois,44-Rhode Island,17-Illinois/44-Rhode Island,3-Water,0,0,-

17-Illinois,45-South Carolina,17-Illinois/45-South Carolina,3-Water,0,0,-

17-Illinois,46-South Dakota,17-Illinois/46-South Dakota,3-Water,0,0,-

17-Illinois,47-Tennessee,17-Illinois/47-Tennessee,3-Water,0.3407105,230.1941,675.6296034

17-Illinois,48-Texas,17-Illinois/48-Texas,3-Water,0.8249553,1264.2683,1532.529459

17-Illinois,49-Utah,17-Illinois/49-Utah,3-Water,0,0,-

17-Illinois,50-Vermont,17-Illinois/50-Vermont,3-Water,0,0,-

17-Illinois,51-Virginia,17-Illinois/51-Virginia,3-Water,0,0,-

17-Illinois,53-Washington,17-Illinois/53-Washington,3-Water,0,0,-

17-Illinois,54-West Virginia,17-Illinois/54-West Virginia,3-Water,0,0,-

17-Illinois,55-Wisconsin,17-Illinois/55-Wisconsin,3-Water,0,0,-

17-Illinois,56-Wyoming,17-Illinois/56-Wyoming,3-Water,0,0,-

18-Indiana,01-Alabama,18-Indiana/01-Alabama,3-Water,0.0113268,9.107,804.0223187

18-Indiana,02-Alaska,18-Indiana/02-Alaska,3-Water,0,0,-

18-Indiana,04-Arizona,18-Indiana/04-Arizona,3-Water,0,0,-

18-Indiana,05-Arkansas,18-Indiana/05-Arkansas,3-Water,0,0,-

18-Indiana,06-California,18-Indiana/06-California,3-Water,0,0,-

18-Indiana,08-Colorado,18-Indiana/08-Colorado,3-Water,0,0,-

18-Indiana,09-Connecticut,18-Indiana/09-Connecticut,3-Water,0,0,-

18-Indiana,10-Delaware,18-Indiana/10-Delaware,3-Water,0,0,-

18-Indiana,11-Washington DC,18-Indiana/11-Washington DC,3-Water,0,0,-

18-Indiana,12-Florida,18-Indiana/12-Florida,3-Water,0,0,-

18-Indiana,13-Georgia,18-Indiana/13-Georgia,3-Water,0,0,-

18-Indiana,15-Hawaii,18-Indiana/15-Hawaii,3-Water,0,0,-

18-Indiana,16-Idaho,18-Indiana/16-Idaho,3-Water,0,0,-

18-Indiana,17-Illinois,18-Indiana/17-Illinois,3-Water,0.6327018,305.524,482.8878312

18-Indiana,18-Indiana,18-Indiana/18-Indiana,3-Water,8.5326894,343.5088,40.2579754

18-Indiana,19-Iowa,18-Indiana/19-Iowa,3-Water,0,0,-

18-Indiana,20-Kansas,18-Indiana/20-Kansas,3-Water,0,0,-

18-Indiana,21-Kentucky,18-Indiana/21-Kentucky,3-Water,4.7707113,882.3654,184.9546838

18-Indiana,22-Louisiana,18-Indiana/22-Louisiana,3-Water,8.6923319,9210.9439,1059.663161

18-Indiana,23-Maine,18-Indiana/23-Maine,3-Water,0,0,-

18-Indiana,24-Maryland,18-Indiana/24-Maryland,3-Water,0,0,-

18-Indiana,25-Massachusetts,18-Indiana/25-Massachusetts,3-Water,0,0,-

18-Indiana,26-Michigan,18-Indiana/26-Michigan,3-Water,7.4018226,1828.7658,247.0696609

18-Indiana,27-Minnesota,18-Indiana/27-Minnesota,3-Water,1.0187198,826.5156,811.3277076

18-Indiana,28-Mississippi,18-Indiana/28-Mississippi,3-Water,0,0,-

18-Indiana,29-Missouri,18-Indiana/29-Missouri,3-Water,0,0,-

18-Indiana,30-Montana,18-Indiana/30-Montana,3-Water,0,0,-

18-Indiana,31-Nebraska,18-Indiana/31-Nebraska,3-Water,0,0,-

18-Indiana,32-Nevada,18-Indiana/32-Nevada,3-Water,0,0,-

18-Indiana,33-New Hampshire,18-Indiana/33-New Hampshire,3-Water,0,0,-

18-Indiana,34-New Jersey,18-Indiana/34-New Jersey,3-Water,0,0,-

18-Indiana,35-New Mexico,18-Indiana/35-New Mexico,3-Water,0,0,-

18-Indiana,36-New York,18-Indiana/36-New York,3-Water,0,0,-

18-Indiana,37-North Carolina,18-Indiana/37-North Carolina,3-Water,0,0,-

18-Indiana,38-North Dakota,18-Indiana/38-North Dakota,3-Water,0,0,-

18-Indiana,39-Ohio,18-Indiana/39-Ohio,3-Water,1.0437902,427.6711,409.7289858

18-Indiana,40-Oklahoma,18-Indiana/40-Oklahoma,3-Water,0,0,-

18-Indiana,41-Oregon,18-Indiana/41-Oregon,3-Water,0,0,-

18-Indiana,42-Pennsylvania,18-Indiana/42-Pennsylvania,3-Water,0.2396327,149.86,625.3737491

18-Indiana,44-Rhode Island,18-Indiana/44-Rhode Island,3-Water,0,0,-

18-Indiana,45-South Carolina,18-Indiana/45-South Carolina,3-Water,0,0,-

18-Indiana,46-South Dakota,18-Indiana/46-South Dakota,3-Water,0,0,-

18-Indiana,47-Tennessee,18-Indiana/47-Tennessee,3-Water,0.0260565,11.9758,459.6089268

18-Indiana,48-Texas,18-Indiana/48-Texas,3-Water,0.0000006,0.0009,1500

18-Indiana,49-Utah,18-Indiana/49-Utah,3-Water,0,0,-

18-Indiana,50-Vermont,18-Indiana/50-Vermont,3-Water,0,0,-

18-Indiana,51-Virginia,18-Indiana/51-Virginia,3-Water,0,0,-

18-Indiana,53-Washington,18-Indiana/53-Washington,3-Water,0,0,-

18-Indiana,54-West Virginia,18-Indiana/54-West Virginia,3-Water,4.0126122,1669.7035,416.1138472

18-Indiana,55-Wisconsin,18-Indiana/55-Wisconsin,3-Water,0,0,-

18-Indiana,56-Wyoming,18-Indiana/56-Wyoming,3-Water,0,0,-

19-Iowa,01-Alabama,19-Iowa/01-Alabama,3-Water,0,0,-

19-Iowa,02-Alaska,19-Iowa/02-Alaska,3-Water,0,0,-

19-Iowa,04-Arizona,19-Iowa/04-Arizona,3-Water,0,0,-

19-Iowa,05-Arkansas,19-Iowa/05-Arkansas,3-Water,0,0,-

19-Iowa,06-California,19-Iowa/06-California,3-Water,0,0,-

19-Iowa,08-Colorado,19-Iowa/08-Colorado,3-Water,0,0,-

19-Iowa,09-Connecticut,19-Iowa/09-Connecticut,3-Water,0,0,-

19-Iowa,10-Delaware,19-Iowa/10-Delaware,3-Water,0,0,-

19-Iowa,11-Washington DC,19-Iowa/11-Washington DC,3-Water,0,0,-

19-Iowa,12-Florida,19-Iowa/12-Florida,3-Water,0,0,-

19-Iowa,13-Georgia,19-Iowa/13-Georgia,3-Water,0,0,-

19-Iowa,15-Hawaii,19-Iowa/15-Hawaii,3-Water,0,0,-

19-Iowa,16-Idaho,19-Iowa/16-Idaho,3-Water,0,0,-

19-Iowa,17-Illinois,19-Iowa/17-Illinois,3-Water,1.3128908,304.0402,231.5807225

19-Iowa,18-Indiana,19-Iowa/18-Indiana,3-Water,0,0,-

19-Iowa,19-Iowa,19-Iowa/19-Iowa,3-Water,0,0,-

19-Iowa,20-Kansas,19-Iowa/20-Kansas,3-Water,0,0,-

19-Iowa,21-Kentucky,19-Iowa/21-Kentucky,3-Water,0,0,-

19-Iowa,22-Louisiana,19-Iowa/22-Louisiana,3-Water,3.6125977,5235.4164,1449.211021

19-Iowa,23-Maine,19-Iowa/23-Maine,3-Water,0,0,-

19-Iowa,24-Maryland,19-Iowa/24-Maryland,3-Water,0,0,-

19-Iowa,25-Massachusetts,19-Iowa/25-Massachusetts,3-Water,0,0,-

19-Iowa,26-Michigan,19-Iowa/26-Michigan,3-Water,0,0,-

19-Iowa,27-Minnesota,19-Iowa/27-Minnesota,3-Water,0.0000309,0.0093,300.9708738

19-Iowa,28-Mississippi,19-Iowa/28-Mississippi,3-Water,0,0,-

19-Iowa,29-Missouri,19-Iowa/29-Missouri,3-Water,0.1643492,47.3024,287.8164299

19-Iowa,30-Montana,19-Iowa/30-Montana,3-Water,0,0,-

19-Iowa,31-Nebraska,19-Iowa/31-Nebraska,3-Water,0,0,-

19-Iowa,32-Nevada,19-Iowa/32-Nevada,3-Water,0,0,-

19-Iowa,33-New Hampshire,19-Iowa/33-New Hampshire,3-Water,0,0,-

19-Iowa,34-New Jersey,19-Iowa/34-New Jersey,3-Water,0,0,-

19-Iowa,35-New Mexico,19-Iowa/35-New Mexico,3-Water,0,0,-

19-Iowa,36-New York,19-Iowa/36-New York,3-Water,0,0,-

19-Iowa,37-North Carolina,19-Iowa/37-North Carolina,3-Water,0,0,-

19-Iowa,38-North Dakota,19-Iowa/38-North Dakota,3-Water,0,0,-

19-Iowa,39-Ohio,19-Iowa/39-Ohio,3-Water,0,0,-

19-Iowa,40-Oklahoma,19-Iowa/40-Oklahoma,3-Water,0,0,-

19-Iowa,41-Oregon,19-Iowa/41-Oregon,3-Water,0,0,-

19-Iowa,42-Pennsylvania,19-Iowa/42-Pennsylvania,3-Water,0,0,-

19-Iowa,44-Rhode Island,19-Iowa/44-Rhode Island,3-Water,0,0,-

19-Iowa,45-South Carolina,19-Iowa/45-South Carolina,3-Water,0,0,-

19-Iowa,46-South Dakota,19-Iowa/46-South Dakota,3-Water,0,0,-

19-Iowa,47-Tennessee,19-Iowa/47-Tennessee,3-Water,0,0,-

19-Iowa,48-Texas,19-Iowa/48-Texas,3-Water,0,0,-

19-Iowa,49-Utah,19-Iowa/49-Utah,3-Water,0,0,-

19-Iowa,50-Vermont,19-Iowa/50-Vermont,3-Water,0,0,-

19-Iowa,51-Virginia,19-Iowa/51-Virginia,3-Water,0,0,-

19-Iowa,53-Washington,19-Iowa/53-Washington,3-Water,0,0,-

19-Iowa,54-West Virginia,19-Iowa/54-West Virginia,3-Water,0,0,-

19-Iowa,55-Wisconsin,19-Iowa/55-Wisconsin,3-Water,0,0,-

19-Iowa,56-Wyoming,19-Iowa/56-Wyoming,3-Water,0,0,-

20-Kansas,01-Alabama,20-Kansas/01-Alabama,3-Water,0,0,-

20-Kansas,02-Alaska,20-Kansas/02-Alaska,3-Water,0,0,-

20-Kansas,04-Arizona,20-Kansas/04-Arizona,3-Water,0,0,-

20-Kansas,05-Arkansas,20-Kansas/05-Arkansas,3-Water,0,0,-

20-Kansas,06-California,20-Kansas/06-California,3-Water,0,0,-

20-Kansas,08-Colorado,20-Kansas/08-Colorado,3-Water,0,0,-

20-Kansas,09-Connecticut,20-Kansas/09-Connecticut,3-Water,0,0,-

20-Kansas,10-Delaware,20-Kansas/10-Delaware,3-Water,0,0,-

20-Kansas,11-Washington DC,20-Kansas/11-Washington DC,3-Water,0,0,-

20-Kansas,12-Florida,20-Kansas/12-Florida,3-Water,0,0,-

20-Kansas,13-Georgia,20-Kansas/13-Georgia,3-Water,0,0,-

20-Kansas,15-Hawaii,20-Kansas/15-Hawaii,3-Water,0,0,-

20-Kansas,16-Idaho,20-Kansas/16-Idaho,3-Water,0,0,-

20-Kansas,17-Illinois,20-Kansas/17-Illinois,3-Water,0.0199494,8.34,418.0576859

20-Kansas,18-Indiana,20-Kansas/18-Indiana,3-Water,0,0,-

20-Kansas,19-Iowa,20-Kansas/19-Iowa,3-Water,0,0,-

20-Kansas,20-Kansas,20-Kansas/20-Kansas,3-Water,0,0,-

20-Kansas,21-Kentucky,20-Kansas/21-Kentucky,3-Water,0,0,-

20-Kansas,22-Louisiana,20-Kansas/22-Louisiana,3-Water,0,0,-

20-Kansas,23-Maine,20-Kansas/23-Maine,3-Water,0,0,-

20-Kansas,24-Maryland,20-Kansas/24-Maryland,3-Water,0,0,-

20-Kansas,25-Massachusetts,20-Kansas/25-Massachusetts,3-Water,0,0,-

20-Kansas,26-Michigan,20-Kansas/26-Michigan,3-Water,0,0,-

20-Kansas,27-Minnesota,20-Kansas/27-Minnesota,3-Water,0,0,-

20-Kansas,28-Mississippi,20-Kansas/28-Mississippi,3-Water,0,0,-

20-Kansas,29-Missouri,20-Kansas/29-Missouri,3-Water,0,0,-

20-Kansas,30-Montana,20-Kansas/30-Montana,3-Water,0,0,-

20-Kansas,31-Nebraska,20-Kansas/31-Nebraska,3-Water,0,0,-

20-Kansas,32-Nevada,20-Kansas/32-Nevada,3-Water,0,0,-

20-Kansas,33-New Hampshire,20-Kansas/33-New Hampshire,3-Water,0,0,-

20-Kansas,34-New Jersey,20-Kansas/34-New Jersey,3-Water,0,0,-

20-Kansas,35-New Mexico,20-Kansas/35-New Mexico,3-Water,0,0,-

20-Kansas,36-New York,20-Kansas/36-New York,3-Water,0,0,-

20-Kansas,37-North Carolina,20-Kansas/37-North Carolina,3-Water,0,0,-

20-Kansas,38-North Dakota,20-Kansas/38-North Dakota,3-Water,0,0,-

20-Kansas,39-Ohio,20-Kansas/39-Ohio,3-Water,0,0,-

20-Kansas,40-Oklahoma,20-Kansas/40-Oklahoma,3-Water,0,0,-

20-Kansas,41-Oregon,20-Kansas/41-Oregon,3-Water,0,0,-

20-Kansas,42-Pennsylvania,20-Kansas/42-Pennsylvania,3-Water,0,0,-

20-Kansas,44-Rhode Island,20-Kansas/44-Rhode Island,3-Water,0,0,-

20-Kansas,45-South Carolina,20-Kansas/45-South Carolina,3-Water,0,0,-

20-Kansas,46-South Dakota,20-Kansas/46-South Dakota,3-Water,0,0,-

20-Kansas,47-Tennessee,20-Kansas/47-Tennessee,3-Water,0,0,-

20-Kansas,48-Texas,20-Kansas/48-Texas,3-Water,0,0,-

20-Kansas,49-Utah,20-Kansas/49-Utah,3-Water,0,0,-

20-Kansas,50-Vermont,20-Kansas/50-Vermont,3-Water,0,0,-

20-Kansas,51-Virginia,20-Kansas/51-Virginia,3-Water,0,0,-

20-Kansas,53-Washington,20-Kansas/53-Washington,3-Water,0,0,-

20-Kansas,54-West Virginia,20-Kansas/54-West Virginia,3-Water,0,0,-

20-Kansas,55-Wisconsin,20-Kansas/55-Wisconsin,3-Water,0,0,-

20-Kansas,56-Wyoming,20-Kansas/56-Wyoming,3-Water,0,0,-

21-Kentucky,01-Alabama,21-Kentucky/01-Alabama,3-Water,0.1350837,53.3042,394.6012731

21-Kentucky,02-Alaska,21-Kentucky/02-Alaska,3-Water,0,0,-

21-Kentucky,04-Arizona,21-Kentucky/04-Arizona,3-Water,0,0,-

21-Kentucky,05-Arkansas,21-Kentucky/05-Arkansas,3-Water,0.2770134,160.9478,581.0108825

21-Kentucky,06-California,21-Kentucky/06-California,3-Water,0,0,-

21-Kentucky,08-Colorado,21-Kentucky/08-Colorado,3-Water,0,0,-

21-Kentucky,09-Connecticut,21-Kentucky/09-Connecticut,3-Water,0.0886682,262.7811,2963.645366

21-Kentucky,10-Delaware,21-Kentucky/10-Delaware,3-Water,0,0,-

21-Kentucky,11-Washington DC,21-Kentucky/11-Washington DC,3-Water,0,0,-

21-Kentucky,12-Florida,21-Kentucky/12-Florida,3-Water,0,0,-

21-Kentucky,13-Georgia,21-Kentucky/13-Georgia,3-Water,0,0,-

21-Kentucky,15-Hawaii,21-Kentucky/15-Hawaii,3-Water,0,0,-

21-Kentucky,16-Idaho,21-Kentucky/16-Idaho,3-Water,0,0,-

21-Kentucky,17-Illinois,21-Kentucky/17-Illinois,3-Water,2.2392496,1885.1181,841.852601

21-Kentucky,18-Indiana,21-Kentucky/18-Indiana,3-Water,4.7707113,882.3654,184.9546838

21-Kentucky,19-Iowa,21-Kentucky/19-Iowa,3-Water,0,0,-

21-Kentucky,20-Kansas,21-Kentucky/20-Kansas,3-Water,0,0,-

21-Kentucky,21-Kentucky,21-Kentucky/21-Kentucky,3-Water,23.9474988,6537.2482,272.9825045

21-Kentucky,22-Louisiana,21-Kentucky/22-Louisiana,3-Water,12.8223955,13570.8326,1058.369522

21-Kentucky,23-Maine,21-Kentucky/23-Maine,3-Water,0,0,-

21-Kentucky,24-Maryland,21-Kentucky/24-Maryland,3-Water,0,0,-

21-Kentucky,25-Massachusetts,21-Kentucky/25-Massachusetts,3-Water,0,0,-

21-Kentucky,26-Michigan,21-Kentucky/26-Michigan,3-Water,0,0,-

21-Kentucky,27-Minnesota,21-Kentucky/27-Minnesota,3-Water,0,0,-

21-Kentucky,28-Mississippi,21-Kentucky/28-Mississippi,3-Water,2.9980019,1397.0476,465.9929001

21-Kentucky,29-Missouri,21-Kentucky/29-Missouri,3-Water,0,0,-

21-Kentucky,30-Montana,21-Kentucky/30-Montana,3-Water,0,0,-

21-Kentucky,31-Nebraska,21-Kentucky/31-Nebraska,3-Water,0,0,-

21-Kentucky,32-Nevada,21-Kentucky/32-Nevada,3-Water,0,0,-

21-Kentucky,33-New Hampshire,21-Kentucky/33-New Hampshire,3-Water,0,0,-

21-Kentucky,34-New Jersey,21-Kentucky/34-New Jersey,3-Water,0,0,-

21-Kentucky,35-New Mexico,21-Kentucky/35-New Mexico,3-Water,0,0,-

21-Kentucky,36-New York,21-Kentucky/36-New York,3-Water,0,0,-

21-Kentucky,37-North Carolina,21-Kentucky/37-North Carolina,3-Water,0,0,-

21-Kentucky,38-North Dakota,21-Kentucky/38-North Dakota,3-Water,0,0,-

21-Kentucky,39-Ohio,21-Kentucky/39-Ohio,3-Water,2.612752,1974.1463,755.5812033

21-Kentucky,40-Oklahoma,21-Kentucky/40-Oklahoma,3-Water,0.0235587,30.3174,1286.887647

21-Kentucky,41-Oregon,21-Kentucky/41-Oregon,3-Water,0,0,-

21-Kentucky,42-Pennsylvania,21-Kentucky/42-Pennsylvania,3-Water,0.3054884,143.4411,469.5467978

21-Kentucky,44-Rhode Island,21-Kentucky/44-Rhode Island,3-Water,0,0,-

21-Kentucky,45-South Carolina,21-Kentucky/45-South Carolina,3-Water,0,0,-

21-Kentucky,46-South Dakota,21-Kentucky/46-South Dakota,3-Water,0,0,-

21-Kentucky,47-Tennessee,21-Kentucky/47-Tennessee,3-Water,1.0894004,543.0599,498.4943093

21-Kentucky,48-Texas,21-Kentucky/48-Texas,3-Water,0.1653452,239.2853,1447.18625

21-Kentucky,49-Utah,21-Kentucky/49-Utah,3-Water,0,0,-

21-Kentucky,50-Vermont,21-Kentucky/50-Vermont,3-Water,0,0,-

21-Kentucky,51-Virginia,21-Kentucky/51-Virginia,3-Water,0,0,-

21-Kentucky,53-Washington,21-Kentucky/53-Washington,3-Water,0,0,-

21-Kentucky,54-West Virginia,21-Kentucky/54-West Virginia,3-Water,4.982215,2096.7695,420.8508665

21-Kentucky,55-Wisconsin,21-Kentucky/55-Wisconsin,3-Water,0,0,-

21-Kentucky,56-Wyoming,21-Kentucky/56-Wyoming,3-Water,0,0,-

22-Louisiana,01-Alabama,22-Louisiana/01-Alabama,3-Water,1.1448797,574.0144,501.3752973

22-Louisiana,02-Alaska,22-Louisiana/02-Alaska,3-Water,0,0,-

22-Louisiana,04-Arizona,22-Louisiana/04-Arizona,3-Water,0,0,-

22-Louisiana,05-Arkansas,22-Louisiana/05-Arkansas,3-Water,3.5699922,2295.4985,642.9981836

22-Louisiana,06-California,22-Louisiana/06-California,3-Water,0.008942,49.0262,5482.688437

22-Louisiana,08-Colorado,22-Louisiana/08-Colorado,3-Water,0,0,-

22-Louisiana,09-Connecticut,22-Louisiana/09-Connecticut,3-Water,2.5709097,5296.9941,2060.357896

22-Louisiana,10-Delaware,22-Louisiana/10-Delaware,3-Water,0.0130774,27.5148,2103.996207

22-Louisiana,11-Washington DC,22-Louisiana/11-Washington DC,3-Water,0,0,-

22-Louisiana,12-Florida,22-Louisiana/12-Florida,3-Water,10.6213644,7939.4572,747.4988053

22-Louisiana,13-Georgia,22-Louisiana/13-Georgia,3-Water,0.0007424,0.962,1295.797414

22-Louisiana,15-Hawaii,22-Louisiana/15-Hawaii,3-Water,0,0,-

22-Louisiana,16-Idaho,22-Louisiana/16-Idaho,3-Water,0,0,-

22-Louisiana,17-Illinois,22-Louisiana/17-Illinois,3-Water,50.0141117,58218.4833,1164.041134

22-Louisiana,18-Indiana,22-Louisiana/18-Indiana,3-Water,8.6923319,9210.9439,1059.663161

22-Louisiana,19-Iowa,22-Louisiana/19-Iowa,3-Water,3.6125977,5235.4164,1449.211021

22-Louisiana,20-Kansas,22-Louisiana/20-Kansas,3-Water,0,0,-

22-Louisiana,21-Kentucky,22-Louisiana/21-Kentucky,3-Water,12.8223955,13570.8326,1058.369522

22-Louisiana,22-Louisiana,22-Louisiana/22-Louisiana,3-Water,125.6842228,7168.2576,57.03386981

22-Louisiana,23-Maine,22-Louisiana/23-Maine,3-Water,0,0,-

22-Louisiana,24-Maryland,22-Louisiana/24-Maryland,3-Water,0,0,-

22-Louisiana,25-Massachusetts,22-Louisiana/25-Massachusetts,3-Water,0,0,-

22-Louisiana,26-Michigan,22-Louisiana/26-Michigan,3-Water,0,0,-

22-Louisiana,27-Minnesota,22-Louisiana/27-Minnesota,3-Water,4.560661,7749.6961,1699.248442

22-Louisiana,28-Mississippi,22-Louisiana/28-Mississippi,3-Water,5.0096798,1722.5771,343.8497407

22-Louisiana,29-Missouri,22-Louisiana/29-Missouri,3-Water,6.3680053,6578.7743,1033.098119

22-Louisiana,30-Montana,22-Louisiana/30-Montana,3-Water,0,0,-

22-Louisiana,31-Nebraska,22-Louisiana/31-Nebraska,3-Water,0,0,-

22-Louisiana,32-Nevada,22-Louisiana/32-Nevada,3-Water,0,0,-

22-Louisiana,33-New Hampshire,22-Louisiana/33-New Hampshire,3-Water,0,0,-

22-Louisiana,34-New Jersey,22-Louisiana/34-New Jersey,3-Water,0,0,-

22-Louisiana,35-New Mexico,22-Louisiana/35-New Mexico,3-Water,0,0,-

22-Louisiana,36-New York,22-Louisiana/36-New York,3-Water,0,0,-

22-Louisiana,37-North Carolina,22-Louisiana/37-North Carolina,3-Water,0,0,-

22-Louisiana,38-North Dakota,22-Louisiana/38-North Dakota,3-Water,0,0,-

22-Louisiana,39-Ohio,22-Louisiana/39-Ohio,3-Water,5.1894331,8443.5699,1627.069805

22-Louisiana,40-Oklahoma,22-Louisiana/40-Oklahoma,3-Water,4.0109648,3703.192,923.2671401

22-Louisiana,41-Oregon,22-Louisiana/41-Oregon,3-Water,0,0,-

22-Louisiana,42-Pennsylvania,22-Louisiana/42-Pennsylvania,3-Water,0.1133506,200.7151,1770.74581

22-Louisiana,44-Rhode Island,22-Louisiana/44-Rhode Island,3-Water,0,0,-

22-Louisiana,45-South Carolina,22-Louisiana/45-South Carolina,3-Water,0,0,-

22-Louisiana,46-South Dakota,22-Louisiana/46-South Dakota,3-Water,0,0,-

22-Louisiana,47-Tennessee,22-Louisiana/47-Tennessee,3-Water,8.8754713,6668.9756,751.3939682

22-Louisiana,48-Texas,22-Louisiana/48-Texas,3-Water,57.8770154,21725.6354,375.3758768

22-Louisiana,49-Utah,22-Louisiana/49-Utah,3-Water,0,0,-

22-Louisiana,50-Vermont,22-Louisiana/50-Vermont,3-Water,0,0,-

22-Louisiana,51-Virginia,22-Louisiana/51-Virginia,3-Water,0,0,-

22-Louisiana,53-Washington,22-Louisiana/53-Washington,3-Water,0,0,-

22-Louisiana,54-West Virginia,22-Louisiana/54-West Virginia,3-Water,0.2474738,391.9488,1583.799174

22-Louisiana,55-Wisconsin,22-Louisiana/55-Wisconsin,3-Water,0.1728247,257.2512,1488.509455

22-Louisiana,56-Wyoming,22-Louisiana/56-Wyoming,3-Water,0,0,-

23-Maine,01-Alabama,23-Maine/01-Alabama,3-Water,0,0,-

23-Maine,02-Alaska,23-Maine/02-Alaska,3-Water,0,0,-

23-Maine,04-Arizona,23-Maine/04-Arizona,3-Water,0,0,-

23-Maine,05-Arkansas,23-Maine/05-Arkansas,3-Water,0,0,-

23-Maine,06-California,23-Maine/06-California,3-Water,0,0,-

23-Maine,08-Colorado,23-Maine/08-Colorado,3-Water,0,0,-

23-Maine,09-Connecticut,23-Maine/09-Connecticut,3-Water,0,0,-

23-Maine,10-Delaware,23-Maine/10-Delaware,3-Water,0,0,-

23-Maine,11-Washington DC,23-Maine/11-Washington DC,3-Water,0,0,-

23-Maine,12-Florida,23-Maine/12-Florida,3-Water,0,0,-

23-Maine,13-Georgia,23-Maine/13-Georgia,3-Water,0,0,-

23-Maine,15-Hawaii,23-Maine/15-Hawaii,3-Water,0,0,-

23-Maine,16-Idaho,23-Maine/16-Idaho,3-Water,0,0,-

23-Maine,17-Illinois,23-Maine/17-Illinois,3-Water,0,0,-

23-Maine,18-Indiana,23-Maine/18-Indiana,3-Water,0,0,-

23-Maine,19-Iowa,23-Maine/19-Iowa,3-Water,0,0,-

23-Maine,20-Kansas,23-Maine/20-Kansas,3-Water,0,0,-

23-Maine,21-Kentucky,23-Maine/21-Kentucky,3-Water,0,0,-

23-Maine,22-Louisiana,23-Maine/22-Louisiana,3-Water,0,0,-

23-Maine,23-Maine,23-Maine/23-Maine,3-Water,0.0000002,0,0

23-Maine,24-Maryland,23-Maine/24-Maryland,3-Water,0,0,-

23-Maine,25-Massachusetts,23-Maine/25-Massachusetts,3-Water,0,0,-

23-Maine,26-Michigan,23-Maine/26-Michigan,3-Water,0,0,-

23-Maine,27-Minnesota,23-Maine/27-Minnesota,3-Water,0,0,-

23-Maine,28-Mississippi,23-Maine/28-Mississippi,3-Water,0,0,-

23-Maine,29-Missouri,23-Maine/29-Missouri,3-Water,0,0,-

23-Maine,30-Montana,23-Maine/30-Montana,3-Water,0,0,-

23-Maine,31-Nebraska,23-Maine/31-Nebraska,3-Water,0,0,-

23-Maine,32-Nevada,23-Maine/32-Nevada,3-Water,0,0,-

23-Maine,33-New Hampshire,23-Maine/33-New Hampshire,3-Water,0,0,-

23-Maine,34-New Jersey,23-Maine/34-New Jersey,3-Water,0,0,-

23-Maine,35-New Mexico,23-Maine/35-New Mexico,3-Water,0,0,-

23-Maine,36-New York,23-Maine/36-New York,3-Water,0,0,-

23-Maine,37-North Carolina,23-Maine/37-North Carolina,3-Water,0,0,-

23-Maine,38-North Dakota,23-Maine/38-North Dakota,3-Water,0,0,-

23-Maine,39-Ohio,23-Maine/39-Ohio,3-Water,0,0,-

23-Maine,40-Oklahoma,23-Maine/40-Oklahoma,3-Water,0,0,-

23-Maine,41-Oregon,23-Maine/41-Oregon,3-Water,0,0,-

23-Maine,42-Pennsylvania,23-Maine/42-Pennsylvania,3-Water,0,0,-

23-Maine,44-Rhode Island,23-Maine/44-Rhode Island,3-Water,0,0,-

23-Maine,45-South Carolina,23-Maine/45-South Carolina,3-Water,0,0,-

23-Maine,46-South Dakota,23-Maine/46-South Dakota,3-Water,0,0,-

23-Maine,47-Tennessee,23-Maine/47-Tennessee,3-Water,0,0,-

23-Maine,48-Texas,23-Maine/48-Texas,3-Water,0,0,-

23-Maine,49-Utah,23-Maine/49-Utah,3-Water,0,0,-

23-Maine,50-Vermont,23-Maine/50-Vermont,3-Water,0,0,-

23-Maine,51-Virginia,23-Maine/51-Virginia,3-Water,0,0,-

23-Maine,53-Washington,23-Maine/53-Washington,3-Water,0,0,-

23-Maine,54-West Virginia,23-Maine/54-West Virginia,3-Water,0,0,-

23-Maine,55-Wisconsin,23-Maine/55-Wisconsin,3-Water,0,0,-

23-Maine,56-Wyoming,23-Maine/56-Wyoming,3-Water,0,0,-

24-Maryland,01-Alabama,24-Maryland/01-Alabama,3-Water,0,0,-

24-Maryland,02-Alaska,24-Maryland/02-Alaska,3-Water,0,0,-

24-Maryland,04-Arizona,24-Maryland/04-Arizona,3-Water,0,0,-

24-Maryland,05-Arkansas,24-Maryland/05-Arkansas,3-Water,0,0,-

24-Maryland,06-California,24-Maryland/06-California,3-Water,0,0,-

24-Maryland,08-Colorado,24-Maryland/08-Colorado,3-Water,0,0,-

24-Maryland,09-Connecticut,24-Maryland/09-Connecticut,3-Water,0,0,-

24-Maryland,10-Delaware,24-Maryland/10-Delaware,3-Water,0.0924845,9.2657,100.1865177

24-Maryland,11-Washington DC,24-Maryland/11-Washington DC,3-Water,0,0,-

24-Maryland,12-Florida,24-Maryland/12-Florida,3-Water,0,0,-

24-Maryland,13-Georgia,24-Maryland/13-Georgia,3-Water,0,0,-

24-Maryland,15-Hawaii,24-Maryland/15-Hawaii,3-Water,0,0,-

24-Maryland,16-Idaho,24-Maryland/16-Idaho,3-Water,0,0,-

24-Maryland,17-Illinois,24-Maryland/17-Illinois,3-Water,0,0,-

24-Maryland,18-Indiana,24-Maryland/18-Indiana,3-Water,0,0,-

24-Maryland,19-Iowa,24-Maryland/19-Iowa,3-Water,0,0,-

24-Maryland,20-Kansas,24-Maryland/20-Kansas,3-Water,0,0,-

24-Maryland,21-Kentucky,24-Maryland/21-Kentucky,3-Water,0,0,-

24-Maryland,22-Louisiana,24-Maryland/22-Louisiana,3-Water,0,0,-

24-Maryland,23-Maine,24-Maryland/23-Maine,3-Water,0,0,-

24-Maryland,24-Maryland,24-Maryland/24-Maryland,3-Water,0,0,-

24-Maryland,25-Massachusetts,24-Maryland/25-Massachusetts,3-Water,0,0,-

24-Maryland,26-Michigan,24-Maryland/26-Michigan,3-Water,0,0,-

24-Maryland,27-Minnesota,24-Maryland/27-Minnesota,3-Water,0,0,-

24-Maryland,28-Mississippi,24-Maryland/28-Mississippi,3-Water,0,0,-

24-Maryland,29-Missouri,24-Maryland/29-Missouri,3-Water,0,0,-

24-Maryland,30-Montana,24-Maryland/30-Montana,3-Water,0,0,-

24-Maryland,31-Nebraska,24-Maryland/31-Nebraska,3-Water,0,0,-

24-Maryland,32-Nevada,24-Maryland/32-Nevada,3-Water,0,0,-

24-Maryland,33-New Hampshire,24-Maryland/33-New Hampshire,3-Water,0,0,-

24-Maryland,34-New Jersey,24-Maryland/34-New Jersey,3-Water,0,0,-

24-Maryland,35-New Mexico,24-Maryland/35-New Mexico,3-Water,0,0,-

24-Maryland,36-New York,24-Maryland/36-New York,3-Water,0,0,-

24-Maryland,37-North Carolina,24-Maryland/37-North Carolina,3-Water,0.2955947,120.5929,407.9670576

24-Maryland,38-North Dakota,24-Maryland/38-North Dakota,3-Water,0,0,-

24-Maryland,39-Ohio,24-Maryland/39-Ohio,3-Water,0,0,-

24-Maryland,40-Oklahoma,24-Maryland/40-Oklahoma,3-Water,0,0,-

24-Maryland,41-Oregon,24-Maryland/41-Oregon,3-Water,0,0,-

24-Maryland,42-Pennsylvania,24-Maryland/42-Pennsylvania,3-Water,0.0000015,0.0002,133.3333333

24-Maryland,44-Rhode Island,24-Maryland/44-Rhode Island,3-Water,0,0,-

24-Maryland,45-South Carolina,24-Maryland/45-South Carolina,3-Water,0,0,-

24-Maryland,46-South Dakota,24-Maryland/46-South Dakota,3-Water,0,0,-

24-Maryland,47-Tennessee,24-Maryland/47-Tennessee,3-Water,0,0,-

24-Maryland,48-Texas,24-Maryland/48-Texas,3-Water,0,0,-

24-Maryland,49-Utah,24-Maryland/49-Utah,3-Water,0,0,-

24-Maryland,50-Vermont,24-Maryland/50-Vermont,3-Water,0,0,-

24-Maryland,51-Virginia,24-Maryland/51-Virginia,3-Water,3.4082712,514.3225,150.904218

24-Maryland,53-Washington,24-Maryland/53-Washington,3-Water,0,0,-

24-Maryland,54-West Virginia,24-Maryland/54-West Virginia,3-Water,0,0,-

24-Maryland,55-Wisconsin,24-Maryland/55-Wisconsin,3-Water,0,0,-

24-Maryland,56-Wyoming,24-Maryland/56-Wyoming,3-Water,0,0,-

25-Massachusetts,01-Alabama,25-Massachusetts/01-Alabama,3-Water,0,0,-

25-Massachusetts,02-Alaska,25-Massachusetts/02-Alaska,3-Water,0,0,-

25-Massachusetts,04-Arizona,25-Massachusetts/04-Arizona,3-Water,0,0,-

25-Massachusetts,05-Arkansas,25-Massachusetts/05-Arkansas,3-Water,0,0,-

25-Massachusetts,06-California,25-Massachusetts/06-California,3-Water,0,0,-

25-Massachusetts,08-Colorado,25-Massachusetts/08-Colorado,3-Water,0,0,-

25-Massachusetts,09-Connecticut,25-Massachusetts/09-Connecticut,3-Water,0,0,-

25-Massachusetts,10-Delaware,25-Massachusetts/10-Delaware,3-Water,0.0557524,26.3986,473.4971051

25-Massachusetts,11-Washington DC,25-Massachusetts/11-Washington DC,3-Water,0,0,-

25-Massachusetts,12-Florida,25-Massachusetts/12-Florida,3-Water,0,0,-

25-Massachusetts,13-Georgia,25-Massachusetts/13-Georgia,3-Water,0,0,-

25-Massachusetts,15-Hawaii,25-Massachusetts/15-Hawaii,3-Water,0,0,-

25-Massachusetts,16-Idaho,25-Massachusetts/16-Idaho,3-Water,0,0,-

25-Massachusetts,17-Illinois,25-Massachusetts/17-Illinois,3-Water,0,0,-

25-Massachusetts,18-Indiana,25-Massachusetts/18-Indiana,3-Water,0,0,-

25-Massachusetts,19-Iowa,25-Massachusetts/19-Iowa,3-Water,0,0,-

25-Massachusetts,20-Kansas,25-Massachusetts/20-Kansas,3-Water,0,0,-

25-Massachusetts,21-Kentucky,25-Massachusetts/21-Kentucky,3-Water,0,0,-

25-Massachusetts,22-Louisiana,25-Massachusetts/22-Louisiana,3-Water,0,0,-

25-Massachusetts,23-Maine,25-Massachusetts/23-Maine,3-Water,0,0,-

25-Massachusetts,24-Maryland,25-Massachusetts/24-Maryland,3-Water,0,0,-

25-Massachusetts,25-Massachusetts,25-Massachusetts/25-Massachusetts,3-Water,0,0,-

25-Massachusetts,26-Michigan,25-Massachusetts/26-Michigan,3-Water,0,0,-

25-Massachusetts,27-Minnesota,25-Massachusetts/27-Minnesota,3-Water,0,0,-

25-Massachusetts,28-Mississippi,25-Massachusetts/28-Mississippi,3-Water,0,0,-

25-Massachusetts,29-Missouri,25-Massachusetts/29-Missouri,3-Water,0,0,-

25-Massachusetts,30-Montana,25-Massachusetts/30-Montana,3-Water,0,0,-

25-Massachusetts,31-Nebraska,25-Massachusetts/31-Nebraska,3-Water,0,0,-

25-Massachusetts,32-Nevada,25-Massachusetts/32-Nevada,3-Water,0,0,-

25-Massachusetts,33-New Hampshire,25-Massachusetts/33-New Hampshire,3-Water,0,0,-

25-Massachusetts,34-New Jersey,25-Massachusetts/34-New Jersey,3-Water,0,0,-

25-Massachusetts,35-New Mexico,25-Massachusetts/35-New Mexico,3-Water,0,0,-

25-Massachusetts,36-New York,25-Massachusetts/36-New York,3-Water,0,0,-

25-Massachusetts,37-North Carolina,25-Massachusetts/37-North Carolina,3-Water,0,0,-

25-Massachusetts,38-North Dakota,25-Massachusetts/38-North Dakota,3-Water,0,0,-

25-Massachusetts,39-Ohio,25-Massachusetts/39-Ohio,3-Water,0,0,-

25-Massachusetts,40-Oklahoma,25-Massachusetts/40-Oklahoma,3-Water,0,0,-

25-Massachusetts,41-Oregon,25-Massachusetts/41-Oregon,3-Water,0,0,-

25-Massachusetts,42-Pennsylvania,25-Massachusetts/42-Pennsylvania,3-Water,0,0,-

25-Massachusetts,44-Rhode Island,25-Massachusetts/44-Rhode Island,3-Water,0,0,-

25-Massachusetts,45-South Carolina,25-Massachusetts/45-South Carolina,3-Water,0,0,-

25-Massachusetts,46-South Dakota,25-Massachusetts/46-South Dakota,3-Water,0,0,-

25-Massachusetts,47-Tennessee,25-Massachusetts/47-Tennessee,3-Water,0,0,-

25-Massachusetts,48-Texas,25-Massachusetts/48-Texas,3-Water,0,0,-

25-Massachusetts,49-Utah,25-Massachusetts/49-Utah,3-Water,0,0,-

25-Massachusetts,50-Vermont,25-Massachusetts/50-Vermont,3-Water,0,0,-

25-Massachusetts,51-Virginia,25-Massachusetts/51-Virginia,3-Water,0,0,-

25-Massachusetts,53-Washington,25-Massachusetts/53-Washington,3-Water,0,0,-

25-Massachusetts,54-West Virginia,25-Massachusetts/54-West Virginia,3-Water,0,0,-

25-Massachusetts,55-Wisconsin,25-Massachusetts/55-Wisconsin,3-Water,0,0,-

25-Massachusetts,56-Wyoming,25-Massachusetts/56-Wyoming,3-Water,0,0,-

26-Michigan,01-Alabama,26-Michigan/01-Alabama,3-Water,0,0,-

26-Michigan,02-Alaska,26-Michigan/02-Alaska,3-Water,0,0,-

26-Michigan,04-Arizona,26-Michigan/04-Arizona,3-Water,0,0,-

26-Michigan,05-Arkansas,26-Michigan/05-Arkansas,3-Water,0,0,-

26-Michigan,06-California,26-Michigan/06-California,3-Water,0,0,-

26-Michigan,08-Colorado,26-Michigan/08-Colorado,3-Water,0,0,-

26-Michigan,09-Connecticut,26-Michigan/09-Connecticut,3-Water,0,0,-

26-Michigan,10-Delaware,26-Michigan/10-Delaware,3-Water,0,0,-

26-Michigan,11-Washington DC,26-Michigan/11-Washington DC,3-Water,0,0,-

26-Michigan,12-Florida,26-Michigan/12-Florida,3-Water,0,0,-

26-Michigan,13-Georgia,26-Michigan/13-Georgia,3-Water,0,0,-

26-Michigan,15-Hawaii,26-Michigan/15-Hawaii,3-Water,0,0,-

26-Michigan,16-Idaho,26-Michigan/16-Idaho,3-Water,0,0,-

26-Michigan,17-Illinois,26-Michigan/17-Illinois,3-Water,0.3597081,66.6284,185.2290788

26-Michigan,18-Indiana,26-Michigan/18-Indiana,3-Water,7.4018226,1828.7658,247.0696609

26-Michigan,19-Iowa,26-Michigan/19-Iowa,3-Water,0,0,-

26-Michigan,20-Kansas,26-Michigan/20-Kansas,3-Water,0,0,-

26-Michigan,21-Kentucky,26-Michigan/21-Kentucky,3-Water,0,0,-

26-Michigan,22-Louisiana,26-Michigan/22-Louisiana,3-Water,0,0,-

26-Michigan,23-Maine,26-Michigan/23-Maine,3-Water,0,0,-

26-Michigan,24-Maryland,26-Michigan/24-Maryland,3-Water,0,0,-

26-Michigan,25-Massachusetts,26-Michigan/25-Massachusetts,3-Water,0,0,-

26-Michigan,26-Michigan,26-Michigan/26-Michigan,3-Water,35.3563694,9010.0242,254.8345419

26-Michigan,27-Minnesota,26-Michigan/27-Minnesota,3-Water,2.6329459,657.6731,249.7860286

26-Michigan,28-Mississippi,26-Michigan/28-Mississippi,3-Water,0,0,-

26-Michigan,29-Missouri,26-Michigan/29-Missouri,3-Water,0,0,-

26-Michigan,30-Montana,26-Michigan/30-Montana,3-Water,0,0,-

26-Michigan,31-Nebraska,26-Michigan/31-Nebraska,3-Water,0,0,-

26-Michigan,32-Nevada,26-Michigan/32-Nevada,3-Water,0,0,-

26-Michigan,33-New Hampshire,26-Michigan/33-New Hampshire,3-Water,0,0,-

26-Michigan,34-New Jersey,26-Michigan/34-New Jersey,3-Water,0,0,-

26-Michigan,35-New Mexico,26-Michigan/35-New Mexico,3-Water,0,0,-

26-Michigan,36-New York,26-Michigan/36-New York,3-Water,0,0,-

26-Michigan,37-North Carolina,26-Michigan/37-North Carolina,3-Water,0,0,-

26-Michigan,38-North Dakota,26-Michigan/38-North Dakota,3-Water,0,0,-

26-Michigan,39-Ohio,26-Michigan/39-Ohio,3-Water,7.0924435,2929.7266,413.0771856

26-Michigan,40-Oklahoma,26-Michigan/40-Oklahoma,3-Water,0,0,-

26-Michigan,41-Oregon,26-Michigan/41-Oregon,3-Water,0,0,-

26-Michigan,42-Pennsylvania,26-Michigan/42-Pennsylvania,3-Water,0.3347647,553.3127,1652.840637

26-Michigan,44-Rhode Island,26-Michigan/44-Rhode Island,3-Water,0,0,-

26-Michigan,45-South Carolina,26-Michigan/45-South Carolina,3-Water,0,0,-

26-Michigan,46-South Dakota,26-Michigan/46-South Dakota,3-Water,0,0,-

26-Michigan,47-Tennessee,26-Michigan/47-Tennessee,3-Water,0,0,-

26-Michigan,48-Texas,26-Michigan/48-Texas,3-Water,0,0,-

26-Michigan,49-Utah,26-Michigan/49-Utah,3-Water,0,0,-

26-Michigan,50-Vermont,26-Michigan/50-Vermont,3-Water,0,0,-

26-Michigan,51-Virginia,26-Michigan/51-Virginia,3-Water,0,0,-

26-Michigan,53-Washington,26-Michigan/53-Washington,3-Water,0,0,-

26-Michigan,54-West Virginia,26-Michigan/54-West Virginia,3-Water,0,0,-

26-Michigan,55-Wisconsin,26-Michigan/55-Wisconsin,3-Water,2.8637599,899.93,314.2477133

26-Michigan,56-Wyoming,26-Michigan/56-Wyoming,3-Water,0,0,-

27-Minnesota,01-Alabama,27-Minnesota/01-Alabama,3-Water,0,0,-

27-Minnesota,02-Alaska,27-Minnesota/02-Alaska,3-Water,0,0,-

27-Minnesota,04-Arizona,27-Minnesota/04-Arizona,3-Water,0,0,-

27-Minnesota,05-Arkansas,27-Minnesota/05-Arkansas,3-Water,0,0,-

27-Minnesota,06-California,27-Minnesota/06-California,3-Water,0,0,-

27-Minnesota,08-Colorado,27-Minnesota/08-Colorado,3-Water,0,0,-

27-Minnesota,09-Connecticut,27-Minnesota/09-Connecticut,3-Water,0,0,-

27-Minnesota,10-Delaware,27-Minnesota/10-Delaware,3-Water,0,0,-

27-Minnesota,11-Washington DC,27-Minnesota/11-Washington DC,3-Water,0,0,-

27-Minnesota,12-Florida,27-Minnesota/12-Florida,3-Water,0,0,-

27-Minnesota,13-Georgia,27-Minnesota/13-Georgia,3-Water,0,0,-

27-Minnesota,15-Hawaii,27-Minnesota/15-Hawaii,3-Water,0,0,-

27-Minnesota,16-Idaho,27-Minnesota/16-Idaho,3-Water,0,0,-

27-Minnesota,17-Illinois,27-Minnesota/17-Illinois,3-Water,0.4425432,409.2797,924.8355867

27-Minnesota,18-Indiana,27-Minnesota/18-Indiana,3-Water,1.0187198,826.5156,811.3277076

27-Minnesota,19-Iowa,27-Minnesota/19-Iowa,3-Water,0.0000309,0.0093,300.9708738

27-Minnesota,20-Kansas,27-Minnesota/20-Kansas,3-Water,0,0,-

27-Minnesota,21-Kentucky,27-Minnesota/21-Kentucky,3-Water,0,0,-

27-Minnesota,22-Louisiana,27-Minnesota/22-Louisiana,3-Water,4.560661,7749.6961,1699.248442

27-Minnesota,23-Maine,27-Minnesota/23-Maine,3-Water,0,0,-

27-Minnesota,24-Maryland,27-Minnesota/24-Maryland,3-Water,0,0,-

27-Minnesota,25-Massachusetts,27-Minnesota/25-Massachusetts,3-Water,0,0,-

27-Minnesota,26-Michigan,27-Minnesota/26-Michigan,3-Water,2.6329459,657.6731,249.7860286

27-Minnesota,27-Minnesota,27-Minnesota/27-Minnesota,3-Water,10.8473268,368.4136,33.96353837

27-Minnesota,28-Mississippi,27-Minnesota/28-Mississippi,3-Water,0,0,-

27-Minnesota,29-Missouri,27-Minnesota/29-Missouri,3-Water,0.024529,15.3043,623.9267805

27-Minnesota,30-Montana,27-Minnesota/30-Montana,3-Water,0,0,-

27-Minnesota,31-Nebraska,27-Minnesota/31-Nebraska,3-Water,0,0,-

27-Minnesota,32-Nevada,27-Minnesota/32-Nevada,3-Water,0,0,-

27-Minnesota,33-New Hampshire,27-Minnesota/33-New Hampshire,3-Water,0,0,-

27-Minnesota,34-New Jersey,27-Minnesota/34-New Jersey,3-Water,0,0,-

27-Minnesota,35-New Mexico,27-Minnesota/35-New Mexico,3-Water,0,0,-

27-Minnesota,36-New York,27-Minnesota/36-New York,3-Water,0,0,-

27-Minnesota,37-North Carolina,27-Minnesota/37-North Carolina,3-Water,0,0,-

27-Minnesota,38-North Dakota,27-Minnesota/38-North Dakota,3-Water,0,0,-

27-Minnesota,39-Ohio,27-Minnesota/39-Ohio,3-Water,3.7195421,3087.9987,830.2093691

27-Minnesota,40-Oklahoma,27-Minnesota/40-Oklahoma,3-Water,0,0,-

27-Minnesota,41-Oregon,27-Minnesota/41-Oregon,3-Water,0,0,-

27-Minnesota,42-Pennsylvania,27-Minnesota/42-Pennsylvania,3-Water,0,0,-

27-Minnesota,44-Rhode Island,27-Minnesota/44-Rhode Island,3-Water,0,0,-

27-Minnesota,45-South Carolina,27-Minnesota/45-South Carolina,3-Water,0,0,-

27-Minnesota,46-South Dakota,27-Minnesota/46-South Dakota,3-Water,0,0,-

27-Minnesota,47-Tennessee,27-Minnesota/47-Tennessee,3-Water,0,0,-

27-Minnesota,48-Texas,27-Minnesota/48-Texas,3-Water,0,0,-

27-Minnesota,49-Utah,27-Minnesota/49-Utah,3-Water,0,0,-

27-Minnesota,50-Vermont,27-Minnesota/50-Vermont,3-Water,0,0,-

27-Minnesota,51-Virginia,27-Minnesota/51-Virginia,3-Water,0,0,-

27-Minnesota,53-Washington,27-Minnesota/53-Washington,3-Water,0,0,-

27-Minnesota,54-West Virginia,27-Minnesota/54-West Virginia,3-Water,0,0,-

27-Minnesota,55-Wisconsin,27-Minnesota/55-Wisconsin,3-Water,0,0,-

27-Minnesota,56-Wyoming,27-Minnesota/56-Wyoming,3-Water,0,0,-

28-Mississippi,01-Alabama,28-Mississippi/01-Alabama,3-Water,0.7868785,149.5904,190.1060964

28-Mississippi,02-Alaska,28-Mississippi/02-Alaska,3-Water,0,0,-

28-Mississippi,04-Arizona,28-Mississippi/04-Arizona,3-Water,0,0,-

28-Mississippi,05-Arkansas,28-Mississippi/05-Arkansas,3-Water,0.1933713,40.8911,211.4641625

28-Mississippi,06-California,28-Mississippi/06-California,3-Water,0.0006454,3.6627,5675.085218

28-Mississippi,08-Colorado,28-Mississippi/08-Colorado,3-Water,0,0,-

28-Mississippi,09-Connecticut,28-Mississippi/09-Connecticut,3-Water,0,0,-

28-Mississippi,10-Delaware,28-Mississippi/10-Delaware,3-Water,0,0,-

28-Mississippi,11-Washington DC,28-Mississippi/11-Washington DC,3-Water,0,0,-

28-Mississippi,12-Florida,28-Mississippi/12-Florida,3-Water,5.9928472,5698.4735,950.8791581

28-Mississippi,13-Georgia,28-Mississippi/13-Georgia,3-Water,0,0,-

28-Mississippi,15-Hawaii,28-Mississippi/15-Hawaii,3-Water,0,0,-

28-Mississippi,16-Idaho,28-Mississippi/16-Idaho,3-Water,0,0,-

28-Mississippi,17-Illinois,28-Mississippi/17-Illinois,3-Water,0.230155,136.4737,592.9643067

28-Mississippi,18-Indiana,28-Mississippi/18-Indiana,3-Water,0,0,-

28-Mississippi,19-Iowa,28-Mississippi/19-Iowa,3-Water,0,0,-

28-Mississippi,20-Kansas,28-Mississippi/20-Kansas,3-Water,0,0,-

28-Mississippi,21-Kentucky,28-Mississippi/21-Kentucky,3-Water,2.9980019,1397.0476,465.9929001

28-Mississippi,22-Louisiana,28-Mississippi/22-Louisiana,3-Water,5.0096798,1722.5771,343.8497407

28-Mississippi,23-Maine,28-Mississippi/23-Maine,3-Water,0,0,-

28-Mississippi,24-Maryland,28-Mississippi/24-Maryland,3-Water,0,0,-

28-Mississippi,25-Massachusetts,28-Mississippi/25-Massachusetts,3-Water,0,0,-

28-Mississippi,26-Michigan,28-Mississippi/26-Michigan,3-Water,0,0,-

28-Mississippi,27-Minnesota,28-Mississippi/27-Minnesota,3-Water,0,0,-

28-Mississippi,28-Mississippi,28-Mississippi/28-Mississippi,3-Water,1.2276884,284.1424,231.4450475

28-Mississippi,29-Missouri,28-Mississippi/29-Missouri,3-Water,0.0149652,6.0679,405.4673509

28-Mississippi,30-Montana,28-Mississippi/30-Montana,3-Water,0,0,-

28-Mississippi,31-Nebraska,28-Mississippi/31-Nebraska,3-Water,0,0,-

28-Mississippi,32-Nevada,28-Mississippi/32-Nevada,3-Water,0,0,-

28-Mississippi,33-New Hampshire,28-Mississippi/33-New Hampshire,3-Water,0,0,-

28-Mississippi,34-New Jersey,28-Mississippi/34-New Jersey,3-Water,0,0,-

28-Mississippi,35-New Mexico,28-Mississippi/35-New Mexico,3-Water,0,0,-

28-Mississippi,36-New York,28-Mississippi/36-New York,3-Water,0,0,-

28-Mississippi,37-North Carolina,28-Mississippi/37-North Carolina,3-Water,0,0,-

28-Mississippi,38-North Dakota,28-Mississippi/38-North Dakota,3-Water,0,0,-

28-Mississippi,39-Ohio,28-Mississippi/39-Ohio,3-Water,0,0,-

28-Mississippi,40-Oklahoma,28-Mississippi/40-Oklahoma,3-Water,0.001832,1.4616,797.8165939

28-Mississippi,41-Oregon,28-Mississippi/41-Oregon,3-Water,0,0,-

28-Mississippi,42-Pennsylvania,28-Mississippi/42-Pennsylvania,3-Water,0,0,-

28-Mississippi,44-Rhode Island,28-Mississippi/44-Rhode Island,3-Water,0,0,-

28-Mississippi,45-South Carolina,28-Mississippi/45-South Carolina,3-Water,0,0,-

28-Mississippi,46-South Dakota,28-Mississippi/46-South Dakota,3-Water,0,0,-

28-Mississippi,47-Tennessee,28-Mississippi/47-Tennessee,3-Water,0,0,-

28-Mississippi,48-Texas,28-Mississippi/48-Texas,3-Water,2.0428296,1191.2128,583.1190228

28-Mississippi,49-Utah,28-Mississippi/49-Utah,3-Water,0,0,-

28-Mississippi,50-Vermont,28-Mississippi/50-Vermont,3-Water,0,0,-

28-Mississippi,51-Virginia,28-Mississippi/51-Virginia,3-Water,0,0,-

28-Mississippi,53-Washington,28-Mississippi/53-Washington,3-Water,0,0,-

28-Mississippi,54-West Virginia,28-Mississippi/54-West Virginia,3-Water,0,0,-

28-Mississippi,55-Wisconsin,28-Mississippi/55-Wisconsin,3-Water,0,0,-

28-Mississippi,56-Wyoming,28-Mississippi/56-Wyoming,3-Water,0,0,-

29-Missouri,01-Alabama,29-Missouri/01-Alabama,3-Water,0,0,-

29-Missouri,02-Alaska,29-Missouri/02-Alaska,3-Water,0,0,-

29-Missouri,04-Arizona,29-Missouri/04-Arizona,3-Water,0,0,-

29-Missouri,05-Arkansas,29-Missouri/05-Arkansas,3-Water,0.4626397,276.4845,597.6238096

29-Missouri,06-California,29-Missouri/06-California,3-Water,0,0,-

29-Missouri,08-Colorado,29-Missouri/08-Colorado,3-Water,0,0,-

29-Missouri,09-Connecticut,29-Missouri/09-Connecticut,3-Water,0,0,-

29-Missouri,10-Delaware,29-Missouri/10-Delaware,3-Water,0,0,-

29-Missouri,11-Washington DC,29-Missouri/11-Washington DC,3-Water,0,0,-

29-Missouri,12-Florida,29-Missouri/12-Florida,3-Water,0,0,-

29-Missouri,13-Georgia,29-Missouri/13-Georgia,3-Water,0,0,-

29-Missouri,15-Hawaii,29-Missouri/15-Hawaii,3-Water,0,0,-

29-Missouri,16-Idaho,29-Missouri/16-Idaho,3-Water,0,0,-

29-Missouri,17-Illinois,29-Missouri/17-Illinois,3-Water,3.8076585,518.4809,136.16791

29-Missouri,18-Indiana,29-Missouri/18-Indiana,3-Water,0,0,-

29-Missouri,19-Iowa,29-Missouri/19-Iowa,3-Water,0.1643492,47.3024,287.8164299

29-Missouri,20-Kansas,29-Missouri/20-Kansas,3-Water,0,0,-

29-Missouri,21-Kentucky,29-Missouri/21-Kentucky,3-Water,0,0,-

29-Missouri,22-Louisiana,29-Missouri/22-Louisiana,3-Water,6.3680053,6578.7743,1033.098119

29-Missouri,23-Maine,29-Missouri/23-Maine,3-Water,0,0,-

29-Missouri,24-Maryland,29-Missouri/24-Maryland,3-Water,0,0,-

29-Missouri,25-Massachusetts,29-Missouri/25-Massachusetts,3-Water,0,0,-

29-Missouri,26-Michigan,29-Missouri/26-Michigan,3-Water,0,0,-

29-Missouri,27-Minnesota,29-Missouri/27-Minnesota,3-Water,0.024529,15.3043,623.9267805

29-Missouri,28-Mississippi,29-Missouri/28-Mississippi,3-Water,0.0149652,6.0679,405.4673509

29-Missouri,29-Missouri,29-Missouri/29-Missouri,3-Water,2.5757476,402.4236,156.2356498

29-Missouri,30-Montana,29-Missouri/30-Montana,3-Water,0,0,-

29-Missouri,31-Nebraska,29-Missouri/31-Nebraska,3-Water,0,0,-

29-Missouri,32-Nevada,29-Missouri/32-Nevada,3-Water,0,0,-

29-Missouri,33-New Hampshire,29-Missouri/33-New Hampshire,3-Water,0,0,-

29-Missouri,34-New Jersey,29-Missouri/34-New Jersey,3-Water,0,0,-

29-Missouri,35-New Mexico,29-Missouri/35-New Mexico,3-Water,0,0,-

29-Missouri,36-New York,29-Missouri/36-New York,3-Water,0,0,-

29-Missouri,37-North Carolina,29-Missouri/37-North Carolina,3-Water,0,0,-

29-Missouri,38-North Dakota,29-Missouri/38-North Dakota,3-Water,0,0,-

29-Missouri,39-Ohio,29-Missouri/39-Ohio,3-Water,1.0485199,957.176,912.8830078

29-Missouri,40-Oklahoma,29-Missouri/40-Oklahoma,3-Water,0,0,-

29-Missouri,41-Oregon,29-Missouri/41-Oregon,3-Water,0,0,-

29-Missouri,42-Pennsylvania,29-Missouri/42-Pennsylvania,3-Water,0.0050251,5.9102,1176.135798

29-Missouri,44-Rhode Island,29-Missouri/44-Rhode Island,3-Water,0,0,-

29-Missouri,45-South Carolina,29-Missouri/45-South Carolina,3-Water,0,0,-

29-Missouri,46-South Dakota,29-Missouri/46-South Dakota,3-Water,0,0,-

29-Missouri,47-Tennessee,29-Missouri/47-Tennessee,3-Water,0.2284858,88.6633,388.0473097

29-Missouri,48-Texas,29-Missouri/48-Texas,3-Water,0.6828917,832.6934,1219.363773

29-Missouri,49-Utah,29-Missouri/49-Utah,3-Water,0,0,-

29-Missouri,50-Vermont,29-Missouri/50-Vermont,3-Water,0,0,-

29-Missouri,51-Virginia,29-Missouri/51-Virginia,3-Water,0,0,-

29-Missouri,53-Washington,29-Missouri/53-Washington,3-Water,0,0,-

29-Missouri,54-West Virginia,29-Missouri/54-West Virginia,3-Water,0,0,-

29-Missouri,55-Wisconsin,29-Missouri/55-Wisconsin,3-Water,0.1020996,56.8514,556.8229454

29-Missouri,56-Wyoming,29-Missouri/56-Wyoming,3-Water,0,0,-

30-Montana,01-Alabama,30-Montana/01-Alabama,3-Water,0,0,-

30-Montana,02-Alaska,30-Montana/02-Alaska,3-Water,0,0,-

30-Montana,04-Arizona,30-Montana/04-Arizona,3-Water,0,0,-

30-Montana,05-Arkansas,30-Montana/05-Arkansas,3-Water,0,0,-

30-Montana,06-California,30-Montana/06-California,3-Water,0,0,-

30-Montana,08-Colorado,30-Montana/08-Colorado,3-Water,0,0,-

30-Montana,09-Connecticut,30-Montana/09-Connecticut,3-Water,0,0,-

30-Montana,10-Delaware,30-Montana/10-Delaware,3-Water,0,0,-

30-Montana,11-Washington DC,30-Montana/11-Washington DC,3-Water,0,0,-

30-Montana,12-Florida,30-Montana/12-Florida,3-Water,0,0,-

30-Montana,13-Georgia,30-Montana/13-Georgia,3-Water,0,0,-

30-Montana,15-Hawaii,30-Montana/15-Hawaii,3-Water,0,0,-

30-Montana,16-Idaho,30-Montana/16-Idaho,3-Water,0,0,-

30-Montana,17-Illinois,30-Montana/17-Illinois,3-Water,0,0,-

30-Montana,18-Indiana,30-Montana/18-Indiana,3-Water,0,0,-

30-Montana,19-Iowa,30-Montana/19-Iowa,3-Water,0,0,-

30-Montana,20-Kansas,30-Montana/20-Kansas,3-Water,0,0,-

30-Montana,21-Kentucky,30-Montana/21-Kentucky,3-Water,0,0,-

30-Montana,22-Louisiana,30-Montana/22-Louisiana,3-Water,0,0,-

30-Montana,23-Maine,30-Montana/23-Maine,3-Water,0,0,-

30-Montana,24-Maryland,30-Montana/24-Maryland,3-Water,0,0,-

30-Montana,25-Massachusetts,30-Montana/25-Massachusetts,3-Water,0,0,-

30-Montana,26-Michigan,30-Montana/26-Michigan,3-Water,0,0,-

30-Montana,27-Minnesota,30-Montana/27-Minnesota,3-Water,0,0,-

30-Montana,28-Mississippi,30-Montana/28-Mississippi,3-Water,0,0,-

30-Montana,29-Missouri,30-Montana/29-Missouri,3-Water,0,0,-

30-Montana,30-Montana,30-Montana/30-Montana,3-Water,0,0,-

30-Montana,31-Nebraska,30-Montana/31-Nebraska,3-Water,0,0,-

30-Montana,32-Nevada,30-Montana/32-Nevada,3-Water,0,0,-

30-Montana,33-New Hampshire,30-Montana/33-New Hampshire,3-Water,0,0,-

30-Montana,34-New Jersey,30-Montana/34-New Jersey,3-Water,0,0,-

30-Montana,35-New Mexico,30-Montana/35-New Mexico,3-Water,0,0,-

30-Montana,36-New York,30-Montana/36-New York,3-Water,0,0,-

30-Montana,37-North Carolina,30-Montana/37-North Carolina,3-Water,0,0,-

30-Montana,38-North Dakota,30-Montana/38-North Dakota,3-Water,0,0,-

30-Montana,39-Ohio,30-Montana/39-Ohio,3-Water,0,0,-

30-Montana,40-Oklahoma,30-Montana/40-Oklahoma,3-Water,0,0,-

30-Montana,41-Oregon,30-Montana/41-Oregon,3-Water,0,0,-

30-Montana,42-Pennsylvania,30-Montana/42-Pennsylvania,3-Water,0,0,-

30-Montana,44-Rhode Island,30-Montana/44-Rhode Island,3-Water,0,0,-

30-Montana,45-South Carolina,30-Montana/45-South Carolina,3-Water,0,0,-

30-Montana,46-South Dakota,30-Montana/46-South Dakota,3-Water,0,0,-

30-Montana,47-Tennessee,30-Montana/47-Tennessee,3-Water,0,0,-

30-Montana,48-Texas,30-Montana/48-Texas,3-Water,0,0,-

30-Montana,49-Utah,30-Montana/49-Utah,3-Water,0,0,-

30-Montana,50-Vermont,30-Montana/50-Vermont,3-Water,0,0,-

30-Montana,51-Virginia,30-Montana/51-Virginia,3-Water,0,0,-

30-Montana,53-Washington,30-Montana/53-Washington,3-Water,0,0,-

30-Montana,54-West Virginia,30-Montana/54-West Virginia,3-Water,0,0,-

30-Montana,55-Wisconsin,30-Montana/55-Wisconsin,3-Water,0,0,-

30-Montana,56-Wyoming,30-Montana/56-Wyoming,3-Water,0,0,-

31-Nebraska,01-Alabama,31-Nebraska/01-Alabama,3-Water,0,0,-

31-Nebraska,02-Alaska,31-Nebraska/02-Alaska,3-Water,0,0,-

31-Nebraska,04-Arizona,31-Nebraska/04-Arizona,3-Water,0,0,-

31-Nebraska,05-Arkansas,31-Nebraska/05-Arkansas,3-Water,0.0265807,28.2492,1062.771108

31-Nebraska,06-California,31-Nebraska/06-California,3-Water,0,0,-

31-Nebraska,08-Colorado,31-Nebraska/08-Colorado,3-Water,0,0,-

31-Nebraska,09-Connecticut,31-Nebraska/09-Connecticut,3-Water,0,0,-

31-Nebraska,10-Delaware,31-Nebraska/10-Delaware,3-Water,0,0,-

31-Nebraska,11-Washington DC,31-Nebraska/11-Washington DC,3-Water,0,0,-

31-Nebraska,12-Florida,31-Nebraska/12-Florida,3-Water,0,0,-

31-Nebraska,13-Georgia,31-Nebraska/13-Georgia,3-Water,0,0,-

31-Nebraska,15-Hawaii,31-Nebraska/15-Hawaii,3-Water,0,0,-

31-Nebraska,16-Idaho,31-Nebraska/16-Idaho,3-Water,0,0,-

31-Nebraska,17-Illinois,31-Nebraska/17-Illinois,3-Water,0,0,-

31-Nebraska,18-Indiana,31-Nebraska/18-Indiana,3-Water,0,0,-

31-Nebraska,19-Iowa,31-Nebraska/19-Iowa,3-Water,0,0,-

31-Nebraska,20-Kansas,31-Nebraska/20-Kansas,3-Water,0,0,-

31-Nebraska,21-Kentucky,31-Nebraska/21-Kentucky,3-Water,0,0,-

31-Nebraska,22-Louisiana,31-Nebraska/22-Louisiana,3-Water,0,0,-

31-Nebraska,23-Maine,31-Nebraska/23-Maine,3-Water,0,0,-

31-Nebraska,24-Maryland,31-Nebraska/24-Maryland,3-Water,0,0,-

31-Nebraska,25-Massachusetts,31-Nebraska/25-Massachusetts,3-Water,0,0,-

31-Nebraska,26-Michigan,31-Nebraska/26-Michigan,3-Water,0,0,-

31-Nebraska,27-Minnesota,31-Nebraska/27-Minnesota,3-Water,0,0,-

31-Nebraska,28-Mississippi,31-Nebraska/28-Mississippi,3-Water,0,0,-

31-Nebraska,29-Missouri,31-Nebraska/29-Missouri,3-Water,0,0,-

31-Nebraska,30-Montana,31-Nebraska/30-Montana,3-Water,0,0,-

31-Nebraska,31-Nebraska,31-Nebraska/31-Nebraska,3-Water,0,0,-

31-Nebraska,32-Nevada,31-Nebraska/32-Nevada,3-Water,0,0,-

31-Nebraska,33-New Hampshire,31-Nebraska/33-New Hampshire,3-Water,0,0,-

31-Nebraska,34-New Jersey,31-Nebraska/34-New Jersey,3-Water,0,0,-

31-Nebraska,35-New Mexico,31-Nebraska/35-New Mexico,3-Water,0,0,-

31-Nebraska,36-New York,31-Nebraska/36-New York,3-Water,0,0,-

31-Nebraska,37-North Carolina,31-Nebraska/37-North Carolina,3-Water,0,0,-

31-Nebraska,38-North Dakota,31-Nebraska/38-North Dakota,3-Water,0,0,-

31-Nebraska,39-Ohio,31-Nebraska/39-Ohio,3-Water,0,0,-

31-Nebraska,40-Oklahoma,31-Nebraska/40-Oklahoma,3-Water,0,0,-

31-Nebraska,41-Oregon,31-Nebraska/41-Oregon,3-Water,0,0,-

31-Nebraska,42-Pennsylvania,31-Nebraska/42-Pennsylvania,3-Water,0,0,-

31-Nebraska,44-Rhode Island,31-Nebraska/44-Rhode Island,3-Water,0,0,-

31-Nebraska,45-South Carolina,31-Nebraska/45-South Carolina,3-Water,0,0,-

31-Nebraska,46-South Dakota,31-Nebraska/46-South Dakota,3-Water,0,0,-

31-Nebraska,47-Tennessee,31-Nebraska/47-Tennessee,3-Water,0,0,-

31-Nebraska,48-Texas,31-Nebraska/48-Texas,3-Water,0,0,-

31-Nebraska,49-Utah,31-Nebraska/49-Utah,3-Water,0,0,-

31-Nebraska,50-Vermont,31-Nebraska/50-Vermont,3-Water,0,0,-

31-Nebraska,51-Virginia,31-Nebraska/51-Virginia,3-Water,0,0,-

31-Nebraska,53-Washington,31-Nebraska/53-Washington,3-Water,0,0,-

31-Nebraska,54-West Virginia,31-Nebraska/54-West Virginia,3-Water,0,0,-

31-Nebraska,55-Wisconsin,31-Nebraska/55-Wisconsin,3-Water,0,0,-

31-Nebraska,56-Wyoming,31-Nebraska/56-Wyoming,3-Water,0,0,-

32-Nevada,01-Alabama,32-Nevada/01-Alabama,3-Water,0,0,-

32-Nevada,02-Alaska,32-Nevada/02-Alaska,3-Water,0,0,-

32-Nevada,04-Arizona,32-Nevada/04-Arizona,3-Water,0,0,-

32-Nevada,05-Arkansas,32-Nevada/05-Arkansas,3-Water,0,0,-

32-Nevada,06-California,32-Nevada/06-California,3-Water,0,0,-

32-Nevada,08-Colorado,32-Nevada/08-Colorado,3-Water,0,0,-

32-Nevada,09-Connecticut,32-Nevada/09-Connecticut,3-Water,0,0,-

32-Nevada,10-Delaware,32-Nevada/10-Delaware,3-Water,0,0,-

32-Nevada,11-Washington DC,32-Nevada/11-Washington DC,3-Water,0,0,-

32-Nevada,12-Florida,32-Nevada/12-Florida,3-Water,0,0,-

32-Nevada,13-Georgia,32-Nevada/13-Georgia,3-Water,0,0,-

32-Nevada,15-Hawaii,32-Nevada/15-Hawaii,3-Water,0,0,-

32-Nevada,16-Idaho,32-Nevada/16-Idaho,3-Water,0,0,-

32-Nevada,17-Illinois,32-Nevada/17-Illinois,3-Water,0,0,-

32-Nevada,18-Indiana,32-Nevada/18-Indiana,3-Water,0,0,-

32-Nevada,19-Iowa,32-Nevada/19-Iowa,3-Water,0,0,-

32-Nevada,20-Kansas,32-Nevada/20-Kansas,3-Water,0,0,-

32-Nevada,21-Kentucky,32-Nevada/21-Kentucky,3-Water,0,0,-

32-Nevada,22-Louisiana,32-Nevada/22-Louisiana,3-Water,0,0,-

32-Nevada,23-Maine,32-Nevada/23-Maine,3-Water,0,0,-

32-Nevada,24-Maryland,32-Nevada/24-Maryland,3-Water,0,0,-

32-Nevada,25-Massachusetts,32-Nevada/25-Massachusetts,3-Water,0,0,-

32-Nevada,26-Michigan,32-Nevada/26-Michigan,3-Water,0,0,-

32-Nevada,27-Minnesota,32-Nevada/27-Minnesota,3-Water,0,0,-

32-Nevada,28-Mississippi,32-Nevada/28-Mississippi,3-Water,0,0,-

32-Nevada,29-Missouri,32-Nevada/29-Missouri,3-Water,0,0,-

32-Nevada,30-Montana,32-Nevada/30-Montana,3-Water,0,0,-

32-Nevada,31-Nebraska,32-Nevada/31-Nebraska,3-Water,0,0,-

32-Nevada,32-Nevada,32-Nevada/32-Nevada,3-Water,0,0,-

32-Nevada,33-New Hampshire,32-Nevada/33-New Hampshire,3-Water,0,0,-

32-Nevada,34-New Jersey,32-Nevada/34-New Jersey,3-Water,0,0,-

32-Nevada,35-New Mexico,32-Nevada/35-New Mexico,3-Water,0,0,-

32-Nevada,36-New York,32-Nevada/36-New York,3-Water,0,0,-

32-Nevada,37-North Carolina,32-Nevada/37-North Carolina,3-Water,0,0,-

32-Nevada,38-North Dakota,32-Nevada/38-North Dakota,3-Water,0,0,-

32-Nevada,39-Ohio,32-Nevada/39-Ohio,3-Water,0,0,-

32-Nevada,40-Oklahoma,32-Nevada/40-Oklahoma,3-Water,0,0,-

32-Nevada,41-Oregon,32-Nevada/41-Oregon,3-Water,0,0,-

32-Nevada,42-Pennsylvania,32-Nevada/42-Pennsylvania,3-Water,0,0,-

32-Nevada,44-Rhode Island,32-Nevada/44-Rhode Island,3-Water,0,0,-

32-Nevada,45-South Carolina,32-Nevada/45-South Carolina,3-Water,0,0,-

32-Nevada,46-South Dakota,32-Nevada/46-South Dakota,3-Water,0,0,-

32-Nevada,47-Tennessee,32-Nevada/47-Tennessee,3-Water,0,0,-

32-Nevada,48-Texas,32-Nevada/48-Texas,3-Water,0,0,-

32-Nevada,49-Utah,32-Nevada/49-Utah,3-Water,0,0,-

32-Nevada,50-Vermont,32-Nevada/50-Vermont,3-Water,0,0,-

32-Nevada,51-Virginia,32-Nevada/51-Virginia,3-Water,0,0,-

32-Nevada,53-Washington,32-Nevada/53-Washington,3-Water,0,0,-

32-Nevada,54-West Virginia,32-Nevada/54-West Virginia,3-Water,0,0,-

32-Nevada,55-Wisconsin,32-Nevada/55-Wisconsin,3-Water,0,0,-

32-Nevada,56-Wyoming,32-Nevada/56-Wyoming,3-Water,0,0,-

33-New Hampshire,01-Alabama,33-New Hampshire/01-Alabama,3-Water,0,0,-

33-New Hampshire,02-Alaska,33-New Hampshire/02-Alaska,3-Water,0,0,-

33-New Hampshire,04-Arizona,33-New Hampshire/04-Arizona,3-Water,0,0,-

33-New Hampshire,05-Arkansas,33-New Hampshire/05-Arkansas,3-Water,0,0,-

33-New Hampshire,06-California,33-New Hampshire/06-California,3-Water,0,0,-

33-New Hampshire,08-Colorado,33-New Hampshire/08-Colorado,3-Water,0,0,-

33-New Hampshire,09-Connecticut,33-New Hampshire/09-Connecticut,3-Water,0,0,-

33-New Hampshire,10-Delaware,33-New Hampshire/10-Delaware,3-Water,0,0,-

33-New Hampshire,11-Washington DC,33-New Hampshire/11-Washington DC,3-Water,0,0,-

33-New Hampshire,12-Florida,33-New Hampshire/12-Florida,3-Water,0,0,-

33-New Hampshire,13-Georgia,33-New Hampshire/13-Georgia,3-Water,0,0,-

33-New Hampshire,15-Hawaii,33-New Hampshire/15-Hawaii,3-Water,0,0,-

33-New Hampshire,16-Idaho,33-New Hampshire/16-Idaho,3-Water,0,0,-

33-New Hampshire,17-Illinois,33-New Hampshire/17-Illinois,3-Water,0,0,-

33-New Hampshire,18-Indiana,33-New Hampshire/18-Indiana,3-Water,0,0,-

33-New Hampshire,19-Iowa,33-New Hampshire/19-Iowa,3-Water,0,0,-

33-New Hampshire,20-Kansas,33-New Hampshire/20-Kansas,3-Water,0,0,-

33-New Hampshire,21-Kentucky,33-New Hampshire/21-Kentucky,3-Water,0,0,-

33-New Hampshire,22-Louisiana,33-New Hampshire/22-Louisiana,3-Water,0,0,-

33-New Hampshire,23-Maine,33-New Hampshire/23-Maine,3-Water,0,0,-

33-New Hampshire,24-Maryland,33-New Hampshire/24-Maryland,3-Water,0,0,-

33-New Hampshire,25-Massachusetts,33-New Hampshire/25-Massachusetts,3-Water,0,0,-

33-New Hampshire,26-Michigan,33-New Hampshire/26-Michigan,3-Water,0,0,-

33-New Hampshire,27-Minnesota,33-New Hampshire/27-Minnesota,3-Water,0,0,-

33-New Hampshire,28-Mississippi,33-New Hampshire/28-Mississippi,3-Water,0,0,-

33-New Hampshire,29-Missouri,33-New Hampshire/29-Missouri,3-Water,0,0,-

33-New Hampshire,30-Montana,33-New Hampshire/30-Montana,3-Water,0,0,-

33-New Hampshire,31-Nebraska,33-New Hampshire/31-Nebraska,3-Water,0,0,-

33-New Hampshire,32-Nevada,33-New Hampshire/32-Nevada,3-Water,0,0,-

33-New Hampshire,33-New Hampshire,33-New Hampshire/33-New Hampshire,3-Water,0,0,-

33-New Hampshire,34-New Jersey,33-New Hampshire/34-New Jersey,3-Water,0,0,-

33-New Hampshire,35-New Mexico,33-New Hampshire/35-New Mexico,3-Water,0,0,-

33-New Hampshire,36-New York,33-New Hampshire/36-New York,3-Water,0,0,-

33-New Hampshire,37-North Carolina,33-New Hampshire/37-North Carolina,3-Water,0,0,-

33-New Hampshire,38-North Dakota,33-New Hampshire/38-North Dakota,3-Water,0,0,-

33-New Hampshire,39-Ohio,33-New Hampshire/39-Ohio,3-Water,0,0,-

33-New Hampshire,40-Oklahoma,33-New Hampshire/40-Oklahoma,3-Water,0,0,-

33-New Hampshire,41-Oregon,33-New Hampshire/41-Oregon,3-Water,0,0,-

33-New Hampshire,42-Pennsylvania,33-New Hampshire/42-Pennsylvania,3-Water,0,0,-

33-New Hampshire,44-Rhode Island,33-New Hampshire/44-Rhode Island,3-Water,0,0,-

33-New Hampshire,45-South Carolina,33-New Hampshire/45-South Carolina,3-Water,0,0,-

33-New Hampshire,46-South Dakota,33-New Hampshire/46-South Dakota,3-Water,0,0,-

33-New Hampshire,47-Tennessee,33-New Hampshire/47-Tennessee,3-Water,0,0,-

33-New Hampshire,48-Texas,33-New Hampshire/48-Texas,3-Water,0,0,-

33-New Hampshire,49-Utah,33-New Hampshire/49-Utah,3-Water,0,0,-

33-New Hampshire,50-Vermont,33-New Hampshire/50-Vermont,3-Water,0,0,-

33-New Hampshire,51-Virginia,33-New Hampshire/51-Virginia,3-Water,0,0,-

33-New Hampshire,53-Washington,33-New Hampshire/53-Washington,3-Water,0,0,-

33-New Hampshire,54-West Virginia,33-New Hampshire/54-West Virginia,3-Water,0,0,-

33-New Hampshire,55-Wisconsin,33-New Hampshire/55-Wisconsin,3-Water,0,0,-

33-New Hampshire,56-Wyoming,33-New Hampshire/56-Wyoming,3-Water,0,0,-

34-New Jersey,01-Alabama,34-New Jersey/01-Alabama,3-Water,0,0,-

34-New Jersey,02-Alaska,34-New Jersey/02-Alaska,3-Water,0,0,-

34-New Jersey,04-Arizona,34-New Jersey/04-Arizona,3-Water,0,0,-

34-New Jersey,05-Arkansas,34-New Jersey/05-Arkansas,3-Water,0,0,-

34-New Jersey,06-California,34-New Jersey/06-California,3-Water,0,0,-

34-New Jersey,08-Colorado,34-New Jersey/08-Colorado,3-Water,0,0,-

34-New Jersey,09-Connecticut,34-New Jersey/09-Connecticut,3-Water,0,0,-

34-New Jersey,10-Delaware,34-New Jersey/10-Delaware,3-Water,0.0137858,0.5612,40.70855518

34-New Jersey,11-Washington DC,34-New Jersey/11-Washington DC,3-Water,0,0,-

34-New Jersey,12-Florida,34-New Jersey/12-Florida,3-Water,0.0440259,71.6194,1626.756069

34-New Jersey,13-Georgia,34-New Jersey/13-Georgia,3-Water,0,0,-

34-New Jersey,15-Hawaii,34-New Jersey/15-Hawaii,3-Water,0,0,-

34-New Jersey,16-Idaho,34-New Jersey/16-Idaho,3-Water,0,0,-

34-New Jersey,17-Illinois,34-New Jersey/17-Illinois,3-Water,0,0,-

34-New Jersey,18-Indiana,34-New Jersey/18-Indiana,3-Water,0,0,-

34-New Jersey,19-Iowa,34-New Jersey/19-Iowa,3-Water,0,0,-

34-New Jersey,20-Kansas,34-New Jersey/20-Kansas,3-Water,0,0,-

34-New Jersey,21-Kentucky,34-New Jersey/21-Kentucky,3-Water,0,0,-

34-New Jersey,22-Louisiana,34-New Jersey/22-Louisiana,3-Water,0,0,-

34-New Jersey,23-Maine,34-New Jersey/23-Maine,3-Water,0,0,-

34-New Jersey,24-Maryland,34-New Jersey/24-Maryland,3-Water,0,0,-

34-New Jersey,25-Massachusetts,34-New Jersey/25-Massachusetts,3-Water,0,0,-

34-New Jersey,26-Michigan,34-New Jersey/26-Michigan,3-Water,0,0,-

34-New Jersey,27-Minnesota,34-New Jersey/27-Minnesota,3-Water,0,0,-

34-New Jersey,28-Mississippi,34-New Jersey/28-Mississippi,3-Water,0,0,-

34-New Jersey,29-Missouri,34-New Jersey/29-Missouri,3-Water,0,0,-

34-New Jersey,30-Montana,34-New Jersey/30-Montana,3-Water,0,0,-

34-New Jersey,31-Nebraska,34-New Jersey/31-Nebraska,3-Water,0,0,-

34-New Jersey,32-Nevada,34-New Jersey/32-Nevada,3-Water,0,0,-

34-New Jersey,33-New Hampshire,34-New Jersey/33-New Hampshire,3-Water,0,0,-

34-New Jersey,34-New Jersey,34-New Jersey/34-New Jersey,3-Water,7.5073626,277.5664,36.97255811

34-New Jersey,35-New Mexico,34-New Jersey/35-New Mexico,3-Water,0,0,-

34-New Jersey,36-New York,34-New Jersey/36-New York,3-Water,1.896998,103.6545,54.64133331

34-New Jersey,37-North Carolina,34-New Jersey/37-North Carolina,3-Water,0,0,-

34-New Jersey,38-North Dakota,34-New Jersey/38-North Dakota,3-Water,0,0,-

34-New Jersey,39-Ohio,34-New Jersey/39-Ohio,3-Water,0,0,-

34-New Jersey,40-Oklahoma,34-New Jersey/40-Oklahoma,3-Water,0,0,-

34-New Jersey,41-Oregon,34-New Jersey/41-Oregon,3-Water,0,0,-

34-New Jersey,42-Pennsylvania,34-New Jersey/42-Pennsylvania,3-Water,1.6287677,62.8418,38.58242032

34-New Jersey,44-Rhode Island,34-New Jersey/44-Rhode Island,3-Water,0,0,-

34-New Jersey,45-South Carolina,34-New Jersey/45-South Carolina,3-Water,0,0,-

34-New Jersey,46-South Dakota,34-New Jersey/46-South Dakota,3-Water,0,0,-

34-New Jersey,47-Tennessee,34-New Jersey/47-Tennessee,3-Water,0,0,-

34-New Jersey,48-Texas,34-New Jersey/48-Texas,3-Water,0.9003629,2049.8409,2276.682991

34-New Jersey,49-Utah,34-New Jersey/49-Utah,3-Water,0,0,-

34-New Jersey,50-Vermont,34-New Jersey/50-Vermont,3-Water,0,0,-

34-New Jersey,51-Virginia,34-New Jersey/51-Virginia,3-Water,0,0,-

34-New Jersey,53-Washington,34-New Jersey/53-Washington,3-Water,0,0,-

34-New Jersey,54-West Virginia,34-New Jersey/54-West Virginia,3-Water,0,0,-

34-New Jersey,55-Wisconsin,34-New Jersey/55-Wisconsin,3-Water,0,0,-

34-New Jersey,56-Wyoming,34-New Jersey/56-Wyoming,3-Water,0,0,-

35-New Mexico,01-Alabama,35-New Mexico/01-Alabama,3-Water,0,0,-

35-New Mexico,02-Alaska,35-New Mexico/02-Alaska,3-Water,0,0,-

35-New Mexico,04-Arizona,35-New Mexico/04-Arizona,3-Water,0,0,-

35-New Mexico,05-Arkansas,35-New Mexico/05-Arkansas,3-Water,0,0,-

35-New Mexico,06-California,35-New Mexico/06-California,3-Water,0,0,-

35-New Mexico,08-Colorado,35-New Mexico/08-Colorado,3-Water,0,0,-

35-New Mexico,09-Connecticut,35-New Mexico/09-Connecticut,3-Water,0,0,-

35-New Mexico,10-Delaware,35-New Mexico/10-Delaware,3-Water,0,0,-

35-New Mexico,11-Washington DC,35-New Mexico/11-Washington DC,3-Water,0,0,-

35-New Mexico,12-Florida,35-New Mexico/12-Florida,3-Water,0,0,-

35-New Mexico,13-Georgia,35-New Mexico/13-Georgia,3-Water,0,0,-

35-New Mexico,15-Hawaii,35-New Mexico/15-Hawaii,3-Water,0,0,-

35-New Mexico,16-Idaho,35-New Mexico/16-Idaho,3-Water,0,0,-

35-New Mexico,17-Illinois,35-New Mexico/17-Illinois,3-Water,0,0,-

35-New Mexico,18-Indiana,35-New Mexico/18-Indiana,3-Water,0,0,-

35-New Mexico,19-Iowa,35-New Mexico/19-Iowa,3-Water,0,0,-

35-New Mexico,20-Kansas,35-New Mexico/20-Kansas,3-Water,0,0,-

35-New Mexico,21-Kentucky,35-New Mexico/21-Kentucky,3-Water,0,0,-

35-New Mexico,22-Louisiana,35-New Mexico/22-Louisiana,3-Water,0,0,-

35-New Mexico,23-Maine,35-New Mexico/23-Maine,3-Water,0,0,-

35-New Mexico,24-Maryland,35-New Mexico/24-Maryland,3-Water,0,0,-

35-New Mexico,25-Massachusetts,35-New Mexico/25-Massachusetts,3-Water,0,0,-

35-New Mexico,26-Michigan,35-New Mexico/26-Michigan,3-Water,0,0,-

35-New Mexico,27-Minnesota,35-New Mexico/27-Minnesota,3-Water,0,0,-

35-New Mexico,28-Mississippi,35-New Mexico/28-Mississippi,3-Water,0,0,-

35-New Mexico,29-Missouri,35-New Mexico/29-Missouri,3-Water,0,0,-

35-New Mexico,30-Montana,35-New Mexico/30-Montana,3-Water,0,0,-

35-New Mexico,31-Nebraska,35-New Mexico/31-Nebraska,3-Water,0,0,-

35-New Mexico,32-Nevada,35-New Mexico/32-Nevada,3-Water,0,0,-

35-New Mexico,33-New Hampshire,35-New Mexico/33-New Hampshire,3-Water,0,0,-

35-New Mexico,34-New Jersey,35-New Mexico/34-New Jersey,3-Water,0,0,-

35-New Mexico,35-New Mexico,35-New Mexico/35-New Mexico,3-Water,0,0,-

35-New Mexico,36-New York,35-New Mexico/36-New York,3-Water,0,0,-

35-New Mexico,37-North Carolina,35-New Mexico/37-North Carolina,3-Water,0,0,-

35-New Mexico,38-North Dakota,35-New Mexico/38-North Dakota,3-Water,0,0,-

35-New Mexico,39-Ohio,35-New Mexico/39-Ohio,3-Water,0,0,-

35-New Mexico,40-Oklahoma,35-New Mexico/40-Oklahoma,3-Water,0,0,-

35-New Mexico,41-Oregon,35-New Mexico/41-Oregon,3-Water,0,0,-

35-New Mexico,42-Pennsylvania,35-New Mexico/42-Pennsylvania,3-Water,0,0,-

35-New Mexico,44-Rhode Island,35-New Mexico/44-Rhode Island,3-Water,0,0,-

35-New Mexico,45-South Carolina,35-New Mexico/45-South Carolina,3-Water,0,0,-

35-New Mexico,46-South Dakota,35-New Mexico/46-South Dakota,3-Water,0,0,-

35-New Mexico,47-Tennessee,35-New Mexico/47-Tennessee,3-Water,0,0,-

35-New Mexico,48-Texas,35-New Mexico/48-Texas,3-Water,0,0,-

35-New Mexico,49-Utah,35-New Mexico/49-Utah,3-Water,0,0,-

35-New Mexico,50-Vermont,35-New Mexico/50-Vermont,3-Water,0,0,-

35-New Mexico,51-Virginia,35-New Mexico/51-Virginia,3-Water,0,0,-

35-New Mexico,53-Washington,35-New Mexico/53-Washington,3-Water,0,0,-

35-New Mexico,54-West Virginia,35-New Mexico/54-West Virginia,3-Water,0,0,-

35-New Mexico,55-Wisconsin,35-New Mexico/55-Wisconsin,3-Water,0,0,-

35-New Mexico,56-Wyoming,35-New Mexico/56-Wyoming,3-Water,0,0,-

36-New York,01-Alabama,36-New York/01-Alabama,3-Water,0,0,-

36-New York,02-Alaska,36-New York/02-Alaska,3-Water,0,0,-

36-New York,04-Arizona,36-New York/04-Arizona,3-Water,0,0,-

36-New York,05-Arkansas,36-New York/05-Arkansas,3-Water,0,0,-

36-New York,06-California,36-New York/06-California,3-Water,0,0,-

36-New York,08-Colorado,36-New York/08-Colorado,3-Water,0,0,-

36-New York,09-Connecticut,36-New York/09-Connecticut,3-Water,0.0073272,0.5833,79.6074899

36-New York,10-Delaware,36-New York/10-Delaware,3-Water,0.0367898,10.3589,281.5698917

36-New York,11-Washington DC,36-New York/11-Washington DC,3-Water,0,0,-

36-New York,12-Florida,36-New York/12-Florida,3-Water,0,0,-

36-New York,13-Georgia,36-New York/13-Georgia,3-Water,0,0,-

36-New York,15-Hawaii,36-New York/15-Hawaii,3-Water,0,0,-

36-New York,16-Idaho,36-New York/16-Idaho,3-Water,0,0,-

36-New York,17-Illinois,36-New York/17-Illinois,3-Water,0,0,-

36-New York,18-Indiana,36-New York/18-Indiana,3-Water,0,0,-

36-New York,19-Iowa,36-New York/19-Iowa,3-Water,0,0,-

36-New York,20-Kansas,36-New York/20-Kansas,3-Water,0,0,-

36-New York,21-Kentucky,36-New York/21-Kentucky,3-Water,0,0,-

36-New York,22-Louisiana,36-New York/22-Louisiana,3-Water,0,0,-

36-New York,23-Maine,36-New York/23-Maine,3-Water,0,0,-

36-New York,24-Maryland,36-New York/24-Maryland,3-Water,0,0,-

36-New York,25-Massachusetts,36-New York/25-Massachusetts,3-Water,0,0,-

36-New York,26-Michigan,36-New York/26-Michigan,3-Water,0,0,-

36-New York,27-Minnesota,36-New York/27-Minnesota,3-Water,0,0,-

36-New York,28-Mississippi,36-New York/28-Mississippi,3-Water,0,0,-

36-New York,29-Missouri,36-New York/29-Missouri,3-Water,0,0,-

36-New York,30-Montana,36-New York/30-Montana,3-Water,0,0,-

36-New York,31-Nebraska,36-New York/31-Nebraska,3-Water,0,0,-

36-New York,32-Nevada,36-New York/32-Nevada,3-Water,0,0,-

36-New York,33-New Hampshire,36-New York/33-New Hampshire,3-Water,0,0,-

36-New York,34-New Jersey,36-New York/34-New Jersey,3-Water,1.896998,103.6545,54.64133331

36-New York,35-New Mexico,36-New York/35-New Mexico,3-Water,0,0,-

36-New York,36-New York,36-New York/36-New York,3-Water,5.0700716,264.8198,52.23196453

36-New York,37-North Carolina,36-New York/37-North Carolina,3-Water,0,0,-

36-New York,38-North Dakota,36-New York/38-North Dakota,3-Water,0,0,-

36-New York,39-Ohio,36-New York/39-Ohio,3-Water,0,0,-

36-New York,40-Oklahoma,36-New York/40-Oklahoma,3-Water,0,0,-

36-New York,41-Oregon,36-New York/41-Oregon,3-Water,0,0,-

36-New York,42-Pennsylvania,36-New York/42-Pennsylvania,3-Water,0,0,-

36-New York,44-Rhode Island,36-New York/44-Rhode Island,3-Water,0,0,-

36-New York,45-South Carolina,36-New York/45-South Carolina,3-Water,0,0,-

36-New York,46-South Dakota,36-New York/46-South Dakota,3-Water,0,0,-

36-New York,47-Tennessee,36-New York/47-Tennessee,3-Water,0,0,-

36-New York,48-Texas,36-New York/48-Texas,3-Water,0,0,-

36-New York,49-Utah,36-New York/49-Utah,3-Water,0,0,-

36-New York,50-Vermont,36-New York/50-Vermont,3-Water,0,0,-

36-New York,51-Virginia,36-New York/51-Virginia,3-Water,0,0,-

36-New York,53-Washington,36-New York/53-Washington,3-Water,0,0,-

36-New York,54-West Virginia,36-New York/54-West Virginia,3-Water,0,0,-

36-New York,55-Wisconsin,36-New York/55-Wisconsin,3-Water,0,0,-

36-New York,56-Wyoming,36-New York/56-Wyoming,3-Water,0,0,-

37-North Carolina,01-Alabama,37-North Carolina/01-Alabama,3-Water,0,0,-

37-North Carolina,02-Alaska,37-North Carolina/02-Alaska,3-Water,0,0,-

37-North Carolina,04-Arizona,37-North Carolina/04-Arizona,3-Water,0,0,-

37-North Carolina,05-Arkansas,37-North Carolina/05-Arkansas,3-Water,0,0,-

37-North Carolina,06-California,37-North Carolina/06-California,3-Water,0,0,-

37-North Carolina,08-Colorado,37-North Carolina/08-Colorado,3-Water,0,0,-

37-North Carolina,09-Connecticut,37-North Carolina/09-Connecticut,3-Water,0,0,-

37-North Carolina,10-Delaware,37-North Carolina/10-Delaware,3-Water,0,0,-

37-North Carolina,11-Washington DC,37-North Carolina/11-Washington DC,3-Water,0,0,-

37-North Carolina,12-Florida,37-North Carolina/12-Florida,3-Water,0,0,-

37-North Carolina,13-Georgia,37-North Carolina/13-Georgia,3-Water,0,0,-

37-North Carolina,15-Hawaii,37-North Carolina/15-Hawaii,3-Water,0,0,-

37-North Carolina,16-Idaho,37-North Carolina/16-Idaho,3-Water,0,0,-

37-North Carolina,17-Illinois,37-North Carolina/17-Illinois,3-Water,0,0,-

37-North Carolina,18-Indiana,37-North Carolina/18-Indiana,3-Water,0,0,-

37-North Carolina,19-Iowa,37-North Carolina/19-Iowa,3-Water,0,0,-

37-North Carolina,20-Kansas,37-North Carolina/20-Kansas,3-Water,0,0,-

37-North Carolina,21-Kentucky,37-North Carolina/21-Kentucky,3-Water,0,0,-

37-North Carolina,22-Louisiana,37-North Carolina/22-Louisiana,3-Water,0,0,-

37-North Carolina,23-Maine,37-North Carolina/23-Maine,3-Water,0,0,-

37-North Carolina,24-Maryland,37-North Carolina/24-Maryland,3-Water,0.2955947,120.5929,407.9670576

37-North Carolina,25-Massachusetts,37-North Carolina/25-Massachusetts,3-Water,0,0,-

37-North Carolina,26-Michigan,37-North Carolina/26-Michigan,3-Water,0,0,-

37-North Carolina,27-Minnesota,37-North Carolina/27-Minnesota,3-Water,0,0,-

37-North Carolina,28-Mississippi,37-North Carolina/28-Mississippi,3-Water,0,0,-

37-North Carolina,29-Missouri,37-North Carolina/29-Missouri,3-Water,0,0,-

37-North Carolina,30-Montana,37-North Carolina/30-Montana,3-Water,0,0,-

37-North Carolina,31-Nebraska,37-North Carolina/31-Nebraska,3-Water,0,0,-

37-North Carolina,32-Nevada,37-North Carolina/32-Nevada,3-Water,0,0,-

37-North Carolina,33-New Hampshire,37-North Carolina/33-New Hampshire,3-Water,0,0,-

37-North Carolina,34-New Jersey,37-North Carolina/34-New Jersey,3-Water,0,0,-

37-North Carolina,35-New Mexico,37-North Carolina/35-New Mexico,3-Water,0,0,-

37-North Carolina,36-New York,37-North Carolina/36-New York,3-Water,0,0,-

37-North Carolina,37-North Carolina,37-North Carolina/37-North Carolina,3-Water,0,0,-

37-North Carolina,38-North Dakota,37-North Carolina/38-North Dakota,3-Water,0,0,-

37-North Carolina,39-Ohio,37-North Carolina/39-Ohio,3-Water,0,0,-

37-North Carolina,40-Oklahoma,37-North Carolina/40-Oklahoma,3-Water,0,0,-

37-North Carolina,41-Oregon,37-North Carolina/41-Oregon,3-Water,0,0,-

37-North Carolina,42-Pennsylvania,37-North Carolina/42-Pennsylvania,3-Water,0,0,-

37-North Carolina,44-Rhode Island,37-North Carolina/44-Rhode Island,3-Water,0,0,-

37-North Carolina,45-South Carolina,37-North Carolina/45-South Carolina,3-Water,0,0,-

37-North Carolina,46-South Dakota,37-North Carolina/46-South Dakota,3-Water,0,0,-

37-North Carolina,47-Tennessee,37-North Carolina/47-Tennessee,3-Water,0,0,-

37-North Carolina,48-Texas,37-North Carolina/48-Texas,3-Water,0,0,-

37-North Carolina,49-Utah,37-North Carolina/49-Utah,3-Water,0,0,-

37-North Carolina,50-Vermont,37-North Carolina/50-Vermont,3-Water,0,0,-

37-North Carolina,51-Virginia,37-North Carolina/51-Virginia,3-Water,0,0,-

37-North Carolina,53-Washington,37-North Carolina/53-Washington,3-Water,0,0,-

37-North Carolina,54-West Virginia,37-North Carolina/54-West Virginia,3-Water,0,0,-

37-North Carolina,55-Wisconsin,37-North Carolina/55-Wisconsin,3-Water,0,0,-

37-North Carolina,56-Wyoming,37-North Carolina/56-Wyoming,3-Water,0,0,-

38-North Dakota,01-Alabama,38-North Dakota/01-Alabama,3-Water,0,0,-

38-North Dakota,02-Alaska,38-North Dakota/02-Alaska,3-Water,0,0,-

38-North Dakota,04-Arizona,38-North Dakota/04-Arizona,3-Water,0,0,-

38-North Dakota,05-Arkansas,38-North Dakota/05-Arkansas,3-Water,0,0,-

38-North Dakota,06-California,38-North Dakota/06-California,3-Water,0,0,-

38-North Dakota,08-Colorado,38-North Dakota/08-Colorado,3-Water,0,0,-

38-North Dakota,09-Connecticut,38-North Dakota/09-Connecticut,3-Water,0,0,-

38-North Dakota,10-Delaware,38-North Dakota/10-Delaware,3-Water,0,0,-

38-North Dakota,11-Washington DC,38-North Dakota/11-Washington DC,3-Water,0,0,-

38-North Dakota,12-Florida,38-North Dakota/12-Florida,3-Water,0,0,-

38-North Dakota,13-Georgia,38-North Dakota/13-Georgia,3-Water,0,0,-

38-North Dakota,15-Hawaii,38-North Dakota/15-Hawaii,3-Water,0,0,-

38-North Dakota,16-Idaho,38-North Dakota/16-Idaho,3-Water,0,0,-

38-North Dakota,17-Illinois,38-North Dakota/17-Illinois,3-Water,0,0,-

38-North Dakota,18-Indiana,38-North Dakota/18-Indiana,3-Water,0,0,-

38-North Dakota,19-Iowa,38-North Dakota/19-Iowa,3-Water,0,0,-

38-North Dakota,20-Kansas,38-North Dakota/20-Kansas,3-Water,0,0,-

38-North Dakota,21-Kentucky,38-North Dakota/21-Kentucky,3-Water,0,0,-

38-North Dakota,22-Louisiana,38-North Dakota/22-Louisiana,3-Water,0,0,-

38-North Dakota,23-Maine,38-North Dakota/23-Maine,3-Water,0,0,-

38-North Dakota,24-Maryland,38-North Dakota/24-Maryland,3-Water,0,0,-

38-North Dakota,25-Massachusetts,38-North Dakota/25-Massachusetts,3-Water,0,0,-

38-North Dakota,26-Michigan,38-North Dakota/26-Michigan,3-Water,0,0,-

38-North Dakota,27-Minnesota,38-North Dakota/27-Minnesota,3-Water,0,0,-

38-North Dakota,28-Mississippi,38-North Dakota/28-Mississippi,3-Water,0,0,-

38-North Dakota,29-Missouri,38-North Dakota/29-Missouri,3-Water,0,0,-

38-North Dakota,30-Montana,38-North Dakota/30-Montana,3-Water,0,0,-

38-North Dakota,31-Nebraska,38-North Dakota/31-Nebraska,3-Water,0,0,-

38-North Dakota,32-Nevada,38-North Dakota/32-Nevada,3-Water,0,0,-

38-North Dakota,33-New Hampshire,38-North Dakota/33-New Hampshire,3-Water,0,0,-

38-North Dakota,34-New Jersey,38-North Dakota/34-New Jersey,3-Water,0,0,-

38-North Dakota,35-New Mexico,38-North Dakota/35-New Mexico,3-Water,0,0,-

38-North Dakota,36-New York,38-North Dakota/36-New York,3-Water,0,0,-

38-North Dakota,37-North Carolina,38-North Dakota/37-North Carolina,3-Water,0,0,-

38-North Dakota,38-North Dakota,38-North Dakota/38-North Dakota,3-Water,0,0,-

38-North Dakota,39-Ohio,38-North Dakota/39-Ohio,3-Water,0,0,-

38-North Dakota,40-Oklahoma,38-North Dakota/40-Oklahoma,3-Water,0,0,-

38-North Dakota,41-Oregon,38-North Dakota/41-Oregon,3-Water,0,0,-

38-North Dakota,42-Pennsylvania,38-North Dakota/42-Pennsylvania,3-Water,0,0,-

38-North Dakota,44-Rhode Island,38-North Dakota/44-Rhode Island,3-Water,0,0,-

38-North Dakota,45-South Carolina,38-North Dakota/45-South Carolina,3-Water,0,0,-

38-North Dakota,46-South Dakota,38-North Dakota/46-South Dakota,3-Water,0,0,-

38-North Dakota,47-Tennessee,38-North Dakota/47-Tennessee,3-Water,0,0,-

38-North Dakota,48-Texas,38-North Dakota/48-Texas,3-Water,0,0,-

38-North Dakota,49-Utah,38-North Dakota/49-Utah,3-Water,0,0,-

38-North Dakota,50-Vermont,38-North Dakota/50-Vermont,3-Water,0,0,-

38-North Dakota,51-Virginia,38-North Dakota/51-Virginia,3-Water,0,0,-

38-North Dakota,53-Washington,38-North Dakota/53-Washington,3-Water,0,0,-

38-North Dakota,54-West Virginia,38-North Dakota/54-West Virginia,3-Water,0,0,-

38-North Dakota,55-Wisconsin,38-North Dakota/55-Wisconsin,3-Water,0,0,-

38-North Dakota,56-Wyoming,38-North Dakota/56-Wyoming,3-Water,0,0,-

39-Ohio,01-Alabama,39-Ohio/01-Alabama,3-Water,0,0,-

39-Ohio,02-Alaska,39-Ohio/02-Alaska,3-Water,0,0,-

39-Ohio,04-Arizona,39-Ohio/04-Arizona,3-Water,0,0,-

39-Ohio,05-Arkansas,39-Ohio/05-Arkansas,3-Water,0,0,-

39-Ohio,06-California,39-Ohio/06-California,3-Water,0,0,-

39-Ohio,08-Colorado,39-Ohio/08-Colorado,3-Water,0,0,-

39-Ohio,09-Connecticut,39-Ohio/09-Connecticut,3-Water,0,0,-

39-Ohio,10-Delaware,39-Ohio/10-Delaware,3-Water,0,0,-

39-Ohio,11-Washington DC,39-Ohio/11-Washington DC,3-Water,0,0,-

39-Ohio,12-Florida,39-Ohio/12-Florida,3-Water,0,0,-

39-Ohio,13-Georgia,39-Ohio/13-Georgia,3-Water,0,0,-

39-Ohio,15-Hawaii,39-Ohio/15-Hawaii,3-Water,0,0,-

39-Ohio,16-Idaho,39-Ohio/16-Idaho,3-Water,0,0,-

39-Ohio,17-Illinois,39-Ohio/17-Illinois,3-Water,0,0,-

39-Ohio,18-Indiana,39-Ohio/18-Indiana,3-Water,1.0437902,427.6711,409.7289858

39-Ohio,19-Iowa,39-Ohio/19-Iowa,3-Water,0,0,-

39-Ohio,20-Kansas,39-Ohio/20-Kansas,3-Water,0,0,-

39-Ohio,21-Kentucky,39-Ohio/21-Kentucky,3-Water,2.612752,1974.1463,755.5812033

39-Ohio,22-Louisiana,39-Ohio/22-Louisiana,3-Water,5.1894331,8443.5699,1627.069805

39-Ohio,23-Maine,39-Ohio/23-Maine,3-Water,0,0,-

39-Ohio,24-Maryland,39-Ohio/24-Maryland,3-Water,0,0,-

39-Ohio,25-Massachusetts,39-Ohio/25-Massachusetts,3-Water,0,0,-

39-Ohio,26-Michigan,39-Ohio/26-Michigan,3-Water,7.0924435,2929.7266,413.0771856

39-Ohio,27-Minnesota,39-Ohio/27-Minnesota,3-Water,3.7195421,3087.9987,830.2093691

39-Ohio,28-Mississippi,39-Ohio/28-Mississippi,3-Water,0,0,-

39-Ohio,29-Missouri,39-Ohio/29-Missouri,3-Water,1.0485199,957.176,912.8830078

39-Ohio,30-Montana,39-Ohio/30-Montana,3-Water,0,0,-

39-Ohio,31-Nebraska,39-Ohio/31-Nebraska,3-Water,0,0,-

39-Ohio,32-Nevada,39-Ohio/32-Nevada,3-Water,0,0,-

39-Ohio,33-New Hampshire,39-Ohio/33-New Hampshire,3-Water,0,0,-

39-Ohio,34-New Jersey,39-Ohio/34-New Jersey,3-Water,0,0,-

39-Ohio,35-New Mexico,39-Ohio/35-New Mexico,3-Water,0,0,-

39-Ohio,36-New York,39-Ohio/36-New York,3-Water,0,0,-

39-Ohio,37-North Carolina,39-Ohio/37-North Carolina,3-Water,0,0,-

39-Ohio,38-North Dakota,39-Ohio/38-North Dakota,3-Water,0,0,-

39-Ohio,39-Ohio,39-Ohio/39-Ohio,3-Water,14.6083166,6816.9268,466.6469783

39-Ohio,40-Oklahoma,39-Ohio/40-Oklahoma,3-Water,0,0,-

39-Ohio,41-Oregon,39-Ohio/41-Oregon,3-Water,0,0,-

39-Ohio,42-Pennsylvania,39-Ohio/42-Pennsylvania,3-Water,1.5319336,730.5769,476.8985418

39-Ohio,44-Rhode Island,39-Ohio/44-Rhode Island,3-Water,0,0,-

39-Ohio,45-South Carolina,39-Ohio/45-South Carolina,3-Water,0,0,-

39-Ohio,46-South Dakota,39-Ohio/46-South Dakota,3-Water,0,0,-

39-Ohio,47-Tennessee,39-Ohio/47-Tennessee,3-Water,0.0495541,58.8565,1187.722106

39-Ohio,48-Texas,39-Ohio/48-Texas,3-Water,0.5569372,1083.8888,1946.159818

39-Ohio,49-Utah,39-Ohio/49-Utah,3-Water,0,0,-

39-Ohio,50-Vermont,39-Ohio/50-Vermont,3-Water,0,0,-

39-Ohio,51-Virginia,39-Ohio/51-Virginia,3-Water,0,0,-

39-Ohio,53-Washington,39-Ohio/53-Washington,3-Water,0,0,-

39-Ohio,54-West Virginia,39-Ohio/54-West Virginia,3-Water,23.7294529,12103.7093,510.0711488

39-Ohio,55-Wisconsin,39-Ohio/55-Wisconsin,3-Water,0,0,-

39-Ohio,56-Wyoming,39-Ohio/56-Wyoming,3-Water,0,0,-

40-Oklahoma,01-Alabama,40-Oklahoma/01-Alabama,3-Water,0.5516285,685.5851,1242.838432

40-Oklahoma,02-Alaska,40-Oklahoma/02-Alaska,3-Water,0,0,-

40-Oklahoma,04-Arizona,40-Oklahoma/04-Arizona,3-Water,0,0,-

40-Oklahoma,05-Arkansas,40-Oklahoma/05-Arkansas,3-Water,0.0044212,3.6467,824.8213155

40-Oklahoma,06-California,40-Oklahoma/06-California,3-Water,0,0,-

40-Oklahoma,08-Colorado,40-Oklahoma/08-Colorado,3-Water,0,0,-

40-Oklahoma,09-Connecticut,40-Oklahoma/09-Connecticut,3-Water,0,0,-

40-Oklahoma,10-Delaware,40-Oklahoma/10-Delaware,3-Water,0,0,-

40-Oklahoma,11-Washington DC,40-Oklahoma/11-Washington DC,3-Water,0,0,-

40-Oklahoma,12-Florida,40-Oklahoma/12-Florida,3-Water,0,0,-

40-Oklahoma,13-Georgia,40-Oklahoma/13-Georgia,3-Water,0,0,-

40-Oklahoma,15-Hawaii,40-Oklahoma/15-Hawaii,3-Water,0,0,-

40-Oklahoma,16-Idaho,40-Oklahoma/16-Idaho,3-Water,0,0,-

40-Oklahoma,17-Illinois,40-Oklahoma/17-Illinois,3-Water,0.1864331,188.0153,1008.48669

40-Oklahoma,18-Indiana,40-Oklahoma/18-Indiana,3-Water,0,0,-

40-Oklahoma,19-Iowa,40-Oklahoma/19-Iowa,3-Water,0,0,-

40-Oklahoma,20-Kansas,40-Oklahoma/20-Kansas,3-Water,0,0,-

40-Oklahoma,21-Kentucky,40-Oklahoma/21-Kentucky,3-Water,0.0235587,30.3174,1286.887647

40-Oklahoma,22-Louisiana,40-Oklahoma/22-Louisiana,3-Water,4.0109648,3703.192,923.2671401

40-Oklahoma,23-Maine,40-Oklahoma/23-Maine,3-Water,0,0,-

40-Oklahoma,24-Maryland,40-Oklahoma/24-Maryland,3-Water,0,0,-

40-Oklahoma,25-Massachusetts,40-Oklahoma/25-Massachusetts,3-Water,0,0,-

40-Oklahoma,26-Michigan,40-Oklahoma/26-Michigan,3-Water,0,0,-

40-Oklahoma,27-Minnesota,40-Oklahoma/27-Minnesota,3-Water,0,0,-

40-Oklahoma,28-Mississippi,40-Oklahoma/28-Mississippi,3-Water,0.001832,1.4616,797.8165939

40-Oklahoma,29-Missouri,40-Oklahoma/29-Missouri,3-Water,0,0,-

40-Oklahoma,30-Montana,40-Oklahoma/30-Montana,3-Water,0,0,-

40-Oklahoma,31-Nebraska,40-Oklahoma/31-Nebraska,3-Water,0,0,-

40-Oklahoma,32-Nevada,40-Oklahoma/32-Nevada,3-Water,0,0,-

40-Oklahoma,33-New Hampshire,40-Oklahoma/33-New Hampshire,3-Water,0,0,-

40-Oklahoma,34-New Jersey,40-Oklahoma/34-New Jersey,3-Water,0,0,-

40-Oklahoma,35-New Mexico,40-Oklahoma/35-New Mexico,3-Water,0,0,-

40-Oklahoma,36-New York,40-Oklahoma/36-New York,3-Water,0,0,-

40-Oklahoma,37-North Carolina,40-Oklahoma/37-North Carolina,3-Water,0,0,-

40-Oklahoma,38-North Dakota,40-Oklahoma/38-North Dakota,3-Water,0,0,-

40-Oklahoma,39-Ohio,40-Oklahoma/39-Ohio,3-Water,0,0,-

40-Oklahoma,40-Oklahoma,40-Oklahoma/40-Oklahoma,3-Water,1.3361694,53.398,39.96349565

40-Oklahoma,41-Oregon,40-Oklahoma/41-Oregon,3-Water,0,0,-

40-Oklahoma,42-Pennsylvania,40-Oklahoma/42-Pennsylvania,3-Water,0,0,-

40-Oklahoma,44-Rhode Island,40-Oklahoma/44-Rhode Island,3-Water,0,0,-

40-Oklahoma,45-South Carolina,40-Oklahoma/45-South Carolina,3-Water,0,0,-

40-Oklahoma,46-South Dakota,40-Oklahoma/46-South Dakota,3-Water,0,0,-

40-Oklahoma,47-Tennessee,40-Oklahoma/47-Tennessee,3-Water,0.0709954,43.8571,617.7456568

40-Oklahoma,48-Texas,40-Oklahoma/48-Texas,3-Water,0.1079714,127.2382,1178.443551

40-Oklahoma,49-Utah,40-Oklahoma/49-Utah,3-Water,0,0,-

40-Oklahoma,50-Vermont,40-Oklahoma/50-Vermont,3-Water,0,0,-

40-Oklahoma,51-Virginia,40-Oklahoma/51-Virginia,3-Water,0,0,-

40-Oklahoma,53-Washington,40-Oklahoma/53-Washington,3-Water,0,0,-

40-Oklahoma,54-West Virginia,40-Oklahoma/54-West Virginia,3-Water,0,0,-

40-Oklahoma,55-Wisconsin,40-Oklahoma/55-Wisconsin,3-Water,0,0,-

40-Oklahoma,56-Wyoming,40-Oklahoma/56-Wyoming,3-Water,0,0,-

41-Oregon,01-Alabama,41-Oregon/01-Alabama,3-Water,0,0,-

41-Oregon,02-Alaska,41-Oregon/02-Alaska,3-Water,0.0063815,7.7576,1215.638956

41-Oregon,04-Arizona,41-Oregon/04-Arizona,3-Water,0,0,-

41-Oregon,05-Arkansas,41-Oregon/05-Arkansas,3-Water,0,0,-

41-Oregon,06-California,41-Oregon/06-California,3-Water,0,0,-

41-Oregon,08-Colorado,41-Oregon/08-Colorado,3-Water,0,0,-

41-Oregon,09-Connecticut,41-Oregon/09-Connecticut,3-Water,0,0,-

41-Oregon,10-Delaware,41-Oregon/10-Delaware,3-Water,0,0,-

41-Oregon,11-Washington DC,41-Oregon/11-Washington DC,3-Water,0,0,-

41-Oregon,12-Florida,41-Oregon/12-Florida,3-Water,0,0,-

41-Oregon,13-Georgia,41-Oregon/13-Georgia,3-Water,0,0,-

41-Oregon,15-Hawaii,41-Oregon/15-Hawaii,3-Water,0.0249153,68.9945,2769.161921

41-Oregon,16-Idaho,41-Oregon/16-Idaho,3-Water,0,0,-

41-Oregon,17-Illinois,41-Oregon/17-Illinois,3-Water,0,0,-

41-Oregon,18-Indiana,41-Oregon/18-Indiana,3-Water,0,0,-

41-Oregon,19-Iowa,41-Oregon/19-Iowa,3-Water,0,0,-

41-Oregon,20-Kansas,41-Oregon/20-Kansas,3-Water,0,0,-

41-Oregon,21-Kentucky,41-Oregon/21-Kentucky,3-Water,0,0,-

41-Oregon,22-Louisiana,41-Oregon/22-Louisiana,3-Water,0,0,-

41-Oregon,23-Maine,41-Oregon/23-Maine,3-Water,0,0,-

41-Oregon,24-Maryland,41-Oregon/24-Maryland,3-Water,0,0,-

41-Oregon,25-Massachusetts,41-Oregon/25-Massachusetts,3-Water,0,0,-

41-Oregon,26-Michigan,41-Oregon/26-Michigan,3-Water,0,0,-

41-Oregon,27-Minnesota,41-Oregon/27-Minnesota,3-Water,0,0,-

41-Oregon,28-Mississippi,41-Oregon/28-Mississippi,3-Water,0,0,-

41-Oregon,29-Missouri,41-Oregon/29-Missouri,3-Water,0,0,-

41-Oregon,30-Montana,41-Oregon/30-Montana,3-Water,0,0,-

41-Oregon,31-Nebraska,41-Oregon/31-Nebraska,3-Water,0,0,-

41-Oregon,32-Nevada,41-Oregon/32-Nevada,3-Water,0,0,-

41-Oregon,33-New Hampshire,41-Oregon/33-New Hampshire,3-Water,0,0,-

41-Oregon,34-New Jersey,41-Oregon/34-New Jersey,3-Water,0,0,-

41-Oregon,35-New Mexico,41-Oregon/35-New Mexico,3-Water,0,0,-

41-Oregon,36-New York,41-Oregon/36-New York,3-Water,0,0,-

41-Oregon,37-North Carolina,41-Oregon/37-North Carolina,3-Water,0,0,-

41-Oregon,38-North Dakota,41-Oregon/38-North Dakota,3-Water,0,0,-

41-Oregon,39-Ohio,41-Oregon/39-Ohio,3-Water,0,0,-

41-Oregon,40-Oklahoma,41-Oregon/40-Oklahoma,3-Water,0,0,-

41-Oregon,41-Oregon,41-Oregon/41-Oregon,3-Water,3.3120006,154.6336,46.68888043

41-Oregon,42-Pennsylvania,41-Oregon/42-Pennsylvania,3-Water,0,0,-

41-Oregon,44-Rhode Island,41-Oregon/44-Rhode Island,3-Water,0,0,-

41-Oregon,45-South Carolina,41-Oregon/45-South Carolina,3-Water,0,0,-

41-Oregon,46-South Dakota,41-Oregon/46-South Dakota,3-Water,0,0,-

41-Oregon,47-Tennessee,41-Oregon/47-Tennessee,3-Water,0,0,-

41-Oregon,48-Texas,41-Oregon/48-Texas,3-Water,0,0,-

41-Oregon,49-Utah,41-Oregon/49-Utah,3-Water,0,0,-

41-Oregon,50-Vermont,41-Oregon/50-Vermont,3-Water,0,0,-

41-Oregon,51-Virginia,41-Oregon/51-Virginia,3-Water,0,0,-

41-Oregon,53-Washington,41-Oregon/53-Washington,3-Water,3.2227604,798.4178,247.7434562

41-Oregon,54-West Virginia,41-Oregon/54-West Virginia,3-Water,0,0,-

41-Oregon,55-Wisconsin,41-Oregon/55-Wisconsin,3-Water,0,0,-

41-Oregon,56-Wyoming,41-Oregon/56-Wyoming,3-Water,0,0,-

42-Pennsylvania,01-Alabama,42-Pennsylvania/01-Alabama,3-Water,0,0,-

42-Pennsylvania,02-Alaska,42-Pennsylvania/02-Alaska,3-Water,0,0,-

42-Pennsylvania,04-Arizona,42-Pennsylvania/04-Arizona,3-Water,0,0,-

42-Pennsylvania,05-Arkansas,42-Pennsylvania/05-Arkansas,3-Water,0,0,-

42-Pennsylvania,06-California,42-Pennsylvania/06-California,3-Water,0,0,-

42-Pennsylvania,08-Colorado,42-Pennsylvania/08-Colorado,3-Water,0,0,-

42-Pennsylvania,09-Connecticut,42-Pennsylvania/09-Connecticut,3-Water,0,0,-

42-Pennsylvania,10-Delaware,42-Pennsylvania/10-Delaware,3-Water,0.0288609,98.8605,3425.412929

42-Pennsylvania,11-Washington DC,42-Pennsylvania/11-Washington DC,3-Water,0,0,-

42-Pennsylvania,12-Florida,42-Pennsylvania/12-Florida,3-Water,0.0211884,34.2102,1614.572124

42-Pennsylvania,13-Georgia,42-Pennsylvania/13-Georgia,3-Water,0,0,-

42-Pennsylvania,15-Hawaii,42-Pennsylvania/15-Hawaii,3-Water,0,0,-

42-Pennsylvania,16-Idaho,42-Pennsylvania/16-Idaho,3-Water,0,0,-

42-Pennsylvania,17-Illinois,42-Pennsylvania/17-Illinois,3-Water,0.0194318,22.6355,1164.868926

42-Pennsylvania,18-Indiana,42-Pennsylvania/18-Indiana,3-Water,0.2396327,149.86,625.3737491

42-Pennsylvania,19-Iowa,42-Pennsylvania/19-Iowa,3-Water,0,0,-

42-Pennsylvania,20-Kansas,42-Pennsylvania/20-Kansas,3-Water,0,0,-

42-Pennsylvania,21-Kentucky,42-Pennsylvania/21-Kentucky,3-Water,0.3054884,143.4411,469.5467978

42-Pennsylvania,22-Louisiana,42-Pennsylvania/22-Louisiana,3-Water,0.1133506,200.7151,1770.74581

42-Pennsylvania,23-Maine,42-Pennsylvania/23-Maine,3-Water,0,0,-

42-Pennsylvania,24-Maryland,42-Pennsylvania/24-Maryland,3-Water,0.0000015,0.0002,133.3333333

42-Pennsylvania,25-Massachusetts,42-Pennsylvania/25-Massachusetts,3-Water,0,0,-

42-Pennsylvania,26-Michigan,42-Pennsylvania/26-Michigan,3-Water,0.3347647,553.3127,1652.840637

42-Pennsylvania,27-Minnesota,42-Pennsylvania/27-Minnesota,3-Water,0,0,-

42-Pennsylvania,28-Mississippi,42-Pennsylvania/28-Mississippi,3-Water,0,0,-

42-Pennsylvania,29-Missouri,42-Pennsylvania/29-Missouri,3-Water,0.0050251,5.9102,1176.135798

42-Pennsylvania,30-Montana,42-Pennsylvania/30-Montana,3-Water,0,0,-

42-Pennsylvania,31-Nebraska,42-Pennsylvania/31-Nebraska,3-Water,0,0,-

42-Pennsylvania,32-Nevada,42-Pennsylvania/32-Nevada,3-Water,0,0,-

42-Pennsylvania,33-New Hampshire,42-Pennsylvania/33-New Hampshire,3-Water,0,0,-

42-Pennsylvania,34-New Jersey,42-Pennsylvania/34-New Jersey,3-Water,1.6287677,62.8418,38.58242032

42-Pennsylvania,35-New Mexico,42-Pennsylvania/35-New Mexico,3-Water,0,0,-

42-Pennsylvania,36-New York,42-Pennsylvania/36-New York,3-Water,0,0,-

42-Pennsylvania,37-North Carolina,42-Pennsylvania/37-North Carolina,3-Water,0,0,-

42-Pennsylvania,38-North Dakota,42-Pennsylvania/38-North Dakota,3-Water,0,0,-

42-Pennsylvania,39-Ohio,42-Pennsylvania/39-Ohio,3-Water,1.5319336,730.5769,476.8985418

42-Pennsylvania,40-Oklahoma,42-Pennsylvania/40-Oklahoma,3-Water,0,0,-

42-Pennsylvania,41-Oregon,42-Pennsylvania/41-Oregon,3-Water,0,0,-

42-Pennsylvania,42-Pennsylvania,42-Pennsylvania/42-Pennsylvania,3-Water,5.8047956,669.6106,115.354725

42-Pennsylvania,44-Rhode Island,42-Pennsylvania/44-Rhode Island,3-Water,0,0,-

42-Pennsylvania,45-South Carolina,42-Pennsylvania/45-South Carolina,3-Water,0,0,-

42-Pennsylvania,46-South Dakota,42-Pennsylvania/46-South Dakota,3-Water,0,0,-

42-Pennsylvania,47-Tennessee,42-Pennsylvania/47-Tennessee,3-Water,0.0594785,71.3524,1199.633481

42-Pennsylvania,48-Texas,42-Pennsylvania/48-Texas,3-Water,1.0865671,2411.2635,2219.157473

42-Pennsylvania,49-Utah,42-Pennsylvania/49-Utah,3-Water,0,0,-

42-Pennsylvania,50-Vermont,42-Pennsylvania/50-Vermont,3-Water,0,0,-

42-Pennsylvania,51-Virginia,42-Pennsylvania/51-Virginia,3-Water,0,0,-

42-Pennsylvania,53-Washington,42-Pennsylvania/53-Washington,3-Water,0,0,-

42-Pennsylvania,54-West Virginia,42-Pennsylvania/54-West Virginia,3-Water,14.360549,3426.1369,238.5797994

42-Pennsylvania,55-Wisconsin,42-Pennsylvania/55-Wisconsin,3-Water,0,0,-

42-Pennsylvania,56-Wyoming,42-Pennsylvania/56-Wyoming,3-Water,0,0,-

44-Rhode Island,01-Alabama,44-Rhode Island/01-Alabama,3-Water,0,0,-

44-Rhode Island,02-Alaska,44-Rhode Island/02-Alaska,3-Water,0,0,-

44-Rhode Island,04-Arizona,44-Rhode Island/04-Arizona,3-Water,0,0,-

44-Rhode Island,05-Arkansas,44-Rhode Island/05-Arkansas,3-Water,0,0,-

44-Rhode Island,06-California,44-Rhode Island/06-California,3-Water,0,0,-

44-Rhode Island,08-Colorado,44-Rhode Island/08-Colorado,3-Water,0,0,-

44-Rhode Island,09-Connecticut,44-Rhode Island/09-Connecticut,3-Water,0,0,-

44-Rhode Island,10-Delaware,44-Rhode Island/10-Delaware,3-Water,0,0,-

44-Rhode Island,11-Washington DC,44-Rhode Island/11-Washington DC,3-Water,0,0,-

44-Rhode Island,12-Florida,44-Rhode Island/12-Florida,3-Water,0,0,-

44-Rhode Island,13-Georgia,44-Rhode Island/13-Georgia,3-Water,0,0,-

44-Rhode Island,15-Hawaii,44-Rhode Island/15-Hawaii,3-Water,0,0,-

44-Rhode Island,16-Idaho,44-Rhode Island/16-Idaho,3-Water,0,0,-

44-Rhode Island,17-Illinois,44-Rhode Island/17-Illinois,3-Water,0,0,-

44-Rhode Island,18-Indiana,44-Rhode Island/18-Indiana,3-Water,0,0,-

44-Rhode Island,19-Iowa,44-Rhode Island/19-Iowa,3-Water,0,0,-

44-Rhode Island,20-Kansas,44-Rhode Island/20-Kansas,3-Water,0,0,-

44-Rhode Island,21-Kentucky,44-Rhode Island/21-Kentucky,3-Water,0,0,-

44-Rhode Island,22-Louisiana,44-Rhode Island/22-Louisiana,3-Water,0,0,-

44-Rhode Island,23-Maine,44-Rhode Island/23-Maine,3-Water,0,0,-

44-Rhode Island,24-Maryland,44-Rhode Island/24-Maryland,3-Water,0,0,-

44-Rhode Island,25-Massachusetts,44-Rhode Island/25-Massachusetts,3-Water,0,0,-

44-Rhode Island,26-Michigan,44-Rhode Island/26-Michigan,3-Water,0,0,-

44-Rhode Island,27-Minnesota,44-Rhode Island/27-Minnesota,3-Water,0,0,-

44-Rhode Island,28-Mississippi,44-Rhode Island/28-Mississippi,3-Water,0,0,-

44-Rhode Island,29-Missouri,44-Rhode Island/29-Missouri,3-Water,0,0,-

44-Rhode Island,30-Montana,44-Rhode Island/30-Montana,3-Water,0,0,-

44-Rhode Island,31-Nebraska,44-Rhode Island/31-Nebraska,3-Water,0,0,-

44-Rhode Island,32-Nevada,44-Rhode Island/32-Nevada,3-Water,0,0,-

44-Rhode Island,33-New Hampshire,44-Rhode Island/33-New Hampshire,3-Water,0,0,-

44-Rhode Island,34-New Jersey,44-Rhode Island/34-New Jersey,3-Water,0,0,-

44-Rhode Island,35-New Mexico,44-Rhode Island/35-New Mexico,3-Water,0,0,-

44-Rhode Island,36-New York,44-Rhode Island/36-New York,3-Water,0,0,-

44-Rhode Island,37-North Carolina,44-Rhode Island/37-North Carolina,3-Water,0,0,-

44-Rhode Island,38-North Dakota,44-Rhode Island/38-North Dakota,3-Water,0,0,-

44-Rhode Island,39-Ohio,44-Rhode Island/39-Ohio,3-Water,0,0,-

44-Rhode Island,40-Oklahoma,44-Rhode Island/40-Oklahoma,3-Water,0,0,-

44-Rhode Island,41-Oregon,44-Rhode Island/41-Oregon,3-Water,0,0,-

44-Rhode Island,42-Pennsylvania,44-Rhode Island/42-Pennsylvania,3-Water,0,0,-

44-Rhode Island,44-Rhode Island,44-Rhode Island/44-Rhode Island,3-Water,0,0,-

44-Rhode Island,45-South Carolina,44-Rhode Island/45-South Carolina,3-Water,0,0,-

44-Rhode Island,46-South Dakota,44-Rhode Island/46-South Dakota,3-Water,0,0,-

44-Rhode Island,47-Tennessee,44-Rhode Island/47-Tennessee,3-Water,0,0,-

44-Rhode Island,48-Texas,44-Rhode Island/48-Texas,3-Water,0,0,-

44-Rhode Island,49-Utah,44-Rhode Island/49-Utah,3-Water,0,0,-

44-Rhode Island,50-Vermont,44-Rhode Island/50-Vermont,3-Water,0,0,-

44-Rhode Island,51-Virginia,44-Rhode Island/51-Virginia,3-Water,0,0,-

44-Rhode Island,53-Washington,44-Rhode Island/53-Washington,3-Water,0,0,-

44-Rhode Island,54-West Virginia,44-Rhode Island/54-West Virginia,3-Water,0,0,-

44-Rhode Island,55-Wisconsin,44-Rhode Island/55-Wisconsin,3-Water,0,0,-

44-Rhode Island,56-Wyoming,44-Rhode Island/56-Wyoming,3-Water,0,0,-

45-South Carolina,01-Alabama,45-South Carolina/01-Alabama,3-Water,0,0,-

45-South Carolina,02-Alaska,45-South Carolina/02-Alaska,3-Water,0,0,-

45-South Carolina,04-Arizona,45-South Carolina/04-Arizona,3-Water,0,0,-

45-South Carolina,05-Arkansas,45-South Carolina/05-Arkansas,3-Water,0,0,-

45-South Carolina,06-California,45-South Carolina/06-California,3-Water,0,0,-

45-South Carolina,08-Colorado,45-South Carolina/08-Colorado,3-Water,0,0,-

45-South Carolina,09-Connecticut,45-South Carolina/09-Connecticut,3-Water,0,0,-

45-South Carolina,10-Delaware,45-South Carolina/10-Delaware,3-Water,0,0,-

45-South Carolina,11-Washington DC,45-South Carolina/11-Washington DC,3-Water,0,0,-

45-South Carolina,12-Florida,45-South Carolina/12-Florida,3-Water,0,0,-

45-South Carolina,13-Georgia,45-South Carolina/13-Georgia,3-Water,0.0591479,12.004,202.948879

45-South Carolina,15-Hawaii,45-South Carolina/15-Hawaii,3-Water,0,0,-

45-South Carolina,16-Idaho,45-South Carolina/16-Idaho,3-Water,0,0,-

45-South Carolina,17-Illinois,45-South Carolina/17-Illinois,3-Water,0,0,-

45-South Carolina,18-Indiana,45-South Carolina/18-Indiana,3-Water,0,0,-

45-South Carolina,19-Iowa,45-South Carolina/19-Iowa,3-Water,0,0,-

45-South Carolina,20-Kansas,45-South Carolina/20-Kansas,3-Water,0,0,-

45-South Carolina,21-Kentucky,45-South Carolina/21-Kentucky,3-Water,0,0,-

45-South Carolina,22-Louisiana,45-South Carolina/22-Louisiana,3-Water,0,0,-

45-South Carolina,23-Maine,45-South Carolina/23-Maine,3-Water,0,0,-

45-South Carolina,24-Maryland,45-South Carolina/24-Maryland,3-Water,0,0,-

45-South Carolina,25-Massachusetts,45-South Carolina/25-Massachusetts,3-Water,0,0,-

45-South Carolina,26-Michigan,45-South Carolina/26-Michigan,3-Water,0,0,-

45-South Carolina,27-Minnesota,45-South Carolina/27-Minnesota,3-Water,0,0,-

45-South Carolina,28-Mississippi,45-South Carolina/28-Mississippi,3-Water,0,0,-

45-South Carolina,29-Missouri,45-South Carolina/29-Missouri,3-Water,0,0,-

45-South Carolina,30-Montana,45-South Carolina/30-Montana,3-Water,0,0,-

45-South Carolina,31-Nebraska,45-South Carolina/31-Nebraska,3-Water,0,0,-

45-South Carolina,32-Nevada,45-South Carolina/32-Nevada,3-Water,0,0,-

45-South Carolina,33-New Hampshire,45-South Carolina/33-New Hampshire,3-Water,0,0,-

45-South Carolina,34-New Jersey,45-South Carolina/34-New Jersey,3-Water,0,0,-

45-South Carolina,35-New Mexico,45-South Carolina/35-New Mexico,3-Water,0,0,-

45-South Carolina,36-New York,45-South Carolina/36-New York,3-Water,0,0,-

45-South Carolina,37-North Carolina,45-South Carolina/37-North Carolina,3-Water,0,0,-

45-South Carolina,38-North Dakota,45-South Carolina/38-North Dakota,3-Water,0,0,-

45-South Carolina,39-Ohio,45-South Carolina/39-Ohio,3-Water,0,0,-

45-South Carolina,40-Oklahoma,45-South Carolina/40-Oklahoma,3-Water,0,0,-

45-South Carolina,41-Oregon,45-South Carolina/41-Oregon,3-Water,0,0,-

45-South Carolina,42-Pennsylvania,45-South Carolina/42-Pennsylvania,3-Water,0,0,-

45-South Carolina,44-Rhode Island,45-South Carolina/44-Rhode Island,3-Water,0,0,-

45-South Carolina,45-South Carolina,45-South Carolina/45-South Carolina,3-Water,0,0,-

45-South Carolina,46-South Dakota,45-South Carolina/46-South Dakota,3-Water,0,0,-

45-South Carolina,47-Tennessee,45-South Carolina/47-Tennessee,3-Water,0.0001029,0.1986,1930.029155

45-South Carolina,48-Texas,45-South Carolina/48-Texas,3-Water,0.404692,661.6892,1635.043935

45-South Carolina,49-Utah,45-South Carolina/49-Utah,3-Water,0,0,-

45-South Carolina,50-Vermont,45-South Carolina/50-Vermont,3-Water,0,0,-

45-South Carolina,51-Virginia,45-South Carolina/51-Virginia,3-Water,0,0,-

45-South Carolina,53-Washington,45-South Carolina/53-Washington,3-Water,0,0,-

45-South Carolina,54-West Virginia,45-South Carolina/54-West Virginia,3-Water,0,0,-

45-South Carolina,55-Wisconsin,45-South Carolina/55-Wisconsin,3-Water,0,0,-

45-South Carolina,56-Wyoming,45-South Carolina/56-Wyoming,3-Water,0,0,-

46-South Dakota,01-Alabama,46-South Dakota/01-Alabama,3-Water,0,0,-

46-South Dakota,02-Alaska,46-South Dakota/02-Alaska,3-Water,0,0,-

46-South Dakota,04-Arizona,46-South Dakota/04-Arizona,3-Water,0,0,-

46-South Dakota,05-Arkansas,46-South Dakota/05-Arkansas,3-Water,0,0,-

46-South Dakota,06-California,46-South Dakota/06-California,3-Water,0,0,-

46-South Dakota,08-Colorado,46-South Dakota/08-Colorado,3-Water,0,0,-

46-South Dakota,09-Connecticut,46-South Dakota/09-Connecticut,3-Water,0,0,-

46-South Dakota,10-Delaware,46-South Dakota/10-Delaware,3-Water,0,0,-

46-South Dakota,11-Washington DC,46-South Dakota/11-Washington DC,3-Water,0,0,-

46-South Dakota,12-Florida,46-South Dakota/12-Florida,3-Water,0,0,-

46-South Dakota,13-Georgia,46-South Dakota/13-Georgia,3-Water,0,0,-

46-South Dakota,15-Hawaii,46-South Dakota/15-Hawaii,3-Water,0,0,-

46-South Dakota,16-Idaho,46-South Dakota/16-Idaho,3-Water,0,0,-

46-South Dakota,17-Illinois,46-South Dakota/17-Illinois,3-Water,0,0,-

46-South Dakota,18-Indiana,46-South Dakota/18-Indiana,3-Water,0,0,-

46-South Dakota,19-Iowa,46-South Dakota/19-Iowa,3-Water,0,0,-

46-South Dakota,20-Kansas,46-South Dakota/20-Kansas,3-Water,0,0,-

46-South Dakota,21-Kentucky,46-South Dakota/21-Kentucky,3-Water,0,0,-

46-South Dakota,22-Louisiana,46-South Dakota/22-Louisiana,3-Water,0,0,-

46-South Dakota,23-Maine,46-South Dakota/23-Maine,3-Water,0,0,-

46-South Dakota,24-Maryland,46-South Dakota/24-Maryland,3-Water,0,0,-

46-South Dakota,25-Massachusetts,46-South Dakota/25-Massachusetts,3-Water,0,0,-

46-South Dakota,26-Michigan,46-South Dakota/26-Michigan,3-Water,0,0,-

46-South Dakota,27-Minnesota,46-South Dakota/27-Minnesota,3-Water,0,0,-

46-South Dakota,28-Mississippi,46-South Dakota/28-Mississippi,3-Water,0,0,-

46-South Dakota,29-Missouri,46-South Dakota/29-Missouri,3-Water,0,0,-

46-South Dakota,30-Montana,46-South Dakota/30-Montana,3-Water,0,0,-

46-South Dakota,31-Nebraska,46-South Dakota/31-Nebraska,3-Water,0,0,-

46-South Dakota,32-Nevada,46-South Dakota/32-Nevada,3-Water,0,0,-

46-South Dakota,33-New Hampshire,46-South Dakota/33-New Hampshire,3-Water,0,0,-

46-South Dakota,34-New Jersey,46-South Dakota/34-New Jersey,3-Water,0,0,-

46-South Dakota,35-New Mexico,46-South Dakota/35-New Mexico,3-Water,0,0,-

46-South Dakota,36-New York,46-South Dakota/36-New York,3-Water,0,0,-

46-South Dakota,37-North Carolina,46-South Dakota/37-North Carolina,3-Water,0,0,-

46-South Dakota,38-North Dakota,46-South Dakota/38-North Dakota,3-Water,0,0,-

46-South Dakota,39-Ohio,46-South Dakota/39-Ohio,3-Water,0,0,-

46-South Dakota,40-Oklahoma,46-South Dakota/40-Oklahoma,3-Water,0,0,-

46-South Dakota,41-Oregon,46-South Dakota/41-Oregon,3-Water,0,0,-

46-South Dakota,42-Pennsylvania,46-South Dakota/42-Pennsylvania,3-Water,0,0,-

46-South Dakota,44-Rhode Island,46-South Dakota/44-Rhode Island,3-Water,0,0,-

46-South Dakota,45-South Carolina,46-South Dakota/45-South Carolina,3-Water,0,0,-

46-South Dakota,46-South Dakota,46-South Dakota/46-South Dakota,3-Water,0,0,-

46-South Dakota,47-Tennessee,46-South Dakota/47-Tennessee,3-Water,0,0,-

46-South Dakota,48-Texas,46-South Dakota/48-Texas,3-Water,0,0,-

46-South Dakota,49-Utah,46-South Dakota/49-Utah,3-Water,0,0,-

46-South Dakota,50-Vermont,46-South Dakota/50-Vermont,3-Water,0,0,-

46-South Dakota,51-Virginia,46-South Dakota/51-Virginia,3-Water,0,0,-

46-South Dakota,53-Washington,46-South Dakota/53-Washington,3-Water,0,0,-

46-South Dakota,54-West Virginia,46-South Dakota/54-West Virginia,3-Water,0,0,-

46-South Dakota,55-Wisconsin,46-South Dakota/55-Wisconsin,3-Water,0,0,-

46-South Dakota,56-Wyoming,46-South Dakota/56-Wyoming,3-Water,0,0,-

47-Tennessee,01-Alabama,47-Tennessee/01-Alabama,3-Water,0.438209,347.6241,793.2837984

47-Tennessee,02-Alaska,47-Tennessee/02-Alaska,3-Water,0,0,-

47-Tennessee,04-Arizona,47-Tennessee/04-Arizona,3-Water,0,0,-

47-Tennessee,05-Arkansas,47-Tennessee/05-Arkansas,3-Water,0.394976,134.4515,340.4042271

47-Tennessee,06-California,47-Tennessee/06-California,3-Water,0,0,-

47-Tennessee,08-Colorado,47-Tennessee/08-Colorado,3-Water,0,0,-

47-Tennessee,09-Connecticut,47-Tennessee/09-Connecticut,3-Water,0,0,-

47-Tennessee,10-Delaware,47-Tennessee/10-Delaware,3-Water,0,0,-

47-Tennessee,11-Washington DC,47-Tennessee/11-Washington DC,3-Water,0,0,-

47-Tennessee,12-Florida,47-Tennessee/12-Florida,3-Water,0,0,-

47-Tennessee,13-Georgia,47-Tennessee/13-Georgia,3-Water,0,0,-

47-Tennessee,15-Hawaii,47-Tennessee/15-Hawaii,3-Water,0,0,-

47-Tennessee,16-Idaho,47-Tennessee/16-Idaho,3-Water,0,0,-

47-Tennessee,17-Illinois,47-Tennessee/17-Illinois,3-Water,0.3407105,230.1941,675.6296034

47-Tennessee,18-Indiana,47-Tennessee/18-Indiana,3-Water,0.0260565,11.9758,459.6089268

47-Tennessee,19-Iowa,47-Tennessee/19-Iowa,3-Water,0,0,-

47-Tennessee,20-Kansas,47-Tennessee/20-Kansas,3-Water,0,0,-

47-Tennessee,21-Kentucky,47-Tennessee/21-Kentucky,3-Water,1.0894004,543.0599,498.4943093

47-Tennessee,22-Louisiana,47-Tennessee/22-Louisiana,3-Water,8.8754713,6668.9756,751.3939682

47-Tennessee,23-Maine,47-Tennessee/23-Maine,3-Water,0,0,-

47-Tennessee,24-Maryland,47-Tennessee/24-Maryland,3-Water,0,0,-

47-Tennessee,25-Massachusetts,47-Tennessee/25-Massachusetts,3-Water,0,0,-

47-Tennessee,26-Michigan,47-Tennessee/26-Michigan,3-Water,0,0,-

47-Tennessee,27-Minnesota,47-Tennessee/27-Minnesota,3-Water,0,0,-

47-Tennessee,28-Mississippi,47-Tennessee/28-Mississippi,3-Water,0,0,-

47-Tennessee,29-Missouri,47-Tennessee/29-Missouri,3-Water,0.2284858,88.6633,388.0473097

47-Tennessee,30-Montana,47-Tennessee/30-Montana,3-Water,0,0,-

47-Tennessee,31-Nebraska,47-Tennessee/31-Nebraska,3-Water,0,0,-

47-Tennessee,32-Nevada,47-Tennessee/32-Nevada,3-Water,0,0,-

47-Tennessee,33-New Hampshire,47-Tennessee/33-New Hampshire,3-Water,0,0,-

47-Tennessee,34-New Jersey,47-Tennessee/34-New Jersey,3-Water,0,0,-

47-Tennessee,35-New Mexico,47-Tennessee/35-New Mexico,3-Water,0,0,-

47-Tennessee,36-New York,47-Tennessee/36-New York,3-Water,0,0,-

47-Tennessee,37-North Carolina,47-Tennessee/37-North Carolina,3-Water,0,0,-

47-Tennessee,38-North Dakota,47-Tennessee/38-North Dakota,3-Water,0,0,-

47-Tennessee,39-Ohio,47-Tennessee/39-Ohio,3-Water,0.0495541,58.8565,1187.722106

47-Tennessee,40-Oklahoma,47-Tennessee/40-Oklahoma,3-Water,0.0709954,43.8571,617.7456568

47-Tennessee,41-Oregon,47-Tennessee/41-Oregon,3-Water,0,0,-

47-Tennessee,42-Pennsylvania,47-Tennessee/42-Pennsylvania,3-Water,0.0594785,71.3524,1199.633481

47-Tennessee,44-Rhode Island,47-Tennessee/44-Rhode Island,3-Water,0,0,-

47-Tennessee,45-South Carolina,47-Tennessee/45-South Carolina,3-Water,0.0001029,0.1986,1930.029155

47-Tennessee,46-South Dakota,47-Tennessee/46-South Dakota,3-Water,0,0,-

47-Tennessee,47-Tennessee,47-Tennessee/47-Tennessee,3-Water,2.9288672,138.8366,47.40283206

47-Tennessee,48-Texas,47-Tennessee/48-Texas,3-Water,0.9230357,896.3812,971.1230021

47-Tennessee,49-Utah,47-Tennessee/49-Utah,3-Water,0,0,-

47-Tennessee,50-Vermont,47-Tennessee/50-Vermont,3-Water,0,0,-

47-Tennessee,51-Virginia,47-Tennessee/51-Virginia,3-Water,0,0,-

47-Tennessee,53-Washington,47-Tennessee/53-Washington,3-Water,0,0,-

47-Tennessee,54-West Virginia,47-Tennessee/54-West Virginia,3-Water,0.1680272,177.0214,1053.528238

47-Tennessee,55-Wisconsin,47-Tennessee/55-Wisconsin,3-Water,0,0,-

47-Tennessee,56-Wyoming,47-Tennessee/56-Wyoming,3-Water,0,0,-

48-Texas,01-Alabama,48-Texas/01-Alabama,3-Water,2.0697622,1514.7694,731.8567321

48-Texas,02-Alaska,48-Texas/02-Alaska,3-Water,0.0017075,13.1836,7720.995608

48-Texas,04-Arizona,48-Texas/04-Arizona,3-Water,0,0,-

48-Texas,05-Arkansas,48-Texas/05-Arkansas,3-Water,1.586706,1365.0995,860.3355001

48-Texas,06-California,48-Texas/06-California,3-Water,0.0444807,244.4677,5496.039855

48-Texas,08-Colorado,48-Texas/08-Colorado,3-Water,0,0,-

48-Texas,09-Connecticut,48-Texas/09-Connecticut,3-Water,0.3161367,724.0981,2290.458843

48-Texas,10-Delaware,48-Texas/10-Delaware,3-Water,0.4380254,975.3936,2226.796894

48-Texas,11-Washington DC,48-Texas/11-Washington DC,3-Water,0,0,-

48-Texas,12-Florida,48-Texas/12-Florida,3-Water,2.0785071,2143.8315,1031.428519

48-Texas,13-Georgia,48-Texas/13-Georgia,3-Water,0,0,-

48-Texas,15-Hawaii,48-Texas/15-Hawaii,3-Water,0.001585,11.5415,7281.70347

48-Texas,16-Idaho,48-Texas/16-Idaho,3-Water,0,0,-

48-Texas,17-Illinois,48-Texas/17-Illinois,3-Water,0.8249553,1264.2683,1532.529459

48-Texas,18-Indiana,48-Texas/18-Indiana,3-Water,0.0000006,0.0009,1500

48-Texas,19-Iowa,48-Texas/19-Iowa,3-Water,0,0,-

48-Texas,20-Kansas,48-Texas/20-Kansas,3-Water,0,0,-

48-Texas,21-Kentucky,48-Texas/21-Kentucky,3-Water,0.1653452,239.2853,1447.18625

48-Texas,22-Louisiana,48-Texas/22-Louisiana,3-Water,57.8770154,21725.6354,375.3758768

48-Texas,23-Maine,48-Texas/23-Maine,3-Water,0,0,-

48-Texas,24-Maryland,48-Texas/24-Maryland,3-Water,0,0,-

48-Texas,25-Massachusetts,48-Texas/25-Massachusetts,3-Water,0,0,-

48-Texas,26-Michigan,48-Texas/26-Michigan,3-Water,0,0,-

48-Texas,27-Minnesota,48-Texas/27-Minnesota,3-Water,0,0,-

48-Texas,28-Mississippi,48-Texas/28-Mississippi,3-Water,2.0428296,1191.2128,583.1190228

48-Texas,29-Missouri,48-Texas/29-Missouri,3-Water,0.6828917,832.6934,1219.363773

48-Texas,30-Montana,48-Texas/30-Montana,3-Water,0,0,-

48-Texas,31-Nebraska,48-Texas/31-Nebraska,3-Water,0,0,-

48-Texas,32-Nevada,48-Texas/32-Nevada,3-Water,0,0,-

48-Texas,33-New Hampshire,48-Texas/33-New Hampshire,3-Water,0,0,-

48-Texas,34-New Jersey,48-Texas/34-New Jersey,3-Water,0.9003629,2049.8409,2276.682991

48-Texas,35-New Mexico,48-Texas/35-New Mexico,3-Water,0,0,-

48-Texas,36-New York,48-Texas/36-New York,3-Water,0,0,-

48-Texas,37-North Carolina,48-Texas/37-North Carolina,3-Water,0,0,-

48-Texas,38-North Dakota,48-Texas/38-North Dakota,3-Water,0,0,-

48-Texas,39-Ohio,48-Texas/39-Ohio,3-Water,0.5569372,1083.8888,1946.159818

48-Texas,40-Oklahoma,48-Texas/40-Oklahoma,3-Water,0.1079714,127.2382,1178.443551

48-Texas,41-Oregon,48-Texas/41-Oregon,3-Water,0,0,-

48-Texas,42-Pennsylvania,48-Texas/42-Pennsylvania,3-Water,1.0865671,2411.2635,2219.157473

48-Texas,44-Rhode Island,48-Texas/44-Rhode Island,3-Water,0,0,-

48-Texas,45-South Carolina,48-Texas/45-South Carolina,3-Water,0.404692,661.6892,1635.043935

48-Texas,46-South Dakota,48-Texas/46-South Dakota,3-Water,0,0,-

48-Texas,47-Tennessee,48-Texas/47-Tennessee,3-Water,0.9230357,896.3812,971.1230021

48-Texas,48-Texas,48-Texas/48-Texas,3-Water,224.276934,19962.9816,89.01040889

48-Texas,49-Utah,48-Texas/49-Utah,3-Water,0,0,-

48-Texas,50-Vermont,48-Texas/50-Vermont,3-Water,0,0,-

48-Texas,51-Virginia,48-Texas/51-Virginia,3-Water,0,0,-

48-Texas,53-Washington,48-Texas/53-Washington,3-Water,0.0068095,45.3205,6655.481313

48-Texas,54-West Virginia,48-Texas/54-West Virginia,3-Water,1.3750801,2482.8704,1805.618742

48-Texas,55-Wisconsin,48-Texas/55-Wisconsin,3-Water,0,0,-

48-Texas,56-Wyoming,48-Texas/56-Wyoming,3-Water,0,0,-

49-Utah,01-Alabama,49-Utah/01-Alabama,3-Water,0,0,-

49-Utah,02-Alaska,49-Utah/02-Alaska,3-Water,0,0,-

49-Utah,04-Arizona,49-Utah/04-Arizona,3-Water,0,0,-

49-Utah,05-Arkansas,49-Utah/05-Arkansas,3-Water,0,0,-

49-Utah,06-California,49-Utah/06-California,3-Water,0,0,-

49-Utah,08-Colorado,49-Utah/08-Colorado,3-Water,0,0,-

49-Utah,09-Connecticut,49-Utah/09-Connecticut,3-Water,0,0,-

49-Utah,10-Delaware,49-Utah/10-Delaware,3-Water,0,0,-

49-Utah,11-Washington DC,49-Utah/11-Washington DC,3-Water,0,0,-

49-Utah,12-Florida,49-Utah/12-Florida,3-Water,0,0,-

49-Utah,13-Georgia,49-Utah/13-Georgia,3-Water,0,0,-

49-Utah,15-Hawaii,49-Utah/15-Hawaii,3-Water,0,0,-

49-Utah,16-Idaho,49-Utah/16-Idaho,3-Water,0,0,-

49-Utah,17-Illinois,49-Utah/17-Illinois,3-Water,0,0,-

49-Utah,18-Indiana,49-Utah/18-Indiana,3-Water,0,0,-

49-Utah,19-Iowa,49-Utah/19-Iowa,3-Water,0,0,-

49-Utah,20-Kansas,49-Utah/20-Kansas,3-Water,0,0,-

49-Utah,21-Kentucky,49-Utah/21-Kentucky,3-Water,0,0,-

49-Utah,22-Louisiana,49-Utah/22-Louisiana,3-Water,0,0,-

49-Utah,23-Maine,49-Utah/23-Maine,3-Water,0,0,-

49-Utah,24-Maryland,49-Utah/24-Maryland,3-Water,0,0,-

49-Utah,25-Massachusetts,49-Utah/25-Massachusetts,3-Water,0,0,-

49-Utah,26-Michigan,49-Utah/26-Michigan,3-Water,0,0,-

49-Utah,27-Minnesota,49-Utah/27-Minnesota,3-Water,0,0,-

49-Utah,28-Mississippi,49-Utah/28-Mississippi,3-Water,0,0,-

49-Utah,29-Missouri,49-Utah/29-Missouri,3-Water,0,0,-

49-Utah,30-Montana,49-Utah/30-Montana,3-Water,0,0,-

49-Utah,31-Nebraska,49-Utah/31-Nebraska,3-Water,0,0,-

49-Utah,32-Nevada,49-Utah/32-Nevada,3-Water,0,0,-

49-Utah,33-New Hampshire,49-Utah/33-New Hampshire,3-Water,0,0,-

49-Utah,34-New Jersey,49-Utah/34-New Jersey,3-Water,0,0,-

49-Utah,35-New Mexico,49-Utah/35-New Mexico,3-Water,0,0,-

49-Utah,36-New York,49-Utah/36-New York,3-Water,0,0,-

49-Utah,37-North Carolina,49-Utah/37-North Carolina,3-Water,0,0,-

49-Utah,38-North Dakota,49-Utah/38-North Dakota,3-Water,0,0,-

49-Utah,39-Ohio,49-Utah/39-Ohio,3-Water,0,0,-

49-Utah,40-Oklahoma,49-Utah/40-Oklahoma,3-Water,0,0,-

49-Utah,41-Oregon,49-Utah/41-Oregon,3-Water,0,0,-

49-Utah,42-Pennsylvania,49-Utah/42-Pennsylvania,3-Water,0,0,-

49-Utah,44-Rhode Island,49-Utah/44-Rhode Island,3-Water,0,0,-

49-Utah,45-South Carolina,49-Utah/45-South Carolina,3-Water,0,0,-

49-Utah,46-South Dakota,49-Utah/46-South Dakota,3-Water,0,0,-

49-Utah,47-Tennessee,49-Utah/47-Tennessee,3-Water,0,0,-

49-Utah,48-Texas,49-Utah/48-Texas,3-Water,0,0,-

49-Utah,49-Utah,49-Utah/49-Utah,3-Water,0,0,-

49-Utah,50-Vermont,49-Utah/50-Vermont,3-Water,0,0,-

49-Utah,51-Virginia,49-Utah/51-Virginia,3-Water,0,0,-

49-Utah,53-Washington,49-Utah/53-Washington,3-Water,0,0,-

49-Utah,54-West Virginia,49-Utah/54-West Virginia,3-Water,0,0,-

49-Utah,55-Wisconsin,49-Utah/55-Wisconsin,3-Water,0,0,-

49-Utah,56-Wyoming,49-Utah/56-Wyoming,3-Water,0,0,-

50-Vermont,01-Alabama,50-Vermont/01-Alabama,3-Water,0,0,-

50-Vermont,02-Alaska,50-Vermont/02-Alaska,3-Water,0,0,-

50-Vermont,04-Arizona,50-Vermont/04-Arizona,3-Water,0,0,-

50-Vermont,05-Arkansas,50-Vermont/05-Arkansas,3-Water,0,0,-

50-Vermont,06-California,50-Vermont/06-California,3-Water,0,0,-

50-Vermont,08-Colorado,50-Vermont/08-Colorado,3-Water,0,0,-

50-Vermont,09-Connecticut,50-Vermont/09-Connecticut,3-Water,0,0,-

50-Vermont,10-Delaware,50-Vermont/10-Delaware,3-Water,0,0,-

50-Vermont,11-Washington DC,50-Vermont/11-Washington DC,3-Water,0,0,-

50-Vermont,12-Florida,50-Vermont/12-Florida,3-Water,0,0,-

50-Vermont,13-Georgia,50-Vermont/13-Georgia,3-Water,0,0,-

50-Vermont,15-Hawaii,50-Vermont/15-Hawaii,3-Water,0,0,-

50-Vermont,16-Idaho,50-Vermont/16-Idaho,3-Water,0,0,-

50-Vermont,17-Illinois,50-Vermont/17-Illinois,3-Water,0,0,-

50-Vermont,18-Indiana,50-Vermont/18-Indiana,3-Water,0,0,-

50-Vermont,19-Iowa,50-Vermont/19-Iowa,3-Water,0,0,-

50-Vermont,20-Kansas,50-Vermont/20-Kansas,3-Water,0,0,-

50-Vermont,21-Kentucky,50-Vermont/21-Kentucky,3-Water,0,0,-

50-Vermont,22-Louisiana,50-Vermont/22-Louisiana,3-Water,0,0,-

50-Vermont,23-Maine,50-Vermont/23-Maine,3-Water,0,0,-

50-Vermont,24-Maryland,50-Vermont/24-Maryland,3-Water,0,0,-

50-Vermont,25-Massachusetts,50-Vermont/25-Massachusetts,3-Water,0,0,-

50-Vermont,26-Michigan,50-Vermont/26-Michigan,3-Water,0,0,-

50-Vermont,27-Minnesota,50-Vermont/27-Minnesota,3-Water,0,0,-

50-Vermont,28-Mississippi,50-Vermont/28-Mississippi,3-Water,0,0,-

50-Vermont,29-Missouri,50-Vermont/29-Missouri,3-Water,0,0,-

50-Vermont,30-Montana,50-Vermont/30-Montana,3-Water,0,0,-

50-Vermont,31-Nebraska,50-Vermont/31-Nebraska,3-Water,0,0,-

50-Vermont,32-Nevada,50-Vermont/32-Nevada,3-Water,0,0,-

50-Vermont,33-New Hampshire,50-Vermont/33-New Hampshire,3-Water,0,0,-

50-Vermont,34-New Jersey,50-Vermont/34-New Jersey,3-Water,0,0,-

50-Vermont,35-New Mexico,50-Vermont/35-New Mexico,3-Water,0,0,-

50-Vermont,36-New York,50-Vermont/36-New York,3-Water,0,0,-

50-Vermont,37-North Carolina,50-Vermont/37-North Carolina,3-Water,0,0,-

50-Vermont,38-North Dakota,50-Vermont/38-North Dakota,3-Water,0,0,-

50-Vermont,39-Ohio,50-Vermont/39-Ohio,3-Water,0,0,-

50-Vermont,40-Oklahoma,50-Vermont/40-Oklahoma,3-Water,0,0,-

50-Vermont,41-Oregon,50-Vermont/41-Oregon,3-Water,0,0,-

50-Vermont,42-Pennsylvania,50-Vermont/42-Pennsylvania,3-Water,0,0,-

50-Vermont,44-Rhode Island,50-Vermont/44-Rhode Island,3-Water,0,0,-

50-Vermont,45-South Carolina,50-Vermont/45-South Carolina,3-Water,0,0,-

50-Vermont,46-South Dakota,50-Vermont/46-South Dakota,3-Water,0,0,-

50-Vermont,47-Tennessee,50-Vermont/47-Tennessee,3-Water,0,0,-

50-Vermont,48-Texas,50-Vermont/48-Texas,3-Water,0,0,-

50-Vermont,49-Utah,50-Vermont/49-Utah,3-Water,0,0,-

50-Vermont,50-Vermont,50-Vermont/50-Vermont,3-Water,0,0,-

50-Vermont,51-Virginia,50-Vermont/51-Virginia,3-Water,0,0,-

50-Vermont,53-Washington,50-Vermont/53-Washington,3-Water,0,0,-

50-Vermont,54-West Virginia,50-Vermont/54-West Virginia,3-Water,0,0,-

50-Vermont,55-Wisconsin,50-Vermont/55-Wisconsin,3-Water,0,0,-

50-Vermont,56-Wyoming,50-Vermont/56-Wyoming,3-Water,0,0,-

51-Virginia,01-Alabama,51-Virginia/01-Alabama,3-Water,0,0,-

51-Virginia,02-Alaska,51-Virginia/02-Alaska,3-Water,0,0,-

51-Virginia,04-Arizona,51-Virginia/04-Arizona,3-Water,0,0,-

51-Virginia,05-Arkansas,51-Virginia/05-Arkansas,3-Water,0,0,-

51-Virginia,06-California,51-Virginia/06-California,3-Water,0,0,-

51-Virginia,08-Colorado,51-Virginia/08-Colorado,3-Water,0,0,-

51-Virginia,09-Connecticut,51-Virginia/09-Connecticut,3-Water,0,0,-

51-Virginia,10-Delaware,51-Virginia/10-Delaware,3-Water,0.6379911,137.259,215.1424996

51-Virginia,11-Washington DC,51-Virginia/11-Washington DC,3-Water,0,0,-

51-Virginia,12-Florida,51-Virginia/12-Florida,3-Water,0,0,-

51-Virginia,13-Georgia,51-Virginia/13-Georgia,3-Water,0,0,-

51-Virginia,15-Hawaii,51-Virginia/15-Hawaii,3-Water,0,0,-

51-Virginia,16-Idaho,51-Virginia/16-Idaho,3-Water,0,0,-

51-Virginia,17-Illinois,51-Virginia/17-Illinois,3-Water,0,0,-

51-Virginia,18-Indiana,51-Virginia/18-Indiana,3-Water,0,0,-

51-Virginia,19-Iowa,51-Virginia/19-Iowa,3-Water,0,0,-

51-Virginia,20-Kansas,51-Virginia/20-Kansas,3-Water,0,0,-

51-Virginia,21-Kentucky,51-Virginia/21-Kentucky,3-Water,0,0,-

51-Virginia,22-Louisiana,51-Virginia/22-Louisiana,3-Water,0,0,-

51-Virginia,23-Maine,51-Virginia/23-Maine,3-Water,0,0,-

51-Virginia,24-Maryland,51-Virginia/24-Maryland,3-Water,3.4082712,514.3225,150.904218

51-Virginia,25-Massachusetts,51-Virginia/25-Massachusetts,3-Water,0,0,-

51-Virginia,26-Michigan,51-Virginia/26-Michigan,3-Water,0,0,-

51-Virginia,27-Minnesota,51-Virginia/27-Minnesota,3-Water,0,0,-

51-Virginia,28-Mississippi,51-Virginia/28-Mississippi,3-Water,0,0,-

51-Virginia,29-Missouri,51-Virginia/29-Missouri,3-Water,0,0,-

51-Virginia,30-Montana,51-Virginia/30-Montana,3-Water,0,0,-

51-Virginia,31-Nebraska,51-Virginia/31-Nebraska,3-Water,0,0,-

51-Virginia,32-Nevada,51-Virginia/32-Nevada,3-Water,0,0,-

51-Virginia,33-New Hampshire,51-Virginia/33-New Hampshire,3-Water,0,0,-

51-Virginia,34-New Jersey,51-Virginia/34-New Jersey,3-Water,0,0,-

51-Virginia,35-New Mexico,51-Virginia/35-New Mexico,3-Water,0,0,-

51-Virginia,36-New York,51-Virginia/36-New York,3-Water,0,0,-

51-Virginia,37-North Carolina,51-Virginia/37-North Carolina,3-Water,0,0,-

51-Virginia,38-North Dakota,51-Virginia/38-North Dakota,3-Water,0,0,-

51-Virginia,39-Ohio,51-Virginia/39-Ohio,3-Water,0,0,-

51-Virginia,40-Oklahoma,51-Virginia/40-Oklahoma,3-Water,0,0,-

51-Virginia,41-Oregon,51-Virginia/41-Oregon,3-Water,0,0,-

51-Virginia,42-Pennsylvania,51-Virginia/42-Pennsylvania,3-Water,0,0,-

51-Virginia,44-Rhode Island,51-Virginia/44-Rhode Island,3-Water,0,0,-

51-Virginia,45-South Carolina,51-Virginia/45-South Carolina,3-Water,0,0,-

51-Virginia,46-South Dakota,51-Virginia/46-South Dakota,3-Water,0,0,-

51-Virginia,47-Tennessee,51-Virginia/47-Tennessee,3-Water,0,0,-

51-Virginia,48-Texas,51-Virginia/48-Texas,3-Water,0,0,-

51-Virginia,49-Utah,51-Virginia/49-Utah,3-Water,0,0,-

51-Virginia,50-Vermont,51-Virginia/50-Vermont,3-Water,0,0,-

51-Virginia,51-Virginia,51-Virginia/51-Virginia,3-Water,2.0559538,225.2972,109.5828126

51-Virginia,53-Washington,51-Virginia/53-Washington,3-Water,0,0,-

51-Virginia,54-West Virginia,51-Virginia/54-West Virginia,3-Water,0,0,-

51-Virginia,55-Wisconsin,51-Virginia/55-Wisconsin,3-Water,0,0,-

51-Virginia,56-Wyoming,51-Virginia/56-Wyoming,3-Water,0,0,-

53-Washington,01-Alabama,53-Washington/01-Alabama,3-Water,0,0,-

53-Washington,02-Alaska,53-Washington/02-Alaska,3-Water,3.053854,6331.6337,2073.325608

53-Washington,04-Arizona,53-Washington/04-Arizona,3-Water,0,0,-

53-Washington,05-Arkansas,53-Washington/05-Arkansas,3-Water,0,0,-

53-Washington,06-California,53-Washington/06-California,3-Water,0,0,-

53-Washington,08-Colorado,53-Washington/08-Colorado,3-Water,0,0,-

53-Washington,09-Connecticut,53-Washington/09-Connecticut,3-Water,0,0,-

53-Washington,10-Delaware,53-Washington/10-Delaware,3-Water,0,0,-

53-Washington,11-Washington DC,53-Washington/11-Washington DC,3-Water,0,0,-

53-Washington,12-Florida,53-Washington/12-Florida,3-Water,0,0,-

53-Washington,13-Georgia,53-Washington/13-Georgia,3-Water,0,0,-

53-Washington,15-Hawaii,53-Washington/15-Hawaii,3-Water,0.0292108,83.7978,2868.726635

53-Washington,16-Idaho,53-Washington/16-Idaho,3-Water,0,0,-

53-Washington,17-Illinois,53-Washington/17-Illinois,3-Water,0,0,-

53-Washington,18-Indiana,53-Washington/18-Indiana,3-Water,0,0,-

53-Washington,19-Iowa,53-Washington/19-Iowa,3-Water,0,0,-

53-Washington,20-Kansas,53-Washington/20-Kansas,3-Water,0,0,-

53-Washington,21-Kentucky,53-Washington/21-Kentucky,3-Water,0,0,-

53-Washington,22-Louisiana,53-Washington/22-Louisiana,3-Water,0,0,-

53-Washington,23-Maine,53-Washington/23-Maine,3-Water,0,0,-

53-Washington,24-Maryland,53-Washington/24-Maryland,3-Water,0,0,-

53-Washington,25-Massachusetts,53-Washington/25-Massachusetts,3-Water,0,0,-

53-Washington,26-Michigan,53-Washington/26-Michigan,3-Water,0,0,-

53-Washington,27-Minnesota,53-Washington/27-Minnesota,3-Water,0,0,-

53-Washington,28-Mississippi,53-Washington/28-Mississippi,3-Water,0,0,-

53-Washington,29-Missouri,53-Washington/29-Missouri,3-Water,0,0,-

53-Washington,30-Montana,53-Washington/30-Montana,3-Water,0,0,-

53-Washington,31-Nebraska,53-Washington/31-Nebraska,3-Water,0,0,-

53-Washington,32-Nevada,53-Washington/32-Nevada,3-Water,0,0,-

53-Washington,33-New Hampshire,53-Washington/33-New Hampshire,3-Water,0,0,-

53-Washington,34-New Jersey,53-Washington/34-New Jersey,3-Water,0,0,-

53-Washington,35-New Mexico,53-Washington/35-New Mexico,3-Water,0,0,-

53-Washington,36-New York,53-Washington/36-New York,3-Water,0,0,-

53-Washington,37-North Carolina,53-Washington/37-North Carolina,3-Water,0,0,-

53-Washington,38-North Dakota,53-Washington/38-North Dakota,3-Water,0,0,-

53-Washington,39-Ohio,53-Washington/39-Ohio,3-Water,0,0,-

53-Washington,40-Oklahoma,53-Washington/40-Oklahoma,3-Water,0,0,-

53-Washington,41-Oregon,53-Washington/41-Oregon,3-Water,3.2227604,798.4178,247.7434562

53-Washington,42-Pennsylvania,53-Washington/42-Pennsylvania,3-Water,0,0,-

53-Washington,44-Rhode Island,53-Washington/44-Rhode Island,3-Water,0,0,-

53-Washington,45-South Carolina,53-Washington/45-South Carolina,3-Water,0,0,-

53-Washington,46-South Dakota,53-Washington/46-South Dakota,3-Water,0,0,-

53-Washington,47-Tennessee,53-Washington/47-Tennessee,3-Water,0,0,-

53-Washington,48-Texas,53-Washington/48-Texas,3-Water,0.0068095,45.3205,6655.481313

53-Washington,49-Utah,53-Washington/49-Utah,3-Water,0,0,-

53-Washington,50-Vermont,53-Washington/50-Vermont,3-Water,0,0,-

53-Washington,51-Virginia,53-Washington/51-Virginia,3-Water,0,0,-

53-Washington,53-Washington,53-Washington/53-Washington,3-Water,25.5868422,1709.7164,66.82014086

53-Washington,54-West Virginia,53-Washington/54-West Virginia,3-Water,0,0,-

53-Washington,55-Wisconsin,53-Washington/55-Wisconsin,3-Water,0,0,-

53-Washington,56-Wyoming,53-Washington/56-Wyoming,3-Water,0,0,-

54-West Virginia,01-Alabama,54-West Virginia/01-Alabama,3-Water,0,0,-

54-West Virginia,02-Alaska,54-West Virginia/02-Alaska,3-Water,0,0,-

54-West Virginia,04-Arizona,54-West Virginia/04-Arizona,3-Water,0,0,-

54-West Virginia,05-Arkansas,54-West Virginia/05-Arkansas,3-Water,0.0001742,0.1882,1080.367394

54-West Virginia,06-California,54-West Virginia/06-California,3-Water,0,0,-

54-West Virginia,08-Colorado,54-West Virginia/08-Colorado,3-Water,0,0,-

54-West Virginia,09-Connecticut,54-West Virginia/09-Connecticut,3-Water,0,0,-

54-West Virginia,10-Delaware,54-West Virginia/10-Delaware,3-Water,0,0,-

54-West Virginia,11-Washington DC,54-West Virginia/11-Washington DC,3-Water,0,0,-

54-West Virginia,12-Florida,54-West Virginia/12-Florida,3-Water,0,0,-

54-West Virginia,13-Georgia,54-West Virginia/13-Georgia,3-Water,0,0,-

54-West Virginia,15-Hawaii,54-West Virginia/15-Hawaii,3-Water,0,0,-

54-West Virginia,16-Idaho,54-West Virginia/16-Idaho,3-Water,0,0,-

54-West Virginia,17-Illinois,54-West Virginia/17-Illinois,3-Water,0,0,-

54-West Virginia,18-Indiana,54-West Virginia/18-Indiana,3-Water,4.0126122,1669.7035,416.1138472

54-West Virginia,19-Iowa,54-West Virginia/19-Iowa,3-Water,0,0,-

54-West Virginia,20-Kansas,54-West Virginia/20-Kansas,3-Water,0,0,-

54-West Virginia,21-Kentucky,54-West Virginia/21-Kentucky,3-Water,4.982215,2096.7695,420.8508665

54-West Virginia,22-Louisiana,54-West Virginia/22-Louisiana,3-Water,0.2474738,391.9488,1583.799174

54-West Virginia,23-Maine,54-West Virginia/23-Maine,3-Water,0,0,-

54-West Virginia,24-Maryland,54-West Virginia/24-Maryland,3-Water,0,0,-

54-West Virginia,25-Massachusetts,54-West Virginia/25-Massachusetts,3-Water,0,0,-

54-West Virginia,26-Michigan,54-West Virginia/26-Michigan,3-Water,0,0,-

54-West Virginia,27-Minnesota,54-West Virginia/27-Minnesota,3-Water,0,0,-

54-West Virginia,28-Mississippi,54-West Virginia/28-Mississippi,3-Water,0,0,-

54-West Virginia,29-Missouri,54-West Virginia/29-Missouri,3-Water,0,0,-

54-West Virginia,30-Montana,54-West Virginia/30-Montana,3-Water,0,0,-

54-West Virginia,31-Nebraska,54-West Virginia/31-Nebraska,3-Water,0,0,-

54-West Virginia,32-Nevada,54-West Virginia/32-Nevada,3-Water,0,0,-

54-West Virginia,33-New Hampshire,54-West Virginia/33-New Hampshire,3-Water,0,0,-

54-West Virginia,34-New Jersey,54-West Virginia/34-New Jersey,3-Water,0,0,-

54-West Virginia,35-New Mexico,54-West Virginia/35-New Mexico,3-Water,0,0,-

54-West Virginia,36-New York,54-West Virginia/36-New York,3-Water,0,0,-

54-West Virginia,37-North Carolina,54-West Virginia/37-North Carolina,3-Water,0,0,-

54-West Virginia,38-North Dakota,54-West Virginia/38-North Dakota,3-Water,0,0,-

54-West Virginia,39-Ohio,54-West Virginia/39-Ohio,3-Water,23.7294529,12103.7093,510.0711488

54-West Virginia,40-Oklahoma,54-West Virginia/40-Oklahoma,3-Water,0,0,-

54-West Virginia,41-Oregon,54-West Virginia/41-Oregon,3-Water,0,0,-

54-West Virginia,42-Pennsylvania,54-West Virginia/42-Pennsylvania,3-Water,14.360549,3426.1369,238.5797994

54-West Virginia,44-Rhode Island,54-West Virginia/44-Rhode Island,3-Water,0,0,-

54-West Virginia,45-South Carolina,54-West Virginia/45-South Carolina,3-Water,0,0,-

54-West Virginia,46-South Dakota,54-West Virginia/46-South Dakota,3-Water,0,0,-

54-West Virginia,47-Tennessee,54-West Virginia/47-Tennessee,3-Water,0.1680272,177.0214,1053.528238

54-West Virginia,48-Texas,54-West Virginia/48-Texas,3-Water,1.3750801,2482.8704,1805.618742

54-West Virginia,49-Utah,54-West Virginia/49-Utah,3-Water,0,0,-

54-West Virginia,50-Vermont,54-West Virginia/50-Vermont,3-Water,0,0,-

54-West Virginia,51-Virginia,54-West Virginia/51-Virginia,3-Water,0,0,-

54-West Virginia,53-Washington,54-West Virginia/53-Washington,3-Water,0,0,-

54-West Virginia,54-West Virginia,54-West Virginia/54-West Virginia,3-Water,24.8525326,5509.257,221.6778905

54-West Virginia,55-Wisconsin,54-West Virginia/55-Wisconsin,3-Water,0,0,-

54-West Virginia,56-Wyoming,54-West Virginia/56-Wyoming,3-Water,0,0,-

55-Wisconsin,01-Alabama,55-Wisconsin/01-Alabama,3-Water,0,0,-

55-Wisconsin,02-Alaska,55-Wisconsin/02-Alaska,3-Water,0,0,-

55-Wisconsin,04-Arizona,55-Wisconsin/04-Arizona,3-Water,0,0,-

55-Wisconsin,05-Arkansas,55-Wisconsin/05-Arkansas,3-Water,0,0,-

55-Wisconsin,06-California,55-Wisconsin/06-California,3-Water,0,0,-

55-Wisconsin,08-Colorado,55-Wisconsin/08-Colorado,3-Water,0,0,-

55-Wisconsin,09-Connecticut,55-Wisconsin/09-Connecticut,3-Water,0,0,-

55-Wisconsin,10-Delaware,55-Wisconsin/10-Delaware,3-Water,0,0,-

55-Wisconsin,11-Washington DC,55-Wisconsin/11-Washington DC,3-Water,0,0,-

55-Wisconsin,12-Florida,55-Wisconsin/12-Florida,3-Water,0,0,-

55-Wisconsin,13-Georgia,55-Wisconsin/13-Georgia,3-Water,0,0,-

55-Wisconsin,15-Hawaii,55-Wisconsin/15-Hawaii,3-Water,0,0,-

55-Wisconsin,16-Idaho,55-Wisconsin/16-Idaho,3-Water,0,0,-

55-Wisconsin,17-Illinois,55-Wisconsin/17-Illinois,3-Water,0,0,-

55-Wisconsin,18-Indiana,55-Wisconsin/18-Indiana,3-Water,0,0,-

55-Wisconsin,19-Iowa,55-Wisconsin/19-Iowa,3-Water,0,0,-

55-Wisconsin,20-Kansas,55-Wisconsin/20-Kansas,3-Water,0,0,-

55-Wisconsin,21-Kentucky,55-Wisconsin/21-Kentucky,3-Water,0,0,-

55-Wisconsin,22-Louisiana,55-Wisconsin/22-Louisiana,3-Water,0.1728247,257.2512,1488.509455

55-Wisconsin,23-Maine,55-Wisconsin/23-Maine,3-Water,0,0,-

55-Wisconsin,24-Maryland,55-Wisconsin/24-Maryland,3-Water,0,0,-

55-Wisconsin,25-Massachusetts,55-Wisconsin/25-Massachusetts,3-Water,0,0,-

55-Wisconsin,26-Michigan,55-Wisconsin/26-Michigan,3-Water,2.8637599,899.93,314.2477133

55-Wisconsin,27-Minnesota,55-Wisconsin/27-Minnesota,3-Water,0,0,-

55-Wisconsin,28-Mississippi,55-Wisconsin/28-Mississippi,3-Water,0,0,-

55-Wisconsin,29-Missouri,55-Wisconsin/29-Missouri,3-Water,0.1020996,56.8514,556.8229454

55-Wisconsin,30-Montana,55-Wisconsin/30-Montana,3-Water,0,0,-

55-Wisconsin,31-Nebraska,55-Wisconsin/31-Nebraska,3-Water,0,0,-

55-Wisconsin,32-Nevada,55-Wisconsin/32-Nevada,3-Water,0,0,-

55-Wisconsin,33-New Hampshire,55-Wisconsin/33-New Hampshire,3-Water,0,0,-

55-Wisconsin,34-New Jersey,55-Wisconsin/34-New Jersey,3-Water,0,0,-

55-Wisconsin,35-New Mexico,55-Wisconsin/35-New Mexico,3-Water,0,0,-

55-Wisconsin,36-New York,55-Wisconsin/36-New York,3-Water,0,0,-

55-Wisconsin,37-North Carolina,55-Wisconsin/37-North Carolina,3-Water,0,0,-

55-Wisconsin,38-North Dakota,55-Wisconsin/38-North Dakota,3-Water,0,0,-

55-Wisconsin,39-Ohio,55-Wisconsin/39-Ohio,3-Water,0,0,-

55-Wisconsin,40-Oklahoma,55-Wisconsin/40-Oklahoma,3-Water,0,0,-

55-Wisconsin,41-Oregon,55-Wisconsin/41-Oregon,3-Water,0,0,-

55-Wisconsin,42-Pennsylvania,55-Wisconsin/42-Pennsylvania,3-Water,0,0,-

55-Wisconsin,44-Rhode Island,55-Wisconsin/44-Rhode Island,3-Water,0,0,-

55-Wisconsin,45-South Carolina,55-Wisconsin/45-South Carolina,3-Water,0,0,-

55-Wisconsin,46-South Dakota,55-Wisconsin/46-South Dakota,3-Water,0,0,-

55-Wisconsin,47-Tennessee,55-Wisconsin/47-Tennessee,3-Water,0,0,-

55-Wisconsin,48-Texas,55-Wisconsin/48-Texas,3-Water,0,0,-

55-Wisconsin,49-Utah,55-Wisconsin/49-Utah,3-Water,0,0,-

55-Wisconsin,50-Vermont,55-Wisconsin/50-Vermont,3-Water,0,0,-

55-Wisconsin,51-Virginia,55-Wisconsin/51-Virginia,3-Water,0,0,-

55-Wisconsin,53-Washington,55-Wisconsin/53-Washington,3-Water,0,0,-

55-Wisconsin,54-West Virginia,55-Wisconsin/54-West Virginia,3-Water,0,0,-

55-Wisconsin,55-Wisconsin,55-Wisconsin/55-Wisconsin,3-Water,0.0019434,0.954,490.8922507

55-Wisconsin,56-Wyoming,55-Wisconsin/56-Wyoming,3-Water,0,0,-

56-Wyoming,01-Alabama,56-Wyoming/01-Alabama,3-Water,0,0,-

56-Wyoming,02-Alaska,56-Wyoming/02-Alaska,3-Water,0,0,-

56-Wyoming,04-Arizona,56-Wyoming/04-Arizona,3-Water,0,0,-

56-Wyoming,05-Arkansas,56-Wyoming/05-Arkansas,3-Water,0,0,-

56-Wyoming,06-California,56-Wyoming/06-California,3-Water,0,0,-

56-Wyoming,08-Colorado,56-Wyoming/08-Colorado,3-Water,0,0,-

56-Wyoming,09-Connecticut,56-Wyoming/09-Connecticut,3-Water,0,0,-

56-Wyoming,10-Delaware,56-Wyoming/10-Delaware,3-Water,0,0,-

56-Wyoming,11-Washington DC,56-Wyoming/11-Washington DC,3-Water,0,0,-

56-Wyoming,12-Florida,56-Wyoming/12-Florida,3-Water,0,0,-

56-Wyoming,13-Georgia,56-Wyoming/13-Georgia,3-Water,0,0,-

56-Wyoming,15-Hawaii,56-Wyoming/15-Hawaii,3-Water,0,0,-

56-Wyoming,16-Idaho,56-Wyoming/16-Idaho,3-Water,0,0,-

56-Wyoming,17-Illinois,56-Wyoming/17-Illinois,3-Water,0,0,-

56-Wyoming,18-Indiana,56-Wyoming/18-Indiana,3-Water,0,0,-

56-Wyoming,19-Iowa,56-Wyoming/19-Iowa,3-Water,0,0,-

56-Wyoming,20-Kansas,56-Wyoming/20-Kansas,3-Water,0,0,-

56-Wyoming,21-Kentucky,56-Wyoming/21-Kentucky,3-Water,0,0,-

56-Wyoming,22-Louisiana,56-Wyoming/22-Louisiana,3-Water,0,0,-

56-Wyoming,23-Maine,56-Wyoming/23-Maine,3-Water,0,0,-

56-Wyoming,24-Maryland,56-Wyoming/24-Maryland,3-Water,0,0,-

56-Wyoming,25-Massachusetts,56-Wyoming/25-Massachusetts,3-Water,0,0,-

56-Wyoming,26-Michigan,56-Wyoming/26-Michigan,3-Water,0,0,-

56-Wyoming,27-Minnesota,56-Wyoming/27-Minnesota,3-Water,0,0,-

56-Wyoming,28-Mississippi,56-Wyoming/28-Mississippi,3-Water,0,0,-

56-Wyoming,29-Missouri,56-Wyoming/29-Missouri,3-Water,0,0,-

56-Wyoming,30-Montana,56-Wyoming/30-Montana,3-Water,0,0,-

56-Wyoming,31-Nebraska,56-Wyoming/31-Nebraska,3-Water,0,0,-

56-Wyoming,32-Nevada,56-Wyoming/32-Nevada,3-Water,0,0,-

56-Wyoming,33-New Hampshire,56-Wyoming/33-New Hampshire,3-Water,0,0,-

56-Wyoming,34-New Jersey,56-Wyoming/34-New Jersey,3-Water,0,0,-

56-Wyoming,35-New Mexico,56-Wyoming/35-New Mexico,3-Water,0,0,-

56-Wyoming,36-New York,56-Wyoming/36-New York,3-Water,0,0,-

56-Wyoming,37-North Carolina,56-Wyoming/37-North Carolina,3-Water,0,0,-

56-Wyoming,38-North Dakota,56-Wyoming/38-North Dakota,3-Water,0,0,-

56-Wyoming,39-Ohio,56-Wyoming/39-Ohio,3-Water,0,0,-

56-Wyoming,40-Oklahoma,56-Wyoming/40-Oklahoma,3-Water,0,0,-

56-Wyoming,41-Oregon,56-Wyoming/41-Oregon,3-Water,0,0,-

56-Wyoming,42-Pennsylvania,56-Wyoming/42-Pennsylvania,3-Water,0,0,-

56-Wyoming,44-Rhode Island,56-Wyoming/44-Rhode Island,3-Water,0,0,-

56-Wyoming,45-South Carolina,56-Wyoming/45-South Carolina,3-Water,0,0,-

56-Wyoming,46-South Dakota,56-Wyoming/46-South Dakota,3-Water,0,0,-

56-Wyoming,47-Tennessee,56-Wyoming/47-Tennessee,3-Water,0,0,-

56-Wyoming,48-Texas,56-Wyoming/48-Texas,3-Water,0,0,-

56-Wyoming,49-Utah,56-Wyoming/49-Utah,3-Water,0,0,-

56-Wyoming,50-Vermont,56-Wyoming/50-Vermont,3-Water,0,0,-

56-Wyoming,51-Virginia,56-Wyoming/51-Virginia,3-Water,0,0,-

56-Wyoming,53-Washington,56-Wyoming/53-Washington,3-Water,0,0,-

56-Wyoming,54-West Virginia,56-Wyoming/54-West Virginia,3-Water,0,0,-

56-Wyoming,55-Wisconsin,56-Wyoming/55-Wisconsin,3-Water,0,0,-

56-Wyoming,56-Wyoming,56-Wyoming/56-Wyoming,3-Water,0,0,-

01-Alabama,01-Alabama,01-Alabama/01-Alabama,6-Pipeline,39.6449792,3010.5528,75.93780753

01-Alabama,02-Alaska,01-Alabama/02-Alaska,6-Pipeline,0,0,-

01-Alabama,04-Arizona,01-Alabama/04-Arizona,6-Pipeline,0,0,-

01-Alabama,05-Arkansas,01-Alabama/05-Arkansas,6-Pipeline,0.0084101,3.0147,358.4618494

01-Alabama,06-California,01-Alabama/06-California,6-Pipeline,0,0,-

01-Alabama,08-Colorado,01-Alabama/08-Colorado,6-Pipeline,0.0068512,7.7559,1132.04986

01-Alabama,09-Connecticut,01-Alabama/09-Connecticut,6-Pipeline,0,0,-

01-Alabama,10-Delaware,01-Alabama/10-Delaware,6-Pipeline,0,0,-

01-Alabama,11-Washington DC,01-Alabama/11-Washington DC,6-Pipeline,0,0,-

01-Alabama,12-Florida,01-Alabama/12-Florida,6-Pipeline,33.3837011,12559.4361,376.2146103

01-Alabama,13-Georgia,01-Alabama/13-Georgia,6-Pipeline,33.9389421,8007.5079,235.9386417

01-Alabama,15-Hawaii,01-Alabama/15-Hawaii,6-Pipeline,0,0,-

01-Alabama,16-Idaho,01-Alabama/16-Idaho,6-Pipeline,0,0,-

01-Alabama,17-Illinois,01-Alabama/17-Illinois,6-Pipeline,0.1237514,51.5101,416.2385234

01-Alabama,18-Indiana,01-Alabama/18-Indiana,6-Pipeline,0.4632796,247.3174,533.8404713

01-Alabama,19-Iowa,01-Alabama/19-Iowa,6-Pipeline,0,0,-

01-Alabama,20-Kansas,01-Alabama/20-Kansas,6-Pipeline,0.139316,96.1988,690.5079101

01-Alabama,21-Kentucky,01-Alabama/21-Kentucky,6-Pipeline,0.0575979,20.6455,358.4418876

01-Alabama,22-Louisiana,01-Alabama/22-Louisiana,6-Pipeline,1.6350956,423.3742,258.929325

01-Alabama,23-Maine,01-Alabama/23-Maine,6-Pipeline,0,0,-

01-Alabama,24-Maryland,01-Alabama/24-Maryland,6-Pipeline,0,0,-

01-Alabama,25-Massachusetts,01-Alabama/25-Massachusetts,6-Pipeline,0,0,-

01-Alabama,26-Michigan,01-Alabama/26-Michigan,6-Pipeline,0.0348969,25.0916,719.0208872

01-Alabama,27-Minnesota,01-Alabama/27-Minnesota,6-Pipeline,0.0740192,64.6419,873.3126

01-Alabama,28-Mississippi,01-Alabama/28-Mississippi,6-Pipeline,110.5718165,18253.3675,165.0815558

01-Alabama,29-Missouri,01-Alabama/29-Missouri,6-Pipeline,0.0001068,0.0707,661.9850187

01-Alabama,30-Montana,01-Alabama/30-Montana,6-Pipeline,0.0009241,1.3176,1425.819716

01-Alabama,31-Nebraska,01-Alabama/31-Nebraska,6-Pipeline,0.0040562,3.8239,942.7296484

01-Alabama,32-Nevada,01-Alabama/32-Nevada,6-Pipeline,0,0,-

01-Alabama,33-New Hampshire,01-Alabama/33-New Hampshire,6-Pipeline,0,0,-

01-Alabama,34-New Jersey,01-Alabama/34-New Jersey,6-Pipeline,0,0,-

01-Alabama,35-New Mexico,01-Alabama/35-New Mexico,6-Pipeline,0.8152906,817.6634,1002.910373

01-Alabama,36-New York,01-Alabama/36-New York,6-Pipeline,0.0032318,2.9308,906.8630485

01-Alabama,37-North Carolina,01-Alabama/37-North Carolina,6-Pipeline,0.0001038,0.0594,572.2543353

01-Alabama,38-North Dakota,01-Alabama/38-North Dakota,6-Pipeline,0.8968274,1203.2655,1341.691277

01-Alabama,39-Ohio,01-Alabama/39-Ohio,6-Pipeline,0.0819228,43.8844,535.6799328

01-Alabama,40-Oklahoma,01-Alabama/40-Oklahoma,6-Pipeline,0.4311045,262.0443,607.8440378

01-Alabama,41-Oregon,01-Alabama/41-Oregon,6-Pipeline,0,0,-

01-Alabama,42-Pennsylvania,01-Alabama/42-Pennsylvania,6-Pipeline,0,0,-

01-Alabama,44-Rhode Island,01-Alabama/44-Rhode Island,6-Pipeline,0,0,-

01-Alabama,45-South Carolina,01-Alabama/45-South Carolina,6-Pipeline,0,0,-

01-Alabama,46-South Dakota,01-Alabama/46-South Dakota,6-Pipeline,0,0,-

01-Alabama,47-Tennessee,01-Alabama/47-Tennessee,6-Pipeline,31.1603755,7016.0744,225.1601365

01-Alabama,48-Texas,01-Alabama/48-Texas,6-Pipeline,3.5414922,2273.9618,642.0914325

01-Alabama,49-Utah,01-Alabama/49-Utah,6-Pipeline,0.0018605,2.5542,1372.856759

01-Alabama,50-Vermont,01-Alabama/50-Vermont,6-Pipeline,0,0,-

01-Alabama,51-Virginia,01-Alabama/51-Virginia,6-Pipeline,0,0,-

01-Alabama,53-Washington,01-Alabama/53-Washington,6-Pipeline,0,0,-

01-Alabama,54-West Virginia,01-Alabama/54-West Virginia,6-Pipeline,0,0,-

01-Alabama,55-Wisconsin,01-Alabama/55-Wisconsin,6-Pipeline,0.0072397,5.2826,729.671119

01-Alabama,56-Wyoming,01-Alabama/56-Wyoming,6-Pipeline,0.0039184,5.0103,1278.659657

02-Alaska,01-Alabama,02-Alaska/01-Alabama,6-Pipeline,0,0,-

02-Alaska,02-Alaska,02-Alaska/02-Alaska,6-Pipeline,5.7973984,1284.8104,221.6184418

02-Alaska,04-Arizona,02-Alaska/04-Arizona,6-Pipeline,0,0,-

02-Alaska,05-Arkansas,02-Alaska/05-Arkansas,6-Pipeline,0,0,-

02-Alaska,06-California,02-Alaska/06-California,6-Pipeline,0,0,-

02-Alaska,08-Colorado,02-Alaska/08-Colorado,6-Pipeline,0,0,-

02-Alaska,09-Connecticut,02-Alaska/09-Connecticut,6-Pipeline,0,0,-

02-Alaska,10-Delaware,02-Alaska/10-Delaware,6-Pipeline,0,0,-

02-Alaska,11-Washington DC,02-Alaska/11-Washington DC,6-Pipeline,0,0,-

02-Alaska,12-Florida,02-Alaska/12-Florida,6-Pipeline,0,0,-

02-Alaska,13-Georgia,02-Alaska/13-Georgia,6-Pipeline,0,0,-

02-Alaska,15-Hawaii,02-Alaska/15-Hawaii,6-Pipeline,0,0,-

02-Alaska,16-Idaho,02-Alaska/16-Idaho,6-Pipeline,0,0,-

02-Alaska,17-Illinois,02-Alaska/17-Illinois,6-Pipeline,0,0,-

02-Alaska,18-Indiana,02-Alaska/18-Indiana,6-Pipeline,0,0,-

02-Alaska,19-Iowa,02-Alaska/19-Iowa,6-Pipeline,0,0,-

02-Alaska,20-Kansas,02-Alaska/20-Kansas,6-Pipeline,0,0,-

02-Alaska,21-Kentucky,02-Alaska/21-Kentucky,6-Pipeline,0,0,-

02-Alaska,22-Louisiana,02-Alaska/22-Louisiana,6-Pipeline,0,0,-

02-Alaska,23-Maine,02-Alaska/23-Maine,6-Pipeline,0,0,-

02-Alaska,24-Maryland,02-Alaska/24-Maryland,6-Pipeline,0,0,-

02-Alaska,25-Massachusetts,02-Alaska/25-Massachusetts,6-Pipeline,0,0,-

02-Alaska,26-Michigan,02-Alaska/26-Michigan,6-Pipeline,0,0,-

02-Alaska,27-Minnesota,02-Alaska/27-Minnesota,6-Pipeline,0,0,-

02-Alaska,28-Mississippi,02-Alaska/28-Mississippi,6-Pipeline,0,0,-

02-Alaska,29-Missouri,02-Alaska/29-Missouri,6-Pipeline,0,0,-

02-Alaska,30-Montana,02-Alaska/30-Montana,6-Pipeline,0,0,-

02-Alaska,31-Nebraska,02-Alaska/31-Nebraska,6-Pipeline,0,0,-

02-Alaska,32-Nevada,02-Alaska/32-Nevada,6-Pipeline,0,0,-

02-Alaska,33-New Hampshire,02-Alaska/33-New Hampshire,6-Pipeline,0,0,-

02-Alaska,34-New Jersey,02-Alaska/34-New Jersey,6-Pipeline,0,0,-

02-Alaska,35-New Mexico,02-Alaska/35-New Mexico,6-Pipeline,0,0,-

02-Alaska,36-New York,02-Alaska/36-New York,6-Pipeline,0,0,-

02-Alaska,37-North Carolina,02-Alaska/37-North Carolina,6-Pipeline,0,0,-

02-Alaska,38-North Dakota,02-Alaska/38-North Dakota,6-Pipeline,0,0,-

02-Alaska,39-Ohio,02-Alaska/39-Ohio,6-Pipeline,0,0,-

02-Alaska,40-Oklahoma,02-Alaska/40-Oklahoma,6-Pipeline,0,0,-

02-Alaska,41-Oregon,02-Alaska/41-Oregon,6-Pipeline,0,0,-

02-Alaska,42-Pennsylvania,02-Alaska/42-Pennsylvania,6-Pipeline,0,0,-

02-Alaska,44-Rhode Island,02-Alaska/44-Rhode Island,6-Pipeline,0,0,-

02-Alaska,45-South Carolina,02-Alaska/45-South Carolina,6-Pipeline,0,0,-

02-Alaska,46-South Dakota,02-Alaska/46-South Dakota,6-Pipeline,0,0,-

02-Alaska,47-Tennessee,02-Alaska/47-Tennessee,6-Pipeline,0,0,-

02-Alaska,48-Texas,02-Alaska/48-Texas,6-Pipeline,0,0,-

02-Alaska,49-Utah,02-Alaska/49-Utah,6-Pipeline,0,0,-

02-Alaska,50-Vermont,02-Alaska/50-Vermont,6-Pipeline,0,0,-

02-Alaska,51-Virginia,02-Alaska/51-Virginia,6-Pipeline,0,0,-

02-Alaska,53-Washington,02-Alaska/53-Washington,6-Pipeline,0,0,-

02-Alaska,54-West Virginia,02-Alaska/54-West Virginia,6-Pipeline,0,0,-

02-Alaska,55-Wisconsin,02-Alaska/55-Wisconsin,6-Pipeline,0,0,-

02-Alaska,56-Wyoming,02-Alaska/56-Wyoming,6-Pipeline,0,0,-

04-Arizona,01-Alabama,04-Arizona/01-Alabama,6-Pipeline,0,0,-

04-Arizona,02-Alaska,04-Arizona/02-Alaska,6-Pipeline,0,0,-

04-Arizona,04-Arizona,04-Arizona/04-Arizona,6-Pipeline,12.372566,1157.6418,93.56521517

04-Arizona,05-Arkansas,04-Arizona/05-Arkansas,6-Pipeline,0,0,-

04-Arizona,06-California,04-Arizona/06-California,6-Pipeline,22.4814643,9433.4582,419.6104877

04-Arizona,08-Colorado,04-Arizona/08-Colorado,6-Pipeline,0,0,-

04-Arizona,09-Connecticut,04-Arizona/09-Connecticut,6-Pipeline,0,0,-

04-Arizona,10-Delaware,04-Arizona/10-Delaware,6-Pipeline,0,0,-

04-Arizona,11-Washington DC,04-Arizona/11-Washington DC,6-Pipeline,0,0,-

04-Arizona,12-Florida,04-Arizona/12-Florida,6-Pipeline,0,0,-

04-Arizona,13-Georgia,04-Arizona/13-Georgia,6-Pipeline,0,0,-

04-Arizona,15-Hawaii,04-Arizona/15-Hawaii,6-Pipeline,0,0,-

04-Arizona,16-Idaho,04-Arizona/16-Idaho,6-Pipeline,0,0,-

04-Arizona,17-Illinois,04-Arizona/17-Illinois,6-Pipeline,0,0,-

04-Arizona,18-Indiana,04-Arizona/18-Indiana,6-Pipeline,0,0,-

04-Arizona,19-Iowa,04-Arizona/19-Iowa,6-Pipeline,0,0,-

04-Arizona,20-Kansas,04-Arizona/20-Kansas,6-Pipeline,0,0,-

04-Arizona,21-Kentucky,04-Arizona/21-Kentucky,6-Pipeline,0,0,-

04-Arizona,22-Louisiana,04-Arizona/22-Louisiana,6-Pipeline,0,0,-

04-Arizona,23-Maine,04-Arizona/23-Maine,6-Pipeline,0,0,-

04-Arizona,24-Maryland,04-Arizona/24-Maryland,6-Pipeline,0,0,-

04-Arizona,25-Massachusetts,04-Arizona/25-Massachusetts,6-Pipeline,0,0,-

04-Arizona,26-Michigan,04-Arizona/26-Michigan,6-Pipeline,0,0,-

04-Arizona,27-Minnesota,04-Arizona/27-Minnesota,6-Pipeline,0,0,-

04-Arizona,28-Mississippi,04-Arizona/28-Mississippi,6-Pipeline,0,0,-

04-Arizona,29-Missouri,04-Arizona/29-Missouri,6-Pipeline,0,0,-

04-Arizona,30-Montana,04-Arizona/30-Montana,6-Pipeline,0,0,-

04-Arizona,31-Nebraska,04-Arizona/31-Nebraska,6-Pipeline,0,0,-

04-Arizona,32-Nevada,04-Arizona/32-Nevada,6-Pipeline,0,0,-

04-Arizona,33-New Hampshire,04-Arizona/33-New Hampshire,6-Pipeline,0,0,-

04-Arizona,34-New Jersey,04-Arizona/34-New Jersey,6-Pipeline,0,0,-

04-Arizona,35-New Mexico,04-Arizona/35-New Mexico,6-Pipeline,35.2909167,10751.4586,304.6522903

04-Arizona,36-New York,04-Arizona/36-New York,6-Pipeline,0,0,-

04-Arizona,37-North Carolina,04-Arizona/37-North Carolina,6-Pipeline,0,0,-

04-Arizona,38-North Dakota,04-Arizona/38-North Dakota,6-Pipeline,0,0,-

04-Arizona,39-Ohio,04-Arizona/39-Ohio,6-Pipeline,0,0,-

04-Arizona,40-Oklahoma,04-Arizona/40-Oklahoma,6-Pipeline,0,0,-

04-Arizona,41-Oregon,04-Arizona/41-Oregon,6-Pipeline,0,0,-

04-Arizona,42-Pennsylvania,04-Arizona/42-Pennsylvania,6-Pipeline,0,0,-

04-Arizona,44-Rhode Island,04-Arizona/44-Rhode Island,6-Pipeline,0,0,-

04-Arizona,45-South Carolina,04-Arizona/45-South Carolina,6-Pipeline,0,0,-

04-Arizona,46-South Dakota,04-Arizona/46-South Dakota,6-Pipeline,0,0,-

04-Arizona,47-Tennessee,04-Arizona/47-Tennessee,6-Pipeline,0,0,-

04-Arizona,48-Texas,04-Arizona/48-Texas,6-Pipeline,0,0,-

04-Arizona,49-Utah,04-Arizona/49-Utah,6-Pipeline,0.0005164,0.2276,440.7436096

04-Arizona,50-Vermont,04-Arizona/50-Vermont,6-Pipeline,0,0,-

04-Arizona,51-Virginia,04-Arizona/51-Virginia,6-Pipeline,0,0,-

04-Arizona,53-Washington,04-Arizona/53-Washington,6-Pipeline,0,0,-

04-Arizona,54-West Virginia,04-Arizona/54-West Virginia,6-Pipeline,0,0,-

04-Arizona,55-Wisconsin,04-Arizona/55-Wisconsin,6-Pipeline,0,0,-

04-Arizona,56-Wyoming,04-Arizona/56-Wyoming,6-Pipeline,0,0,-

05-Arkansas,01-Alabama,05-Arkansas/01-Alabama,6-Pipeline,0.0084101,3.0147,358.4618494

05-Arkansas,02-Alaska,05-Arkansas/02-Alaska,6-Pipeline,0,0,-

05-Arkansas,04-Arizona,05-Arkansas/04-Arizona,6-Pipeline,0,0,-

05-Arkansas,05-Arkansas,05-Arkansas/05-Arkansas,6-Pipeline,18.8774036,1688.937,89.46871274

05-Arkansas,06-California,05-Arkansas/06-California,6-Pipeline,0,0,-

05-Arkansas,08-Colorado,05-Arkansas/08-Colorado,6-Pipeline,0,0,-

05-Arkansas,09-Connecticut,05-Arkansas/09-Connecticut,6-Pipeline,0,0,-

05-Arkansas,10-Delaware,05-Arkansas/10-Delaware,6-Pipeline,0,0,-

05-Arkansas,11-Washington DC,05-Arkansas/11-Washington DC,6-Pipeline,0,0,-

05-Arkansas,12-Florida,05-Arkansas/12-Florida,6-Pipeline,0,0,-

05-Arkansas,13-Georgia,05-Arkansas/13-Georgia,6-Pipeline,0,0,-

05-Arkansas,15-Hawaii,05-Arkansas/15-Hawaii,6-Pipeline,0,0,-

05-Arkansas,16-Idaho,05-Arkansas/16-Idaho,6-Pipeline,0,0,-

05-Arkansas,17-Illinois,05-Arkansas/17-Illinois,6-Pipeline,0.0288165,8.1698,283.5111828

05-Arkansas,18-Indiana,05-Arkansas/18-Indiana,6-Pipeline,0.0224484,10.6624,474.9737175

05-Arkansas,19-Iowa,05-Arkansas/19-Iowa,6-Pipeline,0,0,-

05-Arkansas,20-Kansas,05-Arkansas/20-Kansas,6-Pipeline,0.018347,4.5097,245.8004033

05-Arkansas,21-Kentucky,05-Arkansas/21-Kentucky,6-Pipeline,0.0141541,5.5374,391.2223313

05-Arkansas,22-Louisiana,05-Arkansas/22-Louisiana,6-Pipeline,19.2191368,3844.0485,200.0115062

05-Arkansas,23-Maine,05-Arkansas/23-Maine,6-Pipeline,0,0,-

05-Arkansas,24-Maryland,05-Arkansas/24-Maryland,6-Pipeline,0,0,-

05-Arkansas,25-Massachusetts,05-Arkansas/25-Massachusetts,6-Pipeline,0,0,-

05-Arkansas,26-Michigan,05-Arkansas/26-Michigan,6-Pipeline,0.0067086,4.462,665.1164177

05-Arkansas,27-Minnesota,05-Arkansas/27-Minnesota,6-Pipeline,0.0197454,12.9051,653.5750099

05-Arkansas,28-Mississippi,05-Arkansas/28-Mississippi,6-Pipeline,25.187384,4627.9343,183.7401733

05-Arkansas,29-Missouri,05-Arkansas/29-Missouri,6-Pipeline,3.8940374,1068.4297,274.3758188

05-Arkansas,30-Montana,05-Arkansas/30-Montana,6-Pipeline,0,0,-

05-Arkansas,31-Nebraska,05-Arkansas/31-Nebraska,6-Pipeline,0,0,-

05-Arkansas,32-Nevada,05-Arkansas/32-Nevada,6-Pipeline,0,0,-

05-Arkansas,33-New Hampshire,05-Arkansas/33-New Hampshire,6-Pipeline,0,0,-

05-Arkansas,34-New Jersey,05-Arkansas/34-New Jersey,6-Pipeline,0.5203864,544.811,1046.935508

05-Arkansas,35-New Mexico,05-Arkansas/35-New Mexico,6-Pipeline,0,0,-

05-Arkansas,36-New York,05-Arkansas/36-New York,6-Pipeline,0,0,-

05-Arkansas,37-North Carolina,05-Arkansas/37-North Carolina,6-Pipeline,0,0,-

05-Arkansas,38-North Dakota,05-Arkansas/38-North Dakota,6-Pipeline,0,0,-

05-Arkansas,39-Ohio,05-Arkansas/39-Ohio,6-Pipeline,0.0218538,13.221,604.9748785

05-Arkansas,40-Oklahoma,05-Arkansas/40-Oklahoma,6-Pipeline,8.0628426,1924.7122,238.7138501

05-Arkansas,41-Oregon,05-Arkansas/41-Oregon,6-Pipeline,0,0,-

05-Arkansas,42-Pennsylvania,05-Arkansas/42-Pennsylvania,6-Pipeline,0.0008481,0.7003,825.7280981

05-Arkansas,44-Rhode Island,05-Arkansas/44-Rhode Island,6-Pipeline,0,0,-

05-Arkansas,45-South Carolina,05-Arkansas/45-South Carolina,6-Pipeline,0,0,-

05-Arkansas,46-South Dakota,05-Arkansas/46-South Dakota,6-Pipeline,0,0,-

05-Arkansas,47-Tennessee,05-Arkansas/47-Tennessee,6-Pipeline,0.0743289,31.5721,424.7621046

05-Arkansas,48-Texas,05-Arkansas/48-Texas,6-Pipeline,1.8398419,587.0922,319.0992661

05-Arkansas,49-Utah,05-Arkansas/49-Utah,6-Pipeline,0,0,-

05-Arkansas,50-Vermont,05-Arkansas/50-Vermont,6-Pipeline,0,0,-

05-Arkansas,51-Virginia,05-Arkansas/51-Virginia,6-Pipeline,0,0,-

05-Arkansas,53-Washington,05-Arkansas/53-Washington,6-Pipeline,0,0,-

05-Arkansas,54-West Virginia,05-Arkansas/54-West Virginia,6-Pipeline,0,0,-

05-Arkansas,55-Wisconsin,05-Arkansas/55-Wisconsin,6-Pipeline,0.0019313,1.1405,590.5348729

05-Arkansas,56-Wyoming,05-Arkansas/56-Wyoming,6-Pipeline,0,0,-

06-California,01-Alabama,06-California/01-Alabama,6-Pipeline,0,0,-

06-California,02-Alaska,06-California/02-Alaska,6-Pipeline,0,0,-

06-California,04-Arizona,06-California/04-Arizona,6-Pipeline,22.4814643,9433.4582,419.6104877

06-California,05-Arkansas,06-California/05-Arkansas,6-Pipeline,0,0,-

06-California,06-California,06-California/06-California,6-Pipeline,275.6296026,27348.8928,99.22335098

06-California,08-Colorado,06-California/08-Colorado,6-Pipeline,0,0,-

06-California,09-Connecticut,06-California/09-Connecticut,6-Pipeline,0,0,-

06-California,10-Delaware,06-California/10-Delaware,6-Pipeline,0,0,-

06-California,11-Washington DC,06-California/11-Washington DC,6-Pipeline,0,0,-

06-California,12-Florida,06-California/12-Florida,6-Pipeline,0,0,-

06-California,13-Georgia,06-California/13-Georgia,6-Pipeline,0,0,-

06-California,15-Hawaii,06-California/15-Hawaii,6-Pipeline,0,0,-

06-California,16-Idaho,06-California/16-Idaho,6-Pipeline,0,0,-

06-California,17-Illinois,06-California/17-Illinois,6-Pipeline,0.5036801,912.4918,1811.649497

06-California,18-Indiana,06-California/18-Indiana,6-Pipeline,0,0,-

06-California,19-Iowa,06-California/19-Iowa,6-Pipeline,0,0,-

06-California,20-Kansas,06-California/20-Kansas,6-Pipeline,0,0,-

06-California,21-Kentucky,06-California/21-Kentucky,6-Pipeline,0,0,-

06-California,22-Louisiana,06-California/22-Louisiana,6-Pipeline,0,0,-

06-California,23-Maine,06-California/23-Maine,6-Pipeline,0,0,-

06-California,24-Maryland,06-California/24-Maryland,6-Pipeline,0,0,-

06-California,25-Massachusetts,06-California/25-Massachusetts,6-Pipeline,0,0,-

06-California,26-Michigan,06-California/26-Michigan,6-Pipeline,0,0,-

06-California,27-Minnesota,06-California/27-Minnesota,6-Pipeline,0,0,-

06-California,28-Mississippi,06-California/28-Mississippi,6-Pipeline,0,0,-

06-California,29-Missouri,06-California/29-Missouri,6-Pipeline,0,0,-

06-California,30-Montana,06-California/30-Montana,6-Pipeline,0,0,-

06-California,31-Nebraska,06-California/31-Nebraska,6-Pipeline,0,0,-

06-California,32-Nevada,06-California/32-Nevada,6-Pipeline,12.1127289,3229.7154,266.6381314

06-California,33-New Hampshire,06-California/33-New Hampshire,6-Pipeline,0,0,-

06-California,34-New Jersey,06-California/34-New Jersey,6-Pipeline,0,0,-

06-California,35-New Mexico,06-California/35-New Mexico,6-Pipeline,0,0,-

06-California,36-New York,06-California/36-New York,6-Pipeline,0,0,-

06-California,37-North Carolina,06-California/37-North Carolina,6-Pipeline,0,0,-

06-California,38-North Dakota,06-California/38-North Dakota,6-Pipeline,0,0,-

06-California,39-Ohio,06-California/39-Ohio,6-Pipeline,0,0,-

06-California,40-Oklahoma,06-California/40-Oklahoma,6-Pipeline,0,0,-

06-California,41-Oregon,06-California/41-Oregon,6-Pipeline,15.6931662,8532.4458,543.7045457

06-California,42-Pennsylvania,06-California/42-Pennsylvania,6-Pipeline,0,0,-

06-California,44-Rhode Island,06-California/44-Rhode Island,6-Pipeline,0,0,-

06-California,45-South Carolina,06-California/45-South Carolina,6-Pipeline,0,0,-

06-California,46-South Dakota,06-California/46-South Dakota,6-Pipeline,0,0,-

06-California,47-Tennessee,06-California/47-Tennessee,6-Pipeline,0,0,-

06-California,48-Texas,06-California/48-Texas,6-Pipeline,0.1834288,298.6282,1628.03333

06-California,49-Utah,06-California/49-Utah,6-Pipeline,0,0,-

06-California,50-Vermont,06-California/50-Vermont,6-Pipeline,0,0,-

06-California,51-Virginia,06-California/51-Virginia,6-Pipeline,0,0,-

06-California,53-Washington,06-California/53-Washington,6-Pipeline,0.027887,18.6384,668.3544304

06-California,54-West Virginia,06-California/54-West Virginia,6-Pipeline,0,0,-

06-California,55-Wisconsin,06-California/55-Wisconsin,6-Pipeline,0,0,-

06-California,56-Wyoming,06-California/56-Wyoming,6-Pipeline,0,0,-

08-Colorado,01-Alabama,08-Colorado/01-Alabama,6-Pipeline,0.0068512,7.7559,1132.04986

08-Colorado,02-Alaska,08-Colorado/02-Alaska,6-Pipeline,0,0,-

08-Colorado,04-Arizona,08-Colorado/04-Arizona,6-Pipeline,0,0,-

08-Colorado,05-Arkansas,08-Colorado/05-Arkansas,6-Pipeline,0,0,-

08-Colorado,06-California,08-Colorado/06-California,6-Pipeline,0,0,-

08-Colorado,08-Colorado,08-Colorado/08-Colorado,6-Pipeline,26.7006098,1978.9554,74.11648703

08-Colorado,09-Connecticut,08-Colorado/09-Connecticut,6-Pipeline,0,0,-

08-Colorado,10-Delaware,08-Colorado/10-Delaware,6-Pipeline,0,0,-

08-Colorado,11-Washington DC,08-Colorado/11-Washington DC,6-Pipeline,0,0,-

08-Colorado,12-Florida,08-Colorado/12-Florida,6-Pipeline,0,0,-

08-Colorado,13-Georgia,08-Colorado/13-Georgia,6-Pipeline,0,0,-

08-Colorado,15-Hawaii,08-Colorado/15-Hawaii,6-Pipeline,0,0,-

08-Colorado,16-Idaho,08-Colorado/16-Idaho,6-Pipeline,0,0,-

08-Colorado,17-Illinois,08-Colorado/17-Illinois,6-Pipeline,4.2748248,3560.7908,832.9676575

08-Colorado,18-Indiana,08-Colorado/18-Indiana,6-Pipeline,3.3189127,3076.4874,926.9564095

08-Colorado,19-Iowa,08-Colorado/19-Iowa,6-Pipeline,0,0,-

08-Colorado,20-Kansas,08-Colorado/20-Kansas,6-Pipeline,5.5562323,2367.766,426.1459695

08-Colorado,21-Kentucky,08-Colorado/21-Kentucky,6-Pipeline,2.0956534,2241.8416,1069.757814

08-Colorado,22-Louisiana,08-Colorado/22-Louisiana,6-Pipeline,0.1817897,186.4844,1025.824895

08-Colorado,23-Maine,08-Colorado/23-Maine,6-Pipeline,0,0,-

08-Colorado,24-Maryland,08-Colorado/24-Maryland,6-Pipeline,0,0,-

08-Colorado,25-Massachusetts,08-Colorado/25-Massachusetts,6-Pipeline,0,0,-

08-Colorado,26-Michigan,08-Colorado/26-Michigan,6-Pipeline,1.0032946,1130.8136,1127.100255

08-Colorado,27-Minnesota,08-Colorado/27-Minnesota,6-Pipeline,2.9154215,1992.818,683.5437003

08-Colorado,28-Mississippi,08-Colorado/28-Mississippi,6-Pipeline,0.0017134,1.6562,966.616085

08-Colorado,29-Missouri,08-Colorado/29-Missouri,6-Pipeline,0.0002005,0.1164,580.5486284

08-Colorado,30-Montana,08-Colorado/30-Montana,6-Pipeline,0.1740971,77.7228,446.4336281

08-Colorado,31-Nebraska,08-Colorado/31-Nebraska,6-Pipeline,22.0914807,7214.7461,326.5849944

08-Colorado,32-Nevada,08-Colorado/32-Nevada,6-Pipeline,0,0,-

08-Colorado,33-New Hampshire,08-Colorado/33-New Hampshire,6-Pipeline,0,0,-

08-Colorado,34-New Jersey,08-Colorado/34-New Jersey,6-Pipeline,0,0,-

08-Colorado,35-New Mexico,08-Colorado/35-New Mexico,6-Pipeline,4.937259,1443.3537,292.3390691

08-Colorado,36-New York,08-Colorado/36-New York,6-Pipeline,0,0,-

08-Colorado,37-North Carolina,08-Colorado/37-North Carolina,6-Pipeline,0,0,-

08-Colorado,38-North Dakota,08-Colorado/38-North Dakota,6-Pipeline,1.0573455,580.6688,549.1760262

08-Colorado,39-Ohio,08-Colorado/39-Ohio,6-Pipeline,3.2267254,3705.7356,1148.450872

08-Colorado,40-Oklahoma,08-Colorado/40-Oklahoma,6-Pipeline,5.9614496,3010.5738,505.0070037

08-Colorado,41-Oregon,08-Colorado/41-Oregon,6-Pipeline,0,0,-

08-Colorado,42-Pennsylvania,08-Colorado/42-Pennsylvania,6-Pipeline,0,0,-

08-Colorado,44-Rhode Island,08-Colorado/44-Rhode Island,6-Pipeline,0,0,-

08-Colorado,45-South Carolina,08-Colorado/45-South Carolina,6-Pipeline,0,0,-

08-Colorado,46-South Dakota,08-Colorado/46-South Dakota,6-Pipeline,0,0,-

08-Colorado,47-Tennessee,08-Colorado/47-Tennessee,6-Pipeline,0,0,-

08-Colorado,48-Texas,08-Colorado/48-Texas,6-Pipeline,1.7052818,809.0408,474.4323196

08-Colorado,49-Utah,08-Colorado/49-Utah,6-Pipeline,1.3796522,432.3722,313.3921723

08-Colorado,50-Vermont,08-Colorado/50-Vermont,6-Pipeline,0,0,-

08-Colorado,51-Virginia,08-Colorado/51-Virginia,6-Pipeline,0,0,-

08-Colorado,53-Washington,08-Colorado/53-Washington,6-Pipeline,0,0,-

08-Colorado,54-West Virginia,08-Colorado/54-West Virginia,6-Pipeline,0,0,-

08-Colorado,55-Wisconsin,08-Colorado/55-Wisconsin,6-Pipeline,0.2851525,231.3214,811.2199612

08-Colorado,56-Wyoming,08-Colorado/56-Wyoming,6-Pipeline,29.1066705,4649.1894,159.7293445

09-Connecticut,01-Alabama,09-Connecticut/01-Alabama,6-Pipeline,0,0,-

09-Connecticut,02-Alaska,09-Connecticut/02-Alaska,6-Pipeline,0,0,-

09-Connecticut,04-Arizona,09-Connecticut/04-Arizona,6-Pipeline,0,0,-

09-Connecticut,05-Arkansas,09-Connecticut/05-Arkansas,6-Pipeline,0,0,-

09-Connecticut,06-California,09-Connecticut/06-California,6-Pipeline,0,0,-

09-Connecticut,08-Colorado,09-Connecticut/08-Colorado,6-Pipeline,0,0,-

09-Connecticut,09-Connecticut,09-Connecticut/09-Connecticut,6-Pipeline,11.3417286,427.7516,37.71485063

09-Connecticut,10-Delaware,09-Connecticut/10-Delaware,6-Pipeline,0,0,-

09-Connecticut,11-Washington DC,09-Connecticut/11-Washington DC,6-Pipeline,0,0,-

09-Connecticut,12-Florida,09-Connecticut/12-Florida,6-Pipeline,0,0,-

09-Connecticut,13-Georgia,09-Connecticut/13-Georgia,6-Pipeline,0,0,-

09-Connecticut,15-Hawaii,09-Connecticut/15-Hawaii,6-Pipeline,0,0,-

09-Connecticut,16-Idaho,09-Connecticut/16-Idaho,6-Pipeline,0,0,-

09-Connecticut,17-Illinois,09-Connecticut/17-Illinois,6-Pipeline,0,0,-

09-Connecticut,18-Indiana,09-Connecticut/18-Indiana,6-Pipeline,0,0,-

09-Connecticut,19-Iowa,09-Connecticut/19-Iowa,6-Pipeline,0,0,-

09-Connecticut,20-Kansas,09-Connecticut/20-Kansas,6-Pipeline,0,0,-

09-Connecticut,21-Kentucky,09-Connecticut/21-Kentucky,6-Pipeline,0,0,-

09-Connecticut,22-Louisiana,09-Connecticut/22-Louisiana,6-Pipeline,0.4097573,521.6048,1272.96036

09-Connecticut,23-Maine,09-Connecticut/23-Maine,6-Pipeline,0,0,-

09-Connecticut,24-Maryland,09-Connecticut/24-Maryland,6-Pipeline,0,0,-

09-Connecticut,25-Massachusetts,09-Connecticut/25-Massachusetts,6-Pipeline,0.1092514,10.1834,93.21070485

09-Connecticut,26-Michigan,09-Connecticut/26-Michigan,6-Pipeline,0,0,-

09-Connecticut,27-Minnesota,09-Connecticut/27-Minnesota,6-Pipeline,0,0,-

09-Connecticut,28-Mississippi,09-Connecticut/28-Mississippi,6-Pipeline,0,0,-

09-Connecticut,29-Missouri,09-Connecticut/29-Missouri,6-Pipeline,0,0,-

09-Connecticut,30-Montana,09-Connecticut/30-Montana,6-Pipeline,0,0,-

09-Connecticut,31-Nebraska,09-Connecticut/31-Nebraska,6-Pipeline,0,0,-

09-Connecticut,32-Nevada,09-Connecticut/32-Nevada,6-Pipeline,0,0,-

09-Connecticut,33-New Hampshire,09-Connecticut/33-New Hampshire,6-Pipeline,0,0,-

09-Connecticut,34-New Jersey,09-Connecticut/34-New Jersey,6-Pipeline,0,0,-

09-Connecticut,35-New Mexico,09-Connecticut/35-New Mexico,6-Pipeline,0,0,-

09-Connecticut,36-New York,09-Connecticut/36-New York,6-Pipeline,19.2199087,3901.4416,202.9896011

09-Connecticut,37-North Carolina,09-Connecticut/37-North Carolina,6-Pipeline,0,0,-

09-Connecticut,38-North Dakota,09-Connecticut/38-North Dakota,6-Pipeline,0,0,-

09-Connecticut,39-Ohio,09-Connecticut/39-Ohio,6-Pipeline,0,0,-

09-Connecticut,40-Oklahoma,09-Connecticut/40-Oklahoma,6-Pipeline,0,0,-

09-Connecticut,41-Oregon,09-Connecticut/41-Oregon,6-Pipeline,0,0,-

09-Connecticut,42-Pennsylvania,09-Connecticut/42-Pennsylvania,6-Pipeline,0,0,-

09-Connecticut,44-Rhode Island,09-Connecticut/44-Rhode Island,6-Pipeline,5.1725903,514.536,99.4735655

09-Connecticut,45-South Carolina,09-Connecticut/45-South Carolina,6-Pipeline,0,0,-

09-Connecticut,46-South Dakota,09-Connecticut/46-South Dakota,6-Pipeline,0,0,-

09-Connecticut,47-Tennessee,09-Connecticut/47-Tennessee,6-Pipeline,0,0,-

09-Connecticut,48-Texas,09-Connecticut/48-Texas,6-Pipeline,2.1564986,3186.021,1477.404622

09-Connecticut,49-Utah,09-Connecticut/49-Utah,6-Pipeline,0,0,-

09-Connecticut,50-Vermont,09-Connecticut/50-Vermont,6-Pipeline,0,0,-

09-Connecticut,51-Virginia,09-Connecticut/51-Virginia,6-Pipeline,0,0,-

09-Connecticut,53-Washington,09-Connecticut/53-Washington,6-Pipeline,0,0,-

09-Connecticut,54-West Virginia,09-Connecticut/54-West Virginia,6-Pipeline,0,0,-

09-Connecticut,55-Wisconsin,09-Connecticut/55-Wisconsin,6-Pipeline,0,0,-

09-Connecticut,56-Wyoming,09-Connecticut/56-Wyoming,6-Pipeline,0,0,-

10-Delaware,01-Alabama,10-Delaware/01-Alabama,6-Pipeline,0,0,-

10-Delaware,02-Alaska,10-Delaware/02-Alaska,6-Pipeline,0,0,-

10-Delaware,04-Arizona,10-Delaware/04-Arizona,6-Pipeline,0,0,-

10-Delaware,05-Arkansas,10-Delaware/05-Arkansas,6-Pipeline,0,0,-

10-Delaware,06-California,10-Delaware/06-California,6-Pipeline,0,0,-

10-Delaware,08-Colorado,10-Delaware/08-Colorado,6-Pipeline,0,0,-

10-Delaware,09-Connecticut,10-Delaware/09-Connecticut,6-Pipeline,0,0,-

10-Delaware,10-Delaware,10-Delaware/10-Delaware,6-Pipeline,6.4841118,106.93,16.49107901

10-Delaware,11-Washington DC,10-Delaware/11-Washington DC,6-Pipeline,0,0,-

10-Delaware,12-Florida,10-Delaware/12-Florida,6-Pipeline,0,0,-

10-Delaware,13-Georgia,10-Delaware/13-Georgia,6-Pipeline,0,0,-

10-Delaware,15-Hawaii,10-Delaware/15-Hawaii,6-Pipeline,0,0,-

10-Delaware,16-Idaho,10-Delaware/16-Idaho,6-Pipeline,0,0,-

10-Delaware,17-Illinois,10-Delaware/17-Illinois,6-Pipeline,0,0,-

10-Delaware,18-Indiana,10-Delaware/18-Indiana,6-Pipeline,0,0,-

10-Delaware,19-Iowa,10-Delaware/19-Iowa,6-Pipeline,0,0,-

10-Delaware,20-Kansas,10-Delaware/20-Kansas,6-Pipeline,0,0,-

10-Delaware,21-Kentucky,10-Delaware/21-Kentucky,6-Pipeline,0,0,-

10-Delaware,22-Louisiana,10-Delaware/22-Louisiana,6-Pipeline,0,0,-

10-Delaware,23-Maine,10-Delaware/23-Maine,6-Pipeline,0,0,-

10-Delaware,24-Maryland,10-Delaware/24-Maryland,6-Pipeline,0.1391235,10.8141,77.73021812

10-Delaware,25-Massachusetts,10-Delaware/25-Massachusetts,6-Pipeline,0,0,-

10-Delaware,26-Michigan,10-Delaware/26-Michigan,6-Pipeline,0,0,-

10-Delaware,27-Minnesota,10-Delaware/27-Minnesota,6-Pipeline,0,0,-

10-Delaware,28-Mississippi,10-Delaware/28-Mississippi,6-Pipeline,0,0,-

10-Delaware,29-Missouri,10-Delaware/29-Missouri,6-Pipeline,0,0,-

10-Delaware,30-Montana,10-Delaware/30-Montana,6-Pipeline,0,0,-

10-Delaware,31-Nebraska,10-Delaware/31-Nebraska,6-Pipeline,0,0,-

10-Delaware,32-Nevada,10-Delaware/32-Nevada,6-Pipeline,0,0,-

10-Delaware,33-New Hampshire,10-Delaware/33-New Hampshire,6-Pipeline,0,0,-

10-Delaware,34-New Jersey,10-Delaware/34-New Jersey,6-Pipeline,0,0,-

10-Delaware,35-New Mexico,10-Delaware/35-New Mexico,6-Pipeline,0,0,-

10-Delaware,36-New York,10-Delaware/36-New York,6-Pipeline,0,0,-

10-Delaware,37-North Carolina,10-Delaware/37-North Carolina,6-Pipeline,0,0,-

10-Delaware,38-North Dakota,10-Delaware/38-North Dakota,6-Pipeline,0,0,-

10-Delaware,39-Ohio,10-Delaware/39-Ohio,6-Pipeline,0,0,-

10-Delaware,40-Oklahoma,10-Delaware/40-Oklahoma,6-Pipeline,0,0,-

10-Delaware,41-Oregon,10-Delaware/41-Oregon,6-Pipeline,0,0,-

10-Delaware,42-Pennsylvania,10-Delaware/42-Pennsylvania,6-Pipeline,5.1206518,498.2333,97.29880481

10-Delaware,44-Rhode Island,10-Delaware/44-Rhode Island,6-Pipeline,0,0,-

10-Delaware,45-South Carolina,10-Delaware/45-South Carolina,6-Pipeline,0,0,-

10-Delaware,46-South Dakota,10-Delaware/46-South Dakota,6-Pipeline,0,0,-

10-Delaware,47-Tennessee,10-Delaware/47-Tennessee,6-Pipeline,0,0,-

10-Delaware,48-Texas,10-Delaware/48-Texas,6-Pipeline,0,0,-

10-Delaware,49-Utah,10-Delaware/49-Utah,6-Pipeline,0,0,-

10-Delaware,50-Vermont,10-Delaware/50-Vermont,6-Pipeline,0,0,-

10-Delaware,51-Virginia,10-Delaware/51-Virginia,6-Pipeline,0,0,-

10-Delaware,53-Washington,10-Delaware/53-Washington,6-Pipeline,0,0,-

10-Delaware,54-West Virginia,10-Delaware/54-West Virginia,6-Pipeline,0,0,-

10-Delaware,55-Wisconsin,10-Delaware/55-Wisconsin,6-Pipeline,0,0,-

10-Delaware,56-Wyoming,10-Delaware/56-Wyoming,6-Pipeline,0,0,-

11-Washington DC,01-Alabama,11-Washington DC/01-Alabama,6-Pipeline,0,0,-

11-Washington DC,04-Arizona,11-Washington DC/04-Arizona,6-Pipeline,0,0,-

11-Washington DC,05-Arkansas,11-Washington DC/05-Arkansas,6-Pipeline,0,0,-

11-Washington DC,06-California,11-Washington DC/06-California,6-Pipeline,0,0,-

11-Washington DC,08-Colorado,11-Washington DC/08-Colorado,6-Pipeline,0,0,-

11-Washington DC,09-Connecticut,11-Washington DC/09-Connecticut,6-Pipeline,0,0,-

11-Washington DC,10-Delaware,11-Washington DC/10-Delaware,6-Pipeline,0,0,-

11-Washington DC,11-Washington DC,11-Washington DC/11-Washington DC,6-Pipeline,0,0,-

11-Washington DC,12-Florida,11-Washington DC/12-Florida,6-Pipeline,0,0,-

11-Washington DC,13-Georgia,11-Washington DC/13-Georgia,6-Pipeline,0,0,-

11-Washington DC,15-Hawaii,11-Washington DC/15-Hawaii,6-Pipeline,0,0,-

11-Washington DC,16-Idaho,11-Washington DC/16-Idaho,6-Pipeline,0,0,-

11-Washington DC,17-Illinois,11-Washington DC/17-Illinois,6-Pipeline,0,0,-

11-Washington DC,18-Indiana,11-Washington DC/18-Indiana,6-Pipeline,0,0,-

11-Washington DC,19-Iowa,11-Washington DC/19-Iowa,6-Pipeline,0,0,-

11-Washington DC,20-Kansas,11-Washington DC/20-Kansas,6-Pipeline,0,0,-

11-Washington DC,21-Kentucky,11-Washington DC/21-Kentucky,6-Pipeline,0,0,-

11-Washington DC,22-Louisiana,11-Washington DC/22-Louisiana,6-Pipeline,0,0,-

11-Washington DC,23-Maine,11-Washington DC/23-Maine,6-Pipeline,0,0,-

11-Washington DC,24-Maryland,11-Washington DC/24-Maryland,6-Pipeline,0.9236039,27.7335,30.02748256

11-Washington DC,25-Massachusetts,11-Washington DC/25-Massachusetts,6-Pipeline,0,0,-

11-Washington DC,26-Michigan,11-Washington DC/26-Michigan,6-Pipeline,0,0,-

11-Washington DC,27-Minnesota,11-Washington DC/27-Minnesota,6-Pipeline,0,0,-

11-Washington DC,28-Mississippi,11-Washington DC/28-Mississippi,6-Pipeline,0,0,-

11-Washington DC,29-Missouri,11-Washington DC/29-Missouri,6-Pipeline,0,0,-

11-Washington DC,30-Montana,11-Washington DC/30-Montana,6-Pipeline,0,0,-

11-Washington DC,31-Nebraska,11-Washington DC/31-Nebraska,6-Pipeline,0,0,-

11-Washington DC,32-Nevada,11-Washington DC/32-Nevada,6-Pipeline,0,0,-

11-Washington DC,33-New Hampshire,11-Washington DC/33-New Hampshire,6-Pipeline,0,0,-

11-Washington DC,34-New Jersey,11-Washington DC/34-New Jersey,6-Pipeline,0,0,-

11-Washington DC,35-New Mexico,11-Washington DC/35-New Mexico,6-Pipeline,0,0,-

11-Washington DC,36-New York,11-Washington DC/36-New York,6-Pipeline,0,0,-

11-Washington DC,37-North Carolina,11-Washington DC/37-North Carolina,6-Pipeline,0,0,-

11-Washington DC,38-North Dakota,11-Washington DC/38-North Dakota,6-Pipeline,0,0,-

11-Washington DC,39-Ohio,11-Washington DC/39-Ohio,6-Pipeline,0,0,-

11-Washington DC,40-Oklahoma,11-Washington DC/40-Oklahoma,6-Pipeline,0,0,-

11-Washington DC,41-Oregon,11-Washington DC/41-Oregon,6-Pipeline,0,0,-

11-Washington DC,42-Pennsylvania,11-Washington DC/42-Pennsylvania,6-Pipeline,0,0,-

11-Washington DC,44-Rhode Island,11-Washington DC/44-Rhode Island,6-Pipeline,0,0,-

11-Washington DC,45-South Carolina,11-Washington DC/45-South Carolina,6-Pipeline,0,0,-

11-Washington DC,46-South Dakota,11-Washington DC/46-South Dakota,6-Pipeline,0,0,-

11-Washington DC,47-Tennessee,11-Washington DC/47-Tennessee,6-Pipeline,0,0,-

11-Washington DC,48-Texas,11-Washington DC/48-Texas,6-Pipeline,0,0,-

11-Washington DC,49-Utah,11-Washington DC/49-Utah,6-Pipeline,0,0,-

11-Washington DC,50-Vermont,11-Washington DC/50-Vermont,6-Pipeline,0,0,-

11-Washington DC,51-Virginia,11-Washington DC/51-Virginia,6-Pipeline,0.4663459,63.6544,136.4961073

11-Washington DC,53-Washington,11-Washington DC/53-Washington,6-Pipeline,0,0,-

11-Washington DC,54-West Virginia,11-Washington DC/54-West Virginia,6-Pipeline,0,0,-

11-Washington DC,55-Wisconsin,11-Washington DC/55-Wisconsin,6-Pipeline,0,0,-

11-Washington DC,56-Wyoming,11-Washington DC/56-Wyoming,6-Pipeline,0,0,-

12-Florida,01-Alabama,12-Florida/01-Alabama,6-Pipeline,33.3837011,12559.4361,376.2146103

12-Florida,02-Alaska,12-Florida/02-Alaska,6-Pipeline,0,0,-

12-Florida,04-Arizona,12-Florida/04-Arizona,6-Pipeline,0,0,-

12-Florida,05-Arkansas,12-Florida/05-Arkansas,6-Pipeline,0,0,-

12-Florida,06-California,12-Florida/06-California,6-Pipeline,0,0,-

12-Florida,08-Colorado,12-Florida/08-Colorado,6-Pipeline,0,0,-

12-Florida,09-Connecticut,12-Florida/09-Connecticut,6-Pipeline,0,0,-

12-Florida,10-Delaware,12-Florida/10-Delaware,6-Pipeline,0,0,-

12-Florida,11-Washington DC,12-Florida/11-Washington DC,6-Pipeline,0,0,-

12-Florida,12-Florida,12-Florida/12-Florida,6-Pipeline,71.7805336,5877.2876,81.87857216

12-Florida,13-Georgia,12-Florida/13-Georgia,6-Pipeline,3.6181911,1112.8732,307.5772311

12-Florida,15-Hawaii,12-Florida/15-Hawaii,6-Pipeline,0,0,-

12-Florida,16-Idaho,12-Florida/16-Idaho,6-Pipeline,0,0,-

12-Florida,17-Illinois,12-Florida/17-Illinois,6-Pipeline,0,0,-

12-Florida,18-Indiana,12-Florida/18-Indiana,6-Pipeline,0,0,-

12-Florida,19-Iowa,12-Florida/19-Iowa,6-Pipeline,0,0,-

12-Florida,20-Kansas,12-Florida/20-Kansas,6-Pipeline,0,0,-

12-Florida,21-Kentucky,12-Florida/21-Kentucky,6-Pipeline,0,0,-

12-Florida,22-Louisiana,12-Florida/22-Louisiana,6-Pipeline,0,0,-

12-Florida,23-Maine,12-Florida/23-Maine,6-Pipeline,0,0,-

12-Florida,24-Maryland,12-Florida/24-Maryland,6-Pipeline,0,0,-

12-Florida,25-Massachusetts,12-Florida/25-Massachusetts,6-Pipeline,0,0,-

12-Florida,26-Michigan,12-Florida/26-Michigan,6-Pipeline,0,0,-

12-Florida,27-Minnesota,12-Florida/27-Minnesota,6-Pipeline,0,0,-

12-Florida,28-Mississippi,12-Florida/28-Mississippi,6-Pipeline,0,0,-

12-Florida,29-Missouri,12-Florida/29-Missouri,6-Pipeline,0,0,-

12-Florida,30-Montana,12-Florida/30-Montana,6-Pipeline,0,0,-

12-Florida,31-Nebraska,12-Florida/31-Nebraska,6-Pipeline,0,0,-

12-Florida,32-Nevada,12-Florida/32-Nevada,6-Pipeline,0,0,-

12-Florida,33-New Hampshire,12-Florida/33-New Hampshire,6-Pipeline,0,0,-

12-Florida,34-New Jersey,12-Florida/34-New Jersey,6-Pipeline,0,0,-

12-Florida,35-New Mexico,12-Florida/35-New Mexico,6-Pipeline,0,0,-

12-Florida,36-New York,12-Florida/36-New York,6-Pipeline,0,0,-

12-Florida,37-North Carolina,12-Florida/37-North Carolina,6-Pipeline,0,0,-

12-Florida,38-North Dakota,12-Florida/38-North Dakota,6-Pipeline,0,0,-

12-Florida,39-Ohio,12-Florida/39-Ohio,6-Pipeline,0,0,-

12-Florida,40-Oklahoma,12-Florida/40-Oklahoma,6-Pipeline,0,0,-

12-Florida,41-Oregon,12-Florida/41-Oregon,6-Pipeline,0,0,-

12-Florida,42-Pennsylvania,12-Florida/42-Pennsylvania,6-Pipeline,0,0,-

12-Florida,44-Rhode Island,12-Florida/44-Rhode Island,6-Pipeline,0,0,-

12-Florida,45-South Carolina,12-Florida/45-South Carolina,6-Pipeline,0,0,-

12-Florida,46-South Dakota,12-Florida/46-South Dakota,6-Pipeline,0,0,-

12-Florida,47-Tennessee,12-Florida/47-Tennessee,6-Pipeline,0,0,-

12-Florida,48-Texas,12-Florida/48-Texas,6-Pipeline,0.1612367,96.6424,599.3821506

12-Florida,49-Utah,12-Florida/49-Utah,6-Pipeline,0,0,-

12-Florida,50-Vermont,12-Florida/50-Vermont,6-Pipeline,0,0,-

12-Florida,51-Virginia,12-Florida/51-Virginia,6-Pipeline,0,0,-

12-Florida,53-Washington,12-Florida/53-Washington,6-Pipeline,0,0,-

12-Florida,54-West Virginia,12-Florida/54-West Virginia,6-Pipeline,0,0,-

12-Florida,55-Wisconsin,12-Florida/55-Wisconsin,6-Pipeline,0,0,-

12-Florida,56-Wyoming,12-Florida/56-Wyoming,6-Pipeline,0,0,-

13-Georgia,01-Alabama,13-Georgia/01-Alabama,6-Pipeline,33.9389421,8007.5079,235.9386417

13-Georgia,02-Alaska,13-Georgia/02-Alaska,6-Pipeline,0,0,-

13-Georgia,04-Arizona,13-Georgia/04-Arizona,6-Pipeline,0,0,-

13-Georgia,05-Arkansas,13-Georgia/05-Arkansas,6-Pipeline,0,0,-

13-Georgia,06-California,13-Georgia/06-California,6-Pipeline,0,0,-

13-Georgia,08-Colorado,13-Georgia/08-Colorado,6-Pipeline,0,0,-

13-Georgia,09-Connecticut,13-Georgia/09-Connecticut,6-Pipeline,0,0,-

13-Georgia,10-Delaware,13-Georgia/10-Delaware,6-Pipeline,0,0,-

13-Georgia,11-Washington DC,13-Georgia/11-Washington DC,6-Pipeline,0,0,-

13-Georgia,12-Florida,13-Georgia/12-Florida,6-Pipeline,3.6181911,1112.8732,307.5772311

13-Georgia,13-Georgia,13-Georgia/13-Georgia,6-Pipeline,33.0065148,3406.0606,103.1935853

13-Georgia,15-Hawaii,13-Georgia/15-Hawaii,6-Pipeline,0,0,-

13-Georgia,16-Idaho,13-Georgia/16-Idaho,6-Pipeline,0,0,-

13-Georgia,17-Illinois,13-Georgia/17-Illinois,6-Pipeline,0.00007,0.0413,590

13-Georgia,18-Indiana,13-Georgia/18-Indiana,6-Pipeline,0,0,-

13-Georgia,19-Iowa,13-Georgia/19-Iowa,6-Pipeline,0,0,-

13-Georgia,20-Kansas,13-Georgia/20-Kansas,6-Pipeline,0,0,-

13-Georgia,21-Kentucky,13-Georgia/21-Kentucky,6-Pipeline,0,0,-

13-Georgia,22-Louisiana,13-Georgia/22-Louisiana,6-Pipeline,2.9234177,1313.8381,449.418535

13-Georgia,23-Maine,13-Georgia/23-Maine,6-Pipeline,0,0,-

13-Georgia,24-Maryland,13-Georgia/24-Maryland,6-Pipeline,0,0,-

13-Georgia,25-Massachusetts,13-Georgia/25-Massachusetts,6-Pipeline,0,0,-

13-Georgia,26-Michigan,13-Georgia/26-Michigan,6-Pipeline,0,0,-

13-Georgia,27-Minnesota,13-Georgia/27-Minnesota,6-Pipeline,0,0,-

13-Georgia,28-Mississippi,13-Georgia/28-Mississippi,6-Pipeline,0.5768677,184.3986,319.6549226

13-Georgia,29-Missouri,13-Georgia/29-Missouri,6-Pipeline,0,0,-

13-Georgia,30-Montana,13-Georgia/30-Montana,6-Pipeline,0,0,-

13-Georgia,31-Nebraska,13-Georgia/31-Nebraska,6-Pipeline,0,0,-

13-Georgia,32-Nevada,13-Georgia/32-Nevada,6-Pipeline,0,0,-

13-Georgia,33-New Hampshire,13-Georgia/33-New Hampshire,6-Pipeline,0,0,-

13-Georgia,34-New Jersey,13-Georgia/34-New Jersey,6-Pipeline,0,0,-

13-Georgia,35-New Mexico,13-Georgia/35-New Mexico,6-Pipeline,0,0,-

13-Georgia,36-New York,13-Georgia/36-New York,6-Pipeline,0,0,-

13-Georgia,37-North Carolina,13-Georgia/37-North Carolina,6-Pipeline,0.0000628,0.0194,308.9171975

13-Georgia,38-North Dakota,13-Georgia/38-North Dakota,6-Pipeline,0,0,-

13-Georgia,39-Ohio,13-Georgia/39-Ohio,6-Pipeline,0.0000001,0,0

13-Georgia,40-Oklahoma,13-Georgia/40-Oklahoma,6-Pipeline,0,0,-

13-Georgia,41-Oregon,13-Georgia/41-Oregon,6-Pipeline,0,0,-

13-Georgia,42-Pennsylvania,13-Georgia/42-Pennsylvania,6-Pipeline,0,0,-

13-Georgia,44-Rhode Island,13-Georgia/44-Rhode Island,6-Pipeline,0,0,-

13-Georgia,45-South Carolina,13-Georgia/45-South Carolina,6-Pipeline,21.4921452,3276.425,152.4475556

13-Georgia,46-South Dakota,13-Georgia/46-South Dakota,6-Pipeline,0,0,-

13-Georgia,47-Tennessee,13-Georgia/47-Tennessee,6-Pipeline,1.1258475,261.107,231.9203977

13-Georgia,48-Texas,13-Georgia/48-Texas,6-Pipeline,0.0000245,0.0177,722.4489796

13-Georgia,49-Utah,13-Georgia/49-Utah,6-Pipeline,0,0,-

13-Georgia,50-Vermont,13-Georgia/50-Vermont,6-Pipeline,0,0,-

13-Georgia,51-Virginia,13-Georgia/51-Virginia,6-Pipeline,0,0,-

13-Georgia,53-Washington,13-Georgia/53-Washington,6-Pipeline,0,0,-

13-Georgia,54-West Virginia,13-Georgia/54-West Virginia,6-Pipeline,0,0,-

13-Georgia,55-Wisconsin,13-Georgia/55-Wisconsin,6-Pipeline,0,0,-

13-Georgia,56-Wyoming,13-Georgia/56-Wyoming,6-Pipeline,0,0,-

15-Hawaii,01-Alabama,15-Hawaii/01-Alabama,6-Pipeline,0,0,-

15-Hawaii,02-Alaska,15-Hawaii/02-Alaska,6-Pipeline,0,0,-

15-Hawaii,04-Arizona,15-Hawaii/04-Arizona,6-Pipeline,0,0,-

15-Hawaii,05-Arkansas,15-Hawaii/05-Arkansas,6-Pipeline,0,0,-

15-Hawaii,06-California,15-Hawaii/06-California,6-Pipeline,0,0,-

15-Hawaii,08-Colorado,15-Hawaii/08-Colorado,6-Pipeline,0,0,-

15-Hawaii,09-Connecticut,15-Hawaii/09-Connecticut,6-Pipeline,0,0,-

15-Hawaii,10-Delaware,15-Hawaii/10-Delaware,6-Pipeline,0,0,-

15-Hawaii,11-Washington DC,15-Hawaii/11-Washington DC,6-Pipeline,0,0,-

15-Hawaii,12-Florida,15-Hawaii/12-Florida,6-Pipeline,0,0,-

15-Hawaii,13-Georgia,15-Hawaii/13-Georgia,6-Pipeline,0,0,-

15-Hawaii,15-Hawaii,15-Hawaii/15-Hawaii,6-Pipeline,11.695302,233.4032,19.95700496

15-Hawaii,16-Idaho,15-Hawaii/16-Idaho,6-Pipeline,0,0,-

15-Hawaii,17-Illinois,15-Hawaii/17-Illinois,6-Pipeline,0,0,-

15-Hawaii,18-Indiana,15-Hawaii/18-Indiana,6-Pipeline,0,0,-

15-Hawaii,19-Iowa,15-Hawaii/19-Iowa,6-Pipeline,0,0,-

15-Hawaii,20-Kansas,15-Hawaii/20-Kansas,6-Pipeline,0,0,-

15-Hawaii,21-Kentucky,15-Hawaii/21-Kentucky,6-Pipeline,0,0,-

15-Hawaii,22-Louisiana,15-Hawaii/22-Louisiana,6-Pipeline,0,0,-

15-Hawaii,23-Maine,15-Hawaii/23-Maine,6-Pipeline,0,0,-

15-Hawaii,24-Maryland,15-Hawaii/24-Maryland,6-Pipeline,0,0,-

15-Hawaii,25-Massachusetts,15-Hawaii/25-Massachusetts,6-Pipeline,0,0,-

15-Hawaii,26-Michigan,15-Hawaii/26-Michigan,6-Pipeline,0,0,-

15-Hawaii,27-Minnesota,15-Hawaii/27-Minnesota,6-Pipeline,0,0,-

15-Hawaii,28-Mississippi,15-Hawaii/28-Mississippi,6-Pipeline,0,0,-

15-Hawaii,29-Missouri,15-Hawaii/29-Missouri,6-Pipeline,0,0,-

15-Hawaii,30-Montana,15-Hawaii/30-Montana,6-Pipeline,0,0,-

15-Hawaii,31-Nebraska,15-Hawaii/31-Nebraska,6-Pipeline,0,0,-

15-Hawaii,32-Nevada,15-Hawaii/32-Nevada,6-Pipeline,0,0,-

15-Hawaii,33-New Hampshire,15-Hawaii/33-New Hampshire,6-Pipeline,0,0,-

15-Hawaii,34-New Jersey,15-Hawaii/34-New Jersey,6-Pipeline,0,0,-

15-Hawaii,35-New Mexico,15-Hawaii/35-New Mexico,6-Pipeline,0,0,-

15-Hawaii,36-New York,15-Hawaii/36-New York,6-Pipeline,0,0,-

15-Hawaii,37-North Carolina,15-Hawaii/37-North Carolina,6-Pipeline,0,0,-

15-Hawaii,38-North Dakota,15-Hawaii/38-North Dakota,6-Pipeline,0,0,-

15-Hawaii,39-Ohio,15-Hawaii/39-Ohio,6-Pipeline,0,0,-

15-Hawaii,40-Oklahoma,15-Hawaii/40-Oklahoma,6-Pipeline,0,0,-

15-Hawaii,41-Oregon,15-Hawaii/41-Oregon,6-Pipeline,0,0,-

15-Hawaii,42-Pennsylvania,15-Hawaii/42-Pennsylvania,6-Pipeline,0,0,-

15-Hawaii,44-Rhode Island,15-Hawaii/44-Rhode Island,6-Pipeline,0,0,-

15-Hawaii,45-South Carolina,15-Hawaii/45-South Carolina,6-Pipeline,0,0,-

15-Hawaii,46-South Dakota,15-Hawaii/46-South Dakota,6-Pipeline,0,0,-

15-Hawaii,47-Tennessee,15-Hawaii/47-Tennessee,6-Pipeline,0,0,-

15-Hawaii,48-Texas,15-Hawaii/48-Texas,6-Pipeline,0,0,-

15-Hawaii,49-Utah,15-Hawaii/49-Utah,6-Pipeline,0,0,-

15-Hawaii,50-Vermont,15-Hawaii/50-Vermont,6-Pipeline,0,0,-

15-Hawaii,51-Virginia,15-Hawaii/51-Virginia,6-Pipeline,0,0,-

15-Hawaii,53-Washington,15-Hawaii/53-Washington,6-Pipeline,0,0,-

15-Hawaii,54-West Virginia,15-Hawaii/54-West Virginia,6-Pipeline,0,0,-

15-Hawaii,55-Wisconsin,15-Hawaii/55-Wisconsin,6-Pipeline,0,0,-

15-Hawaii,56-Wyoming,15-Hawaii/56-Wyoming,6-Pipeline,0,0,-

16-Idaho,01-Alabama,16-Idaho/01-Alabama,6-Pipeline,0,0,-

16-Idaho,02-Alaska,16-Idaho/02-Alaska,6-Pipeline,0,0,-

16-Idaho,04-Arizona,16-Idaho/04-Arizona,6-Pipeline,0,0,-

16-Idaho,05-Arkansas,16-Idaho/05-Arkansas,6-Pipeline,0,0,-

16-Idaho,06-California,16-Idaho/06-California,6-Pipeline,0,0,-

16-Idaho,08-Colorado,16-Idaho/08-Colorado,6-Pipeline,0,0,-

16-Idaho,09-Connecticut,16-Idaho/09-Connecticut,6-Pipeline,0,0,-

16-Idaho,10-Delaware,16-Idaho/10-Delaware,6-Pipeline,0,0,-

16-Idaho,11-Washington DC,16-Idaho/11-Washington DC,6-Pipeline,0,0,-

16-Idaho,12-Florida,16-Idaho/12-Florida,6-Pipeline,0,0,-

16-Idaho,13-Georgia,16-Idaho/13-Georgia,6-Pipeline,0,0,-

16-Idaho,15-Hawaii,16-Idaho/15-Hawaii,6-Pipeline,0,0,-

16-Idaho,16-Idaho,16-Idaho/16-Idaho,6-Pipeline,49.2379496,5159.5236,104.7875397

16-Idaho,17-Illinois,16-Idaho/17-Illinois,6-Pipeline,0,0,-

16-Idaho,18-Indiana,16-Idaho/18-Indiana,6-Pipeline,0,0,-

16-Idaho,19-Iowa,16-Idaho/19-Iowa,6-Pipeline,0,0,-

16-Idaho,20-Kansas,16-Idaho/20-Kansas,6-Pipeline,0,0,-

16-Idaho,21-Kentucky,16-Idaho/21-Kentucky,6-Pipeline,0,0,-

16-Idaho,22-Louisiana,16-Idaho/22-Louisiana,6-Pipeline,0,0,-

16-Idaho,23-Maine,16-Idaho/23-Maine,6-Pipeline,0,0,-

16-Idaho,24-Maryland,16-Idaho/24-Maryland,6-Pipeline,0,0,-

16-Idaho,25-Massachusetts,16-Idaho/25-Massachusetts,6-Pipeline,0,0,-

16-Idaho,26-Michigan,16-Idaho/26-Michigan,6-Pipeline,0,0,-

16-Idaho,27-Minnesota,16-Idaho/27-Minnesota,6-Pipeline,0,0,-

16-Idaho,28-Mississippi,16-Idaho/28-Mississippi,6-Pipeline,0,0,-

16-Idaho,29-Missouri,16-Idaho/29-Missouri,6-Pipeline,0,0,-

16-Idaho,30-Montana,16-Idaho/30-Montana,6-Pipeline,0,0,-

16-Idaho,31-Nebraska,16-Idaho/31-Nebraska,6-Pipeline,0,0,-

16-Idaho,32-Nevada,16-Idaho/32-Nevada,6-Pipeline,0.7757214,337.1551,434.6342643

16-Idaho,33-New Hampshire,16-Idaho/33-New Hampshire,6-Pipeline,0,0,-

16-Idaho,34-New Jersey,16-Idaho/34-New Jersey,6-Pipeline,0,0,-

16-Idaho,35-New Mexico,16-Idaho/35-New Mexico,6-Pipeline,0,0,-

16-Idaho,36-New York,16-Idaho/36-New York,6-Pipeline,0,0,-

16-Idaho,37-North Carolina,16-Idaho/37-North Carolina,6-Pipeline,0,0,-

16-Idaho,38-North Dakota,16-Idaho/38-North Dakota,6-Pipeline,0,0,-

16-Idaho,39-Ohio,16-Idaho/39-Ohio,6-Pipeline,0,0,-

16-Idaho,40-Oklahoma,16-Idaho/40-Oklahoma,6-Pipeline,0,0,-

16-Idaho,41-Oregon,16-Idaho/41-Oregon,6-Pipeline,1.6590107,358.8699,216.315603

16-Idaho,42-Pennsylvania,16-Idaho/42-Pennsylvania,6-Pipeline,0,0,-

16-Idaho,44-Rhode Island,16-Idaho/44-Rhode Island,6-Pipeline,0,0,-

16-Idaho,45-South Carolina,16-Idaho/45-South Carolina,6-Pipeline,0,0,-

16-Idaho,46-South Dakota,16-Idaho/46-South Dakota,6-Pipeline,0,0,-

16-Idaho,47-Tennessee,16-Idaho/47-Tennessee,6-Pipeline,0,0,-

16-Idaho,48-Texas,16-Idaho/48-Texas,6-Pipeline,0,0,-

16-Idaho,49-Utah,16-Idaho/49-Utah,6-Pipeline,0.765587,230.7632,301.4199562

16-Idaho,50-Vermont,16-Idaho/50-Vermont,6-Pipeline,0,0,-

16-Idaho,51-Virginia,16-Idaho/51-Virginia,6-Pipeline,0,0,-

16-Idaho,53-Washington,16-Idaho/53-Washington,6-Pipeline,20.3023863,6751.2647,332.5355256

16-Idaho,54-West Virginia,16-Idaho/54-West Virginia,6-Pipeline,0,0,-

16-Idaho,55-Wisconsin,16-Idaho/55-Wisconsin,6-Pipeline,0,0,-

16-Idaho,56-Wyoming,16-Idaho/56-Wyoming,6-Pipeline,0.0017243,0.5796,336.1364032

17-Illinois,01-Alabama,17-Illinois/01-Alabama,6-Pipeline,0.1237514,51.5101,416.2385234

17-Illinois,02-Alaska,17-Illinois/02-Alaska,6-Pipeline,0,0,-

17-Illinois,04-Arizona,17-Illinois/04-Arizona,6-Pipeline,0,0,-

17-Illinois,05-Arkansas,17-Illinois/05-Arkansas,6-Pipeline,0.0288165,8.1698,283.5111828

17-Illinois,06-California,17-Illinois/06-California,6-Pipeline,0.5036801,912.4918,1811.649497

17-Illinois,08-Colorado,17-Illinois/08-Colorado,6-Pipeline,4.2748248,3560.7908,832.9676575

17-Illinois,09-Connecticut,17-Illinois/09-Connecticut,6-Pipeline,0,0,-

17-Illinois,10-Delaware,17-Illinois/10-Delaware,6-Pipeline,0,0,-

17-Illinois,11-Washington DC,17-Illinois/11-Washington DC,6-Pipeline,0,0,-

17-Illinois,12-Florida,17-Illinois/12-Florida,6-Pipeline,0,0,-

17-Illinois,13-Georgia,17-Illinois/13-Georgia,6-Pipeline,0.00007,0.0413,590

17-Illinois,15-Hawaii,17-Illinois/15-Hawaii,6-Pipeline,0,0,-

17-Illinois,16-Idaho,17-Illinois/16-Idaho,6-Pipeline,0,0,-

17-Illinois,17-Illinois,17-Illinois/17-Illinois,6-Pipeline,66.1826742,3810.6674,57.57802093

17-Illinois,18-Indiana,17-Illinois/18-Indiana,6-Pipeline,49.0169173,6102.5121,124.4980802

17-Illinois,19-Iowa,17-Illinois/19-Iowa,6-Pipeline,26.4485165,5893.073,222.8129884

17-Illinois,20-Kansas,17-Illinois/20-Kansas,6-Pipeline,0.2383906,109.475,459.2253218

17-Illinois,21-Kentucky,17-Illinois/21-Kentucky,6-Pipeline,6.4818143,1661.2267,256.2903877

17-Illinois,22-Louisiana,17-Illinois/22-Louisiana,6-Pipeline,3.8506765,2141.8647,556.2307558

17-Illinois,23-Maine,17-Illinois/23-Maine,6-Pipeline,0,0,-

17-Illinois,24-Maryland,17-Illinois/24-Maryland,6-Pipeline,0,0,-

17-Illinois,25-Massachusetts,17-Illinois/25-Massachusetts,6-Pipeline,0,0,-

17-Illinois,26-Michigan,17-Illinois/26-Michigan,6-Pipeline,0.0382726,15.3562,401.2322131

17-Illinois,27-Minnesota,17-Illinois/27-Minnesota,6-Pipeline,0.0301067,10.7526,357.1497374

17-Illinois,28-Mississippi,17-Illinois/28-Mississippi,6-Pipeline,0.3118375,108.2489,347.1324007

17-Illinois,29-Missouri,17-Illinois/29-Missouri,6-Pipeline,13.3261276,4090.4717,306.9512632

17-Illinois,30-Montana,17-Illinois/30-Montana,6-Pipeline,0.6777127,658.3289,971.3982046

17-Illinois,31-Nebraska,17-Illinois/31-Nebraska,6-Pipeline,0.0142056,7.6664,539.6744946

17-Illinois,32-Nevada,17-Illinois/32-Nevada,6-Pipeline,0,0,-

17-Illinois,33-New Hampshire,17-Illinois/33-New Hampshire,6-Pipeline,0,0,-

17-Illinois,34-New Jersey,17-Illinois/34-New Jersey,6-Pipeline,0,0,-

17-Illinois,35-New Mexico,17-Illinois/35-New Mexico,6-Pipeline,2.1923544,2022.9765,922.7415513

17-Illinois,36-New York,17-Illinois/36-New York,6-Pipeline,0.0274432,16.5332,602.4516091

17-Illinois,37-North Carolina,17-Illinois/37-North Carolina,6-Pipeline,0,0,-

17-Illinois,38-North Dakota,17-Illinois/38-North Dakota,6-Pipeline,2.9028501,2470.5357,851.072434

17-Illinois,39-Ohio,17-Illinois/39-Ohio,6-Pipeline,0.7188036,183.7701,255.6610735

17-Illinois,40-Oklahoma,17-Illinois/40-Oklahoma,6-Pipeline,1.1676264,572.23,490.0797036

17-Illinois,41-Oregon,17-Illinois/41-Oregon,6-Pipeline,0,0,-

17-Illinois,42-Pennsylvania,17-Illinois/42-Pennsylvania,6-Pipeline,0.005412,3.0109,556.3377679

17-Illinois,44-Rhode Island,17-Illinois/44-Rhode Island,6-Pipeline,0,0,-

17-Illinois,45-South Carolina,17-Illinois/45-South Carolina,6-Pipeline,0,0,-

17-Illinois,46-South Dakota,17-Illinois/46-South Dakota,6-Pipeline,0.0030142,1.93,640.3025678

17-Illinois,47-Tennessee,17-Illinois/47-Tennessee,6-Pipeline,0,0,-

17-Illinois,48-Texas,17-Illinois/48-Texas,6-Pipeline,11.9600461,9111.5044,761.8285351

17-Illinois,49-Utah,17-Illinois/49-Utah,6-Pipeline,1.3079536,1443.1397,1103.356954

17-Illinois,50-Vermont,17-Illinois/50-Vermont,6-Pipeline,0,0,-

17-Illinois,51-Virginia,17-Illinois/51-Virginia,6-Pipeline,0,0,-

17-Illinois,53-Washington,17-Illinois/53-Washington,6-Pipeline,0,0,-

17-Illinois,54-West Virginia,17-Illinois/54-West Virginia,6-Pipeline,0,0,-

17-Illinois,55-Wisconsin,17-Illinois/55-Wisconsin,6-Pipeline,4.4627893,632.8746,141.8114451

17-Illinois,56-Wyoming,17-Illinois/56-Wyoming,6-Pipeline,2.4732528,2239.5828,905.5211825

18-Indiana,01-Alabama,18-Indiana/01-Alabama,6-Pipeline,0.4632796,247.3174,533.8404713

18-Indiana,02-Alaska,18-Indiana/02-Alaska,6-Pipeline,0,0,-

18-Indiana,04-Arizona,18-Indiana/04-Arizona,6-Pipeline,0,0,-

18-Indiana,05-Arkansas,18-Indiana/05-Arkansas,6-Pipeline,0.0224484,10.6624,474.9737175

18-Indiana,06-California,18-Indiana/06-California,6-Pipeline,0,0,-

18-Indiana,08-Colorado,18-Indiana/08-Colorado,6-Pipeline,3.3189127,3076.4874,926.9564095

18-Indiana,09-Connecticut,18-Indiana/09-Connecticut,6-Pipeline,0,0,-

18-Indiana,10-Delaware,18-Indiana/10-Delaware,6-Pipeline,0,0,-

18-Indiana,11-Washington DC,18-Indiana/11-Washington DC,6-Pipeline,0,0,-

18-Indiana,12-Florida,18-Indiana/12-Florida,6-Pipeline,0,0,-

18-Indiana,13-Georgia,18-Indiana/13-Georgia,6-Pipeline,0,0,-

18-Indiana,15-Hawaii,18-Indiana/15-Hawaii,6-Pipeline,0,0,-

18-Indiana,16-Idaho,18-Indiana/16-Idaho,6-Pipeline,0,0,-

18-Indiana,17-Illinois,18-Indiana/17-Illinois,6-Pipeline,49.0169173,6102.5121,124.4980802

18-Indiana,18-Indiana,18-Indiana/18-Indiana,6-Pipeline,54.1249754,4992.2538,92.23567795

18-Indiana,19-Iowa,18-Indiana/19-Iowa,6-Pipeline,2.341762,641.3197,273.8620321

18-Indiana,20-Kansas,18-Indiana/20-Kansas,6-Pipeline,0.1905092,113.6847,596.7412597

18-Indiana,21-Kentucky,18-Indiana/21-Kentucky,6-Pipeline,6.6350923,1040.6007,156.8328899

18-Indiana,22-Louisiana,18-Indiana/22-Louisiana,6-Pipeline,2.6656012,1946.7037,730.3056811

18-Indiana,23-Maine,18-Indiana/23-Maine,6-Pipeline,0,0,-

18-Indiana,24-Maryland,18-Indiana/24-Maryland,6-Pipeline,0.3737042,175.7611,470.3214467

18-Indiana,25-Massachusetts,18-Indiana/25-Massachusetts,6-Pipeline,0,0,-

18-Indiana,26-Michigan,18-Indiana/26-Michigan,6-Pipeline,19.4942638,4050.358,207.7717857

18-Indiana,27-Minnesota,18-Indiana/27-Minnesota,6-Pipeline,0.0065874,3.2325,490.7095364

18-Indiana,28-Mississippi,18-Indiana/28-Mississippi,6-Pipeline,0.2403175,125.8098,523.5149334

18-Indiana,29-Missouri,18-Indiana/29-Missouri,6-Pipeline,0.0005044,0.1925,381.6415543

18-Indiana,30-Montana,18-Indiana/30-Montana,6-Pipeline,0.4940262,478.6847,968.945979

18-Indiana,31-Nebraska,18-Indiana/31-Nebraska,6-Pipeline,0.0118355,7.2443,612.0822948

18-Indiana,32-Nevada,18-Indiana/32-Nevada,6-Pipeline,0,0,-

18-Indiana,33-New Hampshire,18-Indiana/33-New Hampshire,6-Pipeline,0,0,-

18-Indiana,34-New Jersey,18-Indiana/34-New Jersey,6-Pipeline,0.2784233,150.6546,541.0991106

18-Indiana,35-New Mexico,18-Indiana/35-New Mexico,6-Pipeline,1.6998176,1821.3537,1071.499495

18-Indiana,36-New York,18-Indiana/36-New York,6-Pipeline,0.0213271,9.5807,449.2265709

18-Indiana,37-North Carolina,18-Indiana/37-North Carolina,6-Pipeline,2.2001356,993.6083,451.6123006

18-Indiana,38-North Dakota,18-Indiana/38-North Dakota,6-Pipeline,2.418538,1981.0004,819.0900453

18-Indiana,39-Ohio,18-Indiana/39-Ohio,6-Pipeline,39.3799758,7484.8111,190.066422

18-Indiana,40-Oklahoma,18-Indiana/40-Oklahoma,6-Pipeline,1.0419064,694.617,666.6788879

18-Indiana,41-Oregon,18-Indiana/41-Oregon,6-Pipeline,0,0,-

18-Indiana,42-Pennsylvania,18-Indiana/42-Pennsylvania,6-Pipeline,0.0011851,0.5141,433.8030546

18-Indiana,44-Rhode Island,18-Indiana/44-Rhode Island,6-Pipeline,0,0,-

18-Indiana,45-South Carolina,18-Indiana/45-South Carolina,6-Pipeline,0.0370157,17.3898,469.795249

18-Indiana,46-South Dakota,18-Indiana/46-South Dakota,6-Pipeline,0,0,-

18-Indiana,47-Tennessee,18-Indiana/47-Tennessee,6-Pipeline,0.000782,0.3044,389.258312

18-Indiana,48-Texas,18-Indiana/48-Texas,6-Pipeline,7.0370616,6211.7548,882.7199694

18-Indiana,49-Utah,18-Indiana/49-Utah,6-Pipeline,0.9840926,1170.5087,1189.42943

18-Indiana,50-Vermont,18-Indiana/50-Vermont,6-Pipeline,0,0,-

18-Indiana,51-Virginia,18-Indiana/51-Virginia,6-Pipeline,0.0419662,18.3789,437.9452988

18-Indiana,53-Washington,18-Indiana/53-Washington,6-Pipeline,0,0,-

18-Indiana,54-West Virginia,18-Indiana/54-West Virginia,6-Pipeline,0,0,-

18-Indiana,55-Wisconsin,18-Indiana/55-Wisconsin,6-Pipeline,1.637116,267.5158,163.406747

18-Indiana,56-Wyoming,18-Indiana/56-Wyoming,6-Pipeline,1.8969468,1819.7776,959.3192598

19-Iowa,01-Alabama,19-Iowa/01-Alabama,6-Pipeline,0,0,-

19-Iowa,02-Alaska,19-Iowa/02-Alaska,6-Pipeline,0,0,-

19-Iowa,04-Arizona,19-Iowa/04-Arizona,6-Pipeline,0,0,-

19-Iowa,05-Arkansas,19-Iowa/05-Arkansas,6-Pipeline,0,0,-

19-Iowa,06-California,19-Iowa/06-California,6-Pipeline,0,0,-

19-Iowa,08-Colorado,19-Iowa/08-Colorado,6-Pipeline,0,0,-

19-Iowa,09-Connecticut,19-Iowa/09-Connecticut,6-Pipeline,0,0,-

19-Iowa,10-Delaware,19-Iowa/10-Delaware,6-Pipeline,0,0,-

19-Iowa,11-Washington DC,19-Iowa/11-Washington DC,6-Pipeline,0,0,-

19-Iowa,12-Florida,19-Iowa/12-Florida,6-Pipeline,0,0,-

19-Iowa,13-Georgia,19-Iowa/13-Georgia,6-Pipeline,0,0,-

19-Iowa,15-Hawaii,19-Iowa/15-Hawaii,6-Pipeline,0,0,-

19-Iowa,16-Idaho,19-Iowa/16-Idaho,6-Pipeline,0,0,-

19-Iowa,17-Illinois,19-Iowa/17-Illinois,6-Pipeline,26.4485165,5893.073,222.8129884

19-Iowa,18-Indiana,19-Iowa/18-Indiana,6-Pipeline,2.341762,641.3197,273.8620321

19-Iowa,19-Iowa,19-Iowa/19-Iowa,6-Pipeline,21.1502918,2091.269,98.87660273

19-Iowa,20-Kansas,19-Iowa/20-Kansas,6-Pipeline,0.0896158,25.7099,286.8902582

19-Iowa,21-Kentucky,19-Iowa/21-Kentucky,6-Pipeline,0,0,-

19-Iowa,22-Louisiana,19-Iowa/22-Louisiana,6-Pipeline,0,0,-

19-Iowa,23-Maine,19-Iowa/23-Maine,6-Pipeline,0,0,-

19-Iowa,24-Maryland,19-Iowa/24-Maryland,6-Pipeline,0,0,-

19-Iowa,25-Massachusetts,19-Iowa/25-Massachusetts,6-Pipeline,0,0,-

19-Iowa,26-Michigan,19-Iowa/26-Michigan,6-Pipeline,0,0,-

19-Iowa,27-Minnesota,19-Iowa/27-Minnesota,6-Pipeline,36.4631448,6967.7788,191.0909999

19-Iowa,28-Mississippi,19-Iowa/28-Mississippi,6-Pipeline,0,0,-

19-Iowa,29-Missouri,19-Iowa/29-Missouri,6-Pipeline,2.9576005,640.055,216.4102285

19-Iowa,30-Montana,19-Iowa/30-Montana,6-Pipeline,0,0,-

19-Iowa,31-Nebraska,19-Iowa/31-Nebraska,6-Pipeline,9.8527735,2253.4242,228.7096319

19-Iowa,32-Nevada,19-Iowa/32-Nevada,6-Pipeline,0,0,-

19-Iowa,33-New Hampshire,19-Iowa/33-New Hampshire,6-Pipeline,0,0,-

19-Iowa,34-New Jersey,19-Iowa/34-New Jersey,6-Pipeline,0,0,-

19-Iowa,35-New Mexico,19-Iowa/35-New Mexico,6-Pipeline,0,0,-

19-Iowa,36-New York,19-Iowa/36-New York,6-Pipeline,0,0,-

19-Iowa,37-North Carolina,19-Iowa/37-North Carolina,6-Pipeline,0,0,-

19-Iowa,38-North Dakota,19-Iowa/38-North Dakota,6-Pipeline,0,0,-

19-Iowa,39-Ohio,19-Iowa/39-Ohio,6-Pipeline,0,0,-

19-Iowa,40-Oklahoma,19-Iowa/40-Oklahoma,6-Pipeline,0,0,-

19-Iowa,41-Oregon,19-Iowa/41-Oregon,6-Pipeline,0,0,-

19-Iowa,42-Pennsylvania,19-Iowa/42-Pennsylvania,6-Pipeline,0,0,-

19-Iowa,44-Rhode Island,19-Iowa/44-Rhode Island,6-Pipeline,0,0,-

19-Iowa,45-South Carolina,19-Iowa/45-South Carolina,6-Pipeline,0,0,-

19-Iowa,46-South Dakota,19-Iowa/46-South Dakota,6-Pipeline,0.069857,11.9354,170.8547461

19-Iowa,47-Tennessee,19-Iowa/47-Tennessee,6-Pipeline,0,0,-

19-Iowa,48-Texas,19-Iowa/48-Texas,6-Pipeline,0,0,-

19-Iowa,49-Utah,19-Iowa/49-Utah,6-Pipeline,0,0,-

19-Iowa,50-Vermont,19-Iowa/50-Vermont,6-Pipeline,0,0,-

19-Iowa,51-Virginia,19-Iowa/51-Virginia,6-Pipeline,0,0,-

19-Iowa,53-Washington,19-Iowa/53-Washington,6-Pipeline,0,0,-

19-Iowa,54-West Virginia,19-Iowa/54-West Virginia,6-Pipeline,0,0,-

19-Iowa,55-Wisconsin,19-Iowa/55-Wisconsin,6-Pipeline,0,0,-

19-Iowa,56-Wyoming,19-Iowa/56-Wyoming,6-Pipeline,0,0,-

20-Kansas,01-Alabama,20-Kansas/01-Alabama,6-Pipeline,0.139316,96.1988,690.5079101

20-Kansas,02-Alaska,20-Kansas/02-Alaska,6-Pipeline,0,0,-

20-Kansas,04-Arizona,20-Kansas/04-Arizona,6-Pipeline,0,0,-

20-Kansas,05-Arkansas,20-Kansas/05-Arkansas,6-Pipeline,0.018347,4.5097,245.8004033

20-Kansas,06-California,20-Kansas/06-California,6-Pipeline,0,0,-

20-Kansas,08-Colorado,20-Kansas/08-Colorado,6-Pipeline,5.5562323,2367.766,426.1459695

20-Kansas,09-Connecticut,20-Kansas/09-Connecticut,6-Pipeline,0,0,-

20-Kansas,10-Delaware,20-Kansas/10-Delaware,6-Pipeline,0,0,-

20-Kansas,11-Washington DC,20-Kansas/11-Washington DC,6-Pipeline,0,0,-

20-Kansas,12-Florida,20-Kansas/12-Florida,6-Pipeline,0,0,-

20-Kansas,13-Georgia,20-Kansas/13-Georgia,6-Pipeline,0,0,-

20-Kansas,15-Hawaii,20-Kansas/15-Hawaii,6-Pipeline,0,0,-

20-Kansas,16-Idaho,20-Kansas/16-Idaho,6-Pipeline,0,0,-

20-Kansas,17-Illinois,20-Kansas/17-Illinois,6-Pipeline,0.2383906,109.475,459.2253218

20-Kansas,18-Indiana,20-Kansas/18-Indiana,6-Pipeline,0.1905092,113.6847,596.7412597

20-Kansas,19-Iowa,20-Kansas/19-Iowa,6-Pipeline,0.0896158,25.7099,286.8902582

20-Kansas,20-Kansas,20-Kansas/20-Kansas,6-Pipeline,42.479,2568.0452,60.45446456

20-Kansas,21-Kentucky,20-Kansas/21-Kentucky,6-Pipeline,0.1221903,83.2667,681.4509826

20-Kansas,22-Louisiana,20-Kansas/22-Louisiana,6-Pipeline,4.0842018,2438.9011,597.1548957

20-Kansas,23-Maine,20-Kansas/23-Maine,6-Pipeline,0,0,-

20-Kansas,24-Maryland,20-Kansas/24-Maryland,6-Pipeline,0,0,-

20-Kansas,25-Massachusetts,20-Kansas/25-Massachusetts,6-Pipeline,0,0,-

20-Kansas,26-Michigan,20-Kansas/26-Michigan,6-Pipeline,0.0548294,44.4707,811.0739859

20-Kansas,27-Minnesota,20-Kansas/27-Minnesota,6-Pipeline,0.1574728,80.3504,510.2493891

20-Kansas,28-Mississippi,20-Kansas/28-Mississippi,6-Pipeline,0.2165712,104.1643,480.9702306

20-Kansas,29-Missouri,20-Kansas/29-Missouri,6-Pipeline,13.6972919,3527.0497,257.4997836

20-Kansas,30-Montana,20-Kansas/30-Montana,6-Pipeline,0.6474413,459.0695,709.0519249

20-Kansas,31-Nebraska,20-Kansas/31-Nebraska,6-Pipeline,17.6412866,3519.9276,199.5278281

20-Kansas,32-Nevada,20-Kansas/32-Nevada,6-Pipeline,0,0,-

20-Kansas,33-New Hampshire,20-Kansas/33-New Hampshire,6-Pipeline,0,0,-

20-Kansas,34-New Jersey,20-Kansas/34-New Jersey,6-Pipeline,0,0,-

20-Kansas,35-New Mexico,20-Kansas/35-New Mexico,6-Pipeline,1.4515169,689.1771,474.7978477

20-Kansas,36-New York,20-Kansas/36-New York,6-Pipeline,0.0174306,17.3732,996.7069407

20-Kansas,37-North Carolina,20-Kansas/37-North Carolina,6-Pipeline,0,0,-

20-Kansas,38-North Dakota,20-Kansas/38-North Dakota,6-Pipeline,1.0424538,740.3295,710.1796741

20-Kansas,39-Ohio,20-Kansas/39-Ohio,6-Pipeline,0.1820456,146.9389,807.1543613

20-Kansas,40-Oklahoma,20-Kansas/40-Oklahoma,6-Pipeline,24.8833055,5689.788,228.6588492

20-Kansas,41-Oregon,20-Kansas/41-Oregon,6-Pipeline,0,0,-

20-Kansas,42-Pennsylvania,20-Kansas/42-Pennsylvania,6-Pipeline,0.0227423,23.4393,1030.647736

20-Kansas,44-Rhode Island,20-Kansas/44-Rhode Island,6-Pipeline,0,0,-

20-Kansas,45-South Carolina,20-Kansas/45-South Carolina,6-Pipeline,0,0,-

20-Kansas,46-South Dakota,20-Kansas/46-South Dakota,6-Pipeline,0,0,-

20-Kansas,47-Tennessee,20-Kansas/47-Tennessee,6-Pipeline,0,0,-

20-Kansas,48-Texas,20-Kansas/48-Texas,6-Pipeline,10.3903007,4825.3545,464.4095142

20-Kansas,49-Utah,20-Kansas/49-Utah,6-Pipeline,1.0544297,692.3325,656.5942708

20-Kansas,50-Vermont,20-Kansas/50-Vermont,6-Pipeline,0,0,-

20-Kansas,51-Virginia,20-Kansas/51-Virginia,6-Pipeline,0,0,-

20-Kansas,53-Washington,20-Kansas/53-Washington,6-Pipeline,0,0,-

20-Kansas,54-West Virginia,20-Kansas/54-West Virginia,6-Pipeline,0,0,-

20-Kansas,55-Wisconsin,20-Kansas/55-Wisconsin,6-Pipeline,0.0121908,7.0469,578.0506612

20-Kansas,56-Wyoming,20-Kansas/56-Wyoming,6-Pipeline,1.7640681,940.1894,532.9666128

21-Kentucky,01-Alabama,21-Kentucky/01-Alabama,6-Pipeline,0.0575979,20.6455,358.4418876

21-Kentucky,02-Alaska,21-Kentucky/02-Alaska,6-Pipeline,0,0,-

21-Kentucky,04-Arizona,21-Kentucky/04-Arizona,6-Pipeline,0,0,-

21-Kentucky,05-Arkansas,21-Kentucky/05-Arkansas,6-Pipeline,0.0141541,5.5374,391.2223313

21-Kentucky,06-California,21-Kentucky/06-California,6-Pipeline,0,0,-

21-Kentucky,08-Colorado,21-Kentucky/08-Colorado,6-Pipeline,2.0956534,2241.8416,1069.757814

21-Kentucky,09-Connecticut,21-Kentucky/09-Connecticut,6-Pipeline,0,0,-

21-Kentucky,10-Delaware,21-Kentucky/10-Delaware,6-Pipeline,0,0,-

21-Kentucky,11-Washington DC,21-Kentucky/11-Washington DC,6-Pipeline,0,0,-

21-Kentucky,12-Florida,21-Kentucky/12-Florida,6-Pipeline,0,0,-

21-Kentucky,13-Georgia,21-Kentucky/13-Georgia,6-Pipeline,0,0,-

21-Kentucky,15-Hawaii,21-Kentucky/15-Hawaii,6-Pipeline,0,0,-

21-Kentucky,16-Idaho,21-Kentucky/16-Idaho,6-Pipeline,0,0,-

21-Kentucky,17-Illinois,21-Kentucky/17-Illinois,6-Pipeline,6.4818143,1661.2267,256.2903877

21-Kentucky,18-Indiana,21-Kentucky/18-Indiana,6-Pipeline,6.6350923,1040.6007,156.8328899

21-Kentucky,19-Iowa,21-Kentucky/19-Iowa,6-Pipeline,0,0,-

21-Kentucky,20-Kansas,21-Kentucky/20-Kansas,6-Pipeline,0.1221903,83.2667,681.4509826

21-Kentucky,21-Kentucky,21-Kentucky/21-Kentucky,6-Pipeline,25.8536218,2030.568,78.54094934

21-Kentucky,22-Louisiana,21-Kentucky/22-Louisiana,6-Pipeline,4.0863045,2287.3765,559.7665323

21-Kentucky,23-Maine,21-Kentucky/23-Maine,6-Pipeline,0,0,-

21-Kentucky,24-Maryland,21-Kentucky/24-Maryland,6-Pipeline,0,0,-

21-Kentucky,25-Massachusetts,21-Kentucky/25-Massachusetts,6-Pipeline,0,0,-

21-Kentucky,26-Michigan,21-Kentucky/26-Michigan,6-Pipeline,0.0192452,7.4554,387.3901025

21-Kentucky,27-Minnesota,21-Kentucky/27-Minnesota,6-Pipeline,0.0090657,5.6319,621.2316754

21-Kentucky,28-Mississippi,21-Kentucky/28-Mississippi,6-Pipeline,0.1522254,56.6906,372.4122256

21-Kentucky,29-Missouri,21-Kentucky/29-Missouri,6-Pipeline,0.0003252,0.1552,477.2447724

21-Kentucky,30-Montana,21-Kentucky/30-Montana,6-Pipeline,0.3206087,393.3991,1227.038131

21-Kentucky,31-Nebraska,21-Kentucky/31-Nebraska,6-Pipeline,0.0075682,5.994,791.9980973

21-Kentucky,32-Nevada,21-Kentucky/32-Nevada,6-Pipeline,0,0,-

21-Kentucky,33-New Hampshire,21-Kentucky/33-New Hampshire,6-Pipeline,0,0,-

21-Kentucky,34-New Jersey,21-Kentucky/34-New Jersey,6-Pipeline,0,0,-

21-Kentucky,35-New Mexico,21-Kentucky/35-New Mexico,6-Pipeline,1.0739308,1185.4779,1103.868052

21-Kentucky,36-New York,21-Kentucky/36-New York,6-Pipeline,0.0134471,4.9686,369.4923069

21-Kentucky,37-North Carolina,21-Kentucky/37-North Carolina,6-Pipeline,0,0,-

21-Kentucky,38-North Dakota,21-Kentucky/38-North Dakota,6-Pipeline,1.5465296,1700.3875,1099.485907

21-Kentucky,39-Ohio,21-Kentucky/39-Ohio,6-Pipeline,31.133414,7671.8923,246.4198851

21-Kentucky,40-Oklahoma,21-Kentucky/40-Oklahoma,6-Pipeline,0.6156771,404.054,656.2758303

21-Kentucky,41-Oregon,21-Kentucky/41-Oregon,6-Pipeline,0,0,-

21-Kentucky,42-Pennsylvania,21-Kentucky/42-Pennsylvania,6-Pipeline,0.0025071,1.1637,464.1617805

21-Kentucky,44-Rhode Island,21-Kentucky/44-Rhode Island,6-Pipeline,0,0,-

21-Kentucky,45-South Carolina,21-Kentucky/45-South Carolina,6-Pipeline,0,0,-

21-Kentucky,46-South Dakota,21-Kentucky/46-South Dakota,6-Pipeline,0,0,-

21-Kentucky,47-Tennessee,21-Kentucky/47-Tennessee,6-Pipeline,57.7001875,8269.2629,143.3143159

21-Kentucky,48-Texas,21-Kentucky/48-Texas,6-Pipeline,4.455672,3717.6262,834.3581395

21-Kentucky,49-Utah,21-Kentucky/49-Utah,6-Pipeline,0.6298462,841.7303,1336.406094

21-Kentucky,50-Vermont,21-Kentucky/50-Vermont,6-Pipeline,0,0,-

21-Kentucky,51-Virginia,21-Kentucky/51-Virginia,6-Pipeline,0.1136391,39.9635,351.6703318

21-Kentucky,53-Washington,21-Kentucky/53-Washington,6-Pipeline,0,0,-

21-Kentucky,54-West Virginia,21-Kentucky/54-West Virginia,6-Pipeline,14.0788913,2827.1735,200.8093848

21-Kentucky,55-Wisconsin,21-Kentucky/55-Wisconsin,6-Pipeline,0.0007287,0.3357,460.6834088

21-Kentucky,56-Wyoming,21-Kentucky/56-Wyoming,6-Pipeline,1.2040546,1398.2965,1161.323166

22-Louisiana,01-Alabama,22-Louisiana/01-Alabama,6-Pipeline,1.6350956,423.3742,258.929325

22-Louisiana,02-Alaska,22-Louisiana/02-Alaska,6-Pipeline,0,0,-

22-Louisiana,04-Arizona,22-Louisiana/04-Arizona,6-Pipeline,0,0,-

22-Louisiana,05-Arkansas,22-Louisiana/05-Arkansas,6-Pipeline,19.2191368,3844.0485,200.0115062

22-Louisiana,06-California,22-Louisiana/06-California,6-Pipeline,0,0,-

22-Louisiana,08-Colorado,22-Louisiana/08-Colorado,6-Pipeline,0.1817897,186.4844,1025.824895

22-Louisiana,09-Connecticut,22-Louisiana/09-Connecticut,6-Pipeline,0.4097573,521.6048,1272.96036

22-Louisiana,10-Delaware,22-Louisiana/10-Delaware,6-Pipeline,0,0,-

22-Louisiana,11-Washington DC,22-Louisiana/11-Washington DC,6-Pipeline,0,0,-

22-Louisiana,12-Florida,22-Louisiana/12-Florida,6-Pipeline,0,0,-

22-Louisiana,13-Georgia,22-Louisiana/13-Georgia,6-Pipeline,2.9234177,1313.8381,449.418535

22-Louisiana,15-Hawaii,22-Louisiana/15-Hawaii,6-Pipeline,0,0,-

22-Louisiana,16-Idaho,22-Louisiana/16-Idaho,6-Pipeline,0,0,-

22-Louisiana,17-Illinois,22-Louisiana/17-Illinois,6-Pipeline,3.8506765,2141.8647,556.2307558

22-Louisiana,18-Indiana,22-Louisiana/18-Indiana,6-Pipeline,2.6656012,1946.7037,730.3056811

22-Louisiana,19-Iowa,22-Louisiana/19-Iowa,6-Pipeline,0,0,-

22-Louisiana,20-Kansas,22-Louisiana/20-Kansas,6-Pipeline,4.0842018,2438.9011,597.1548957

22-Louisiana,21-Kentucky,22-Louisiana/21-Kentucky,6-Pipeline,4.0863045,2287.3765,559.7665323

22-Louisiana,22-Louisiana,22-Louisiana/22-Louisiana,6-Pipeline,273.3435986,19160.3346,70.0961526

22-Louisiana,23-Maine,22-Louisiana/23-Maine,6-Pipeline,0,0,-

22-Louisiana,24-Maryland,22-Louisiana/24-Maryland,6-Pipeline,0.1237481,140.0893,1132.052128

22-Louisiana,25-Massachusetts,22-Louisiana/25-Massachusetts,6-Pipeline,0,0,-

22-Louisiana,26-Michigan,22-Louisiana/26-Michigan,6-Pipeline,1.0396834,965.4353,928.585856

22-Louisiana,27-Minnesota,22-Louisiana/27-Minnesota,6-Pipeline,2.2598662,2141.4537,947.6019863

22-Louisiana,28-Mississippi,22-Louisiana/28-Mississippi,6-Pipeline,91.0524057,18976.5636,208.4136433

22-Louisiana,29-Missouri,22-Louisiana/29-Missouri,6-Pipeline,0.0035339,2.2208,628.4275163

22-Louisiana,30-Montana,22-Louisiana/30-Montana,6-Pipeline,0.024519,33.9574,1384.94229

22-Louisiana,31-Nebraska,22-Louisiana/31-Nebraska,6-Pipeline,0.1135099,101.6075,895.1421858

22-Louisiana,32-Nevada,22-Louisiana/32-Nevada,6-Pipeline,0,0,-

22-Louisiana,33-New Hampshire,22-Louisiana/33-New Hampshire,6-Pipeline,0,0,-

22-Louisiana,34-New Jersey,22-Louisiana/34-New Jersey,6-Pipeline,0,0,-

22-Louisiana,35-New Mexico,22-Louisiana/35-New Mexico,6-Pipeline,22.0313631,18150.4457,823.8457883

22-Louisiana,36-New York,22-Louisiana/36-New York,6-Pipeline,0.0678805,74.4713,1097.094158

22-Louisiana,37-North Carolina,22-Louisiana/37-North Carolina,6-Pipeline,0.0026885,1.8428,685.4379766

22-Louisiana,38-North Dakota,22-Louisiana/38-North Dakota,6-Pipeline,25.0972661,33287.7316,1326.348913

22-Louisiana,39-Ohio,22-Louisiana/39-Ohio,6-Pipeline,9.8012333,8269.9724,843.768549

22-Louisiana,40-Oklahoma,22-Louisiana/40-Oklahoma,6-Pipeline,12.3907744,5922.8068,478.0013427

22-Louisiana,41-Oregon,22-Louisiana/41-Oregon,6-Pipeline,0,0,-

22-Louisiana,42-Pennsylvania,22-Louisiana/42-Pennsylvania,6-Pipeline,0.9880039,1028.2341,1040.718665

22-Louisiana,44-Rhode Island,22-Louisiana/44-Rhode Island,6-Pipeline,0,0,-

22-Louisiana,45-South Carolina,22-Louisiana/45-South Carolina,6-Pipeline,1.2157749,787.6745,647.878567

22-Louisiana,46-South Dakota,22-Louisiana/46-South Dakota,6-Pipeline,0,0,-

22-Louisiana,47-Tennessee,22-Louisiana/47-Tennessee,6-Pipeline,4.4742095,2159.129,482.5721728

22-Louisiana,48-Texas,22-Louisiana/48-Texas,6-Pipeline,174.6014886,68870.0887,394.4415895

22-Louisiana,49-Utah,22-Louisiana/49-Utah,6-Pipeline,0.0494026,61.3923,1242.693704

22-Louisiana,50-Vermont,22-Louisiana/50-Vermont,6-Pipeline,0,0,-

22-Louisiana,51-Virginia,22-Louisiana/51-Virginia,6-Pipeline,2.6683401,2450.8736,918.501206

22-Louisiana,53-Washington,22-Louisiana/53-Washington,6-Pipeline,0,0,-

22-Louisiana,54-West Virginia,22-Louisiana/54-West Virginia,6-Pipeline,0,0,-

22-Louisiana,55-Wisconsin,22-Louisiana/55-Wisconsin,6-Pipeline,0.2210337,192.5459,871.115581

22-Louisiana,56-Wyoming,22-Louisiana/56-Wyoming,6-Pipeline,0.103971,124.3467,1195.974839

23-Maine,01-Alabama,23-Maine/01-Alabama,6-Pipeline,0,0,-

23-Maine,02-Alaska,23-Maine/02-Alaska,6-Pipeline,0,0,-

23-Maine,04-Arizona,23-Maine/04-Arizona,6-Pipeline,0,0,-

23-Maine,05-Arkansas,23-Maine/05-Arkansas,6-Pipeline,0,0,-

23-Maine,06-California,23-Maine/06-California,6-Pipeline,0,0,-

23-Maine,08-Colorado,23-Maine/08-Colorado,6-Pipeline,0,0,-

23-Maine,09-Connecticut,23-Maine/09-Connecticut,6-Pipeline,0,0,-

23-Maine,10-Delaware,23-Maine/10-Delaware,6-Pipeline,0,0,-

23-Maine,11-Washington DC,23-Maine/11-Washington DC,6-Pipeline,0,0,-

23-Maine,12-Florida,23-Maine/12-Florida,6-Pipeline,0,0,-

23-Maine,13-Georgia,23-Maine/13-Georgia,6-Pipeline,0,0,-

23-Maine,15-Hawaii,23-Maine/15-Hawaii,6-Pipeline,0,0,-

23-Maine,16-Idaho,23-Maine/16-Idaho,6-Pipeline,0,0,-

23-Maine,17-Illinois,23-Maine/17-Illinois,6-Pipeline,0,0,-

23-Maine,18-Indiana,23-Maine/18-Indiana,6-Pipeline,0,0,-

23-Maine,19-Iowa,23-Maine/19-Iowa,6-Pipeline,0,0,-

23-Maine,20-Kansas,23-Maine/20-Kansas,6-Pipeline,0,0,-

23-Maine,21-Kentucky,23-Maine/21-Kentucky,6-Pipeline,0,0,-

23-Maine,22-Louisiana,23-Maine/22-Louisiana,6-Pipeline,0,0,-

23-Maine,23-Maine,23-Maine/23-Maine,6-Pipeline,1.1014982,85.1736,77.32522849

23-Maine,24-Maryland,23-Maine/24-Maryland,6-Pipeline,0,0,-

23-Maine,25-Massachusetts,23-Maine/25-Massachusetts,6-Pipeline,0,0,-

23-Maine,26-Michigan,23-Maine/26-Michigan,6-Pipeline,0.0047167,3.4609,733.7545318

23-Maine,27-Minnesota,23-Maine/27-Minnesota,6-Pipeline,0,0,-

23-Maine,28-Mississippi,23-Maine/28-Mississippi,6-Pipeline,0,0,-

23-Maine,29-Missouri,23-Maine/29-Missouri,6-Pipeline,0,0,-

23-Maine,30-Montana,23-Maine/30-Montana,6-Pipeline,0,0,-

23-Maine,31-Nebraska,23-Maine/31-Nebraska,6-Pipeline,0,0,-

23-Maine,32-Nevada,23-Maine/32-Nevada,6-Pipeline,0,0,-

23-Maine,33-New Hampshire,23-Maine/33-New Hampshire,6-Pipeline,5.4167843,601.9089,111.1192299

23-Maine,34-New Jersey,23-Maine/34-New Jersey,6-Pipeline,0,0,-

23-Maine,35-New Mexico,23-Maine/35-New Mexico,6-Pipeline,0,0,-

23-Maine,36-New York,23-Maine/36-New York,6-Pipeline,0,0,-

23-Maine,37-North Carolina,23-Maine/37-North Carolina,6-Pipeline,0,0,-

23-Maine,38-North Dakota,23-Maine/38-North Dakota,6-Pipeline,0,0,-

23-Maine,39-Ohio,23-Maine/39-Ohio,6-Pipeline,0,0,-

23-Maine,40-Oklahoma,23-Maine/40-Oklahoma,6-Pipeline,0,0,-

23-Maine,41-Oregon,23-Maine/41-Oregon,6-Pipeline,0,0,-

23-Maine,42-Pennsylvania,23-Maine/42-Pennsylvania,6-Pipeline,0,0,-

23-Maine,44-Rhode Island,23-Maine/44-Rhode Island,6-Pipeline,0,0,-

23-Maine,45-South Carolina,23-Maine/45-South Carolina,6-Pipeline,0,0,-

23-Maine,46-South Dakota,23-Maine/46-South Dakota,6-Pipeline,0,0,-

23-Maine,47-Tennessee,23-Maine/47-Tennessee,6-Pipeline,0,0,-

23-Maine,48-Texas,23-Maine/48-Texas,6-Pipeline,0,0,-

23-Maine,49-Utah,23-Maine/49-Utah,6-Pipeline,0,0,-

23-Maine,50-Vermont,23-Maine/50-Vermont,6-Pipeline,0,0,-

23-Maine,51-Virginia,23-Maine/51-Virginia,6-Pipeline,0,0,-

23-Maine,53-Washington,23-Maine/53-Washington,6-Pipeline,0,0,-

23-Maine,54-West Virginia,23-Maine/54-West Virginia,6-Pipeline,0,0,-

23-Maine,55-Wisconsin,23-Maine/55-Wisconsin,6-Pipeline,0.0245407,23.3428,951.1872114

23-Maine,56-Wyoming,23-Maine/56-Wyoming,6-Pipeline,0,0,-

24-Maryland,01-Alabama,24-Maryland/01-Alabama,6-Pipeline,0,0,-

24-Maryland,02-Alaska,24-Maryland/02-Alaska,6-Pipeline,0,0,-

24-Maryland,04-Arizona,24-Maryland/04-Arizona,6-Pipeline,0,0,-

24-Maryland,05-Arkansas,24-Maryland/05-Arkansas,6-Pipeline,0,0,-

24-Maryland,06-California,24-Maryland/06-California,6-Pipeline,0,0,-

24-Maryland,08-Colorado,24-Maryland/08-Colorado,6-Pipeline,0,0,-

24-Maryland,09-Connecticut,24-Maryland/09-Connecticut,6-Pipeline,0,0,-

24-Maryland,10-Delaware,24-Maryland/10-Delaware,6-Pipeline,0.1391235,10.8141,77.73021812

24-Maryland,11-Washington DC,24-Maryland/11-Washington DC,6-Pipeline,0.9236039,27.7335,30.02748256

24-Maryland,12-Florida,24-Maryland/12-Florida,6-Pipeline,0,0,-

24-Maryland,13-Georgia,24-Maryland/13-Georgia,6-Pipeline,0,0,-

24-Maryland,15-Hawaii,24-Maryland/15-Hawaii,6-Pipeline,0,0,-

24-Maryland,16-Idaho,24-Maryland/16-Idaho,6-Pipeline,0,0,-

24-Maryland,17-Illinois,24-Maryland/17-Illinois,6-Pipeline,0,0,-

24-Maryland,18-Indiana,24-Maryland/18-Indiana,6-Pipeline,0.3737042,175.7611,470.3214467

24-Maryland,19-Iowa,24-Maryland/19-Iowa,6-Pipeline,0,0,-

24-Maryland,20-Kansas,24-Maryland/20-Kansas,6-Pipeline,0,0,-

24-Maryland,21-Kentucky,24-Maryland/21-Kentucky,6-Pipeline,0,0,-

24-Maryland,22-Louisiana,24-Maryland/22-Louisiana,6-Pipeline,0.1237481,140.0893,1132.052128

24-Maryland,23-Maine,24-Maryland/23-Maine,6-Pipeline,0,0,-

24-Maryland,24-Maryland,24-Maryland/24-Maryland,6-Pipeline,11.0491348,370.9052,33.56870983

24-Maryland,25-Massachusetts,24-Maryland/25-Massachusetts,6-Pipeline,0,0,-

24-Maryland,26-Michigan,24-Maryland/26-Michigan,6-Pipeline,0,0,-

24-Maryland,27-Minnesota,24-Maryland/27-Minnesota,6-Pipeline,0,0,-

24-Maryland,28-Mississippi,24-Maryland/28-Mississippi,6-Pipeline,0,0,-

24-Maryland,29-Missouri,24-Maryland/29-Missouri,6-Pipeline,0,0,-

24-Maryland,30-Montana,24-Maryland/30-Montana,6-Pipeline,0,0,-

24-Maryland,31-Nebraska,24-Maryland/31-Nebraska,6-Pipeline,0,0,-

24-Maryland,32-Nevada,24-Maryland/32-Nevada,6-Pipeline,0,0,-

24-Maryland,33-New Hampshire,24-Maryland/33-New Hampshire,6-Pipeline,0,0,-

24-Maryland,34-New Jersey,24-Maryland/34-New Jersey,6-Pipeline,0,0,-

24-Maryland,35-New Mexico,24-Maryland/35-New Mexico,6-Pipeline,0,0,-

24-Maryland,36-New York,24-Maryland/36-New York,6-Pipeline,0,0,-

24-Maryland,37-North Carolina,24-Maryland/37-North Carolina,6-Pipeline,0,0,-

24-Maryland,38-North Dakota,24-Maryland/38-North Dakota,6-Pipeline,0,0,-

24-Maryland,39-Ohio,24-Maryland/39-Ohio,6-Pipeline,0,0,-

24-Maryland,40-Oklahoma,24-Maryland/40-Oklahoma,6-Pipeline,0,0,-

24-Maryland,41-Oregon,24-Maryland/41-Oregon,6-Pipeline,0,0,-

24-Maryland,42-Pennsylvania,24-Maryland/42-Pennsylvania,6-Pipeline,18.487859,2925.4031,158.2337414

24-Maryland,44-Rhode Island,24-Maryland/44-Rhode Island,6-Pipeline,0,0,-

24-Maryland,45-South Carolina,24-Maryland/45-South Carolina,6-Pipeline,0,0,-

24-Maryland,46-South Dakota,24-Maryland/46-South Dakota,6-Pipeline,0,0,-

24-Maryland,47-Tennessee,24-Maryland/47-Tennessee,6-Pipeline,0,0,-

24-Maryland,48-Texas,24-Maryland/48-Texas,6-Pipeline,0,0,-

24-Maryland,49-Utah,24-Maryland/49-Utah,6-Pipeline,0,0,-

24-Maryland,50-Vermont,24-Maryland/50-Vermont,6-Pipeline,0,0,-

24-Maryland,51-Virginia,24-Maryland/51-Virginia,6-Pipeline,28.008203,3094.4417,110.4834073

24-Maryland,53-Washington,24-Maryland/53-Washington,6-Pipeline,0,0,-

24-Maryland,54-West Virginia,24-Maryland/54-West Virginia,6-Pipeline,0,0,-

24-Maryland,55-Wisconsin,24-Maryland/55-Wisconsin,6-Pipeline,0,0,-

24-Maryland,56-Wyoming,24-Maryland/56-Wyoming,6-Pipeline,0,0,-

25-Massachusetts,01-Alabama,25-Massachusetts/01-Alabama,6-Pipeline,0,0,-

25-Massachusetts,02-Alaska,25-Massachusetts/02-Alaska,6-Pipeline,0,0,-

25-Massachusetts,04-Arizona,25-Massachusetts/04-Arizona,6-Pipeline,0,0,-

25-Massachusetts,05-Arkansas,25-Massachusetts/05-Arkansas,6-Pipeline,0,0,-

25-Massachusetts,06-California,25-Massachusetts/06-California,6-Pipeline,0,0,-

25-Massachusetts,08-Colorado,25-Massachusetts/08-Colorado,6-Pipeline,0,0,-

25-Massachusetts,09-Connecticut,25-Massachusetts/09-Connecticut,6-Pipeline,0.1092514,10.1834,93.21070485

25-Massachusetts,10-Delaware,25-Massachusetts/10-Delaware,6-Pipeline,0,0,-

25-Massachusetts,11-Washington DC,25-Massachusetts/11-Washington DC,6-Pipeline,0,0,-

25-Massachusetts,12-Florida,25-Massachusetts/12-Florida,6-Pipeline,0,0,-

25-Massachusetts,13-Georgia,25-Massachusetts/13-Georgia,6-Pipeline,0,0,-

25-Massachusetts,15-Hawaii,25-Massachusetts/15-Hawaii,6-Pipeline,0,0,-

25-Massachusetts,16-Idaho,25-Massachusetts/16-Idaho,6-Pipeline,0,0,-

25-Massachusetts,17-Illinois,25-Massachusetts/17-Illinois,6-Pipeline,0,0,-

25-Massachusetts,18-Indiana,25-Massachusetts/18-Indiana,6-Pipeline,0,0,-

25-Massachusetts,19-Iowa,25-Massachusetts/19-Iowa,6-Pipeline,0,0,-

25-Massachusetts,20-Kansas,25-Massachusetts/20-Kansas,6-Pipeline,0,0,-

25-Massachusetts,21-Kentucky,25-Massachusetts/21-Kentucky,6-Pipeline,0,0,-

25-Massachusetts,22-Louisiana,25-Massachusetts/22-Louisiana,6-Pipeline,0,0,-

25-Massachusetts,23-Maine,25-Massachusetts/23-Maine,6-Pipeline,0,0,-

25-Massachusetts,24-Maryland,25-Massachusetts/24-Maryland,6-Pipeline,0,0,-

25-Massachusetts,25-Massachusetts,25-Massachusetts/25-Massachusetts,6-Pipeline,23.939747,772.9044,32.28540385

25-Massachusetts,26-Michigan,25-Massachusetts/26-Michigan,6-Pipeline,0,0,-

25-Massachusetts,27-Minnesota,25-Massachusetts/27-Minnesota,6-Pipeline,0,0,-

25-Massachusetts,28-Mississippi,25-Massachusetts/28-Mississippi,6-Pipeline,0,0,-

25-Massachusetts,29-Missouri,25-Massachusetts/29-Missouri,6-Pipeline,0,0,-

25-Massachusetts,30-Montana,25-Massachusetts/30-Montana,6-Pipeline,0,0,-

25-Massachusetts,31-Nebraska,25-Massachusetts/31-Nebraska,6-Pipeline,0,0,-

25-Massachusetts,32-Nevada,25-Massachusetts/32-Nevada,6-Pipeline,0,0,-

25-Massachusetts,33-New Hampshire,25-Massachusetts/33-New Hampshire,6-Pipeline,2.3182529,159.7045,68.8900249

25-Massachusetts,34-New Jersey,25-Massachusetts/34-New Jersey,6-Pipeline,0.015887,3.025,190.4072512

25-Massachusetts,35-New Mexico,25-Massachusetts/35-New Mexico,6-Pipeline,0,0,-

25-Massachusetts,36-New York,25-Massachusetts/36-New York,6-Pipeline,8.4615629,2275.963,268.9766686

25-Massachusetts,37-North Carolina,25-Massachusetts/37-North Carolina,6-Pipeline,0,0,-

25-Massachusetts,38-North Dakota,25-Massachusetts/38-North Dakota,6-Pipeline,0,0,-

25-Massachusetts,39-Ohio,25-Massachusetts/39-Ohio,6-Pipeline,0,0,-

25-Massachusetts,40-Oklahoma,25-Massachusetts/40-Oklahoma,6-Pipeline,0,0,-

25-Massachusetts,41-Oregon,25-Massachusetts/41-Oregon,6-Pipeline,0,0,-

25-Massachusetts,42-Pennsylvania,25-Massachusetts/42-Pennsylvania,6-Pipeline,0,0,-

25-Massachusetts,44-Rhode Island,25-Massachusetts/44-Rhode Island,6-Pipeline,4.8867871,193.1374,39.52236839

25-Massachusetts,45-South Carolina,25-Massachusetts/45-South Carolina,6-Pipeline,0,0,-

25-Massachusetts,46-South Dakota,25-Massachusetts/46-South Dakota,6-Pipeline,0,0,-

25-Massachusetts,47-Tennessee,25-Massachusetts/47-Tennessee,6-Pipeline,0,0,-

25-Massachusetts,48-Texas,25-Massachusetts/48-Texas,6-Pipeline,0,0,-

25-Massachusetts,49-Utah,25-Massachusetts/49-Utah,6-Pipeline,0,0,-

25-Massachusetts,50-Vermont,25-Massachusetts/50-Vermont,6-Pipeline,0,0,-

25-Massachusetts,51-Virginia,25-Massachusetts/51-Virginia,6-Pipeline,0,0,-

25-Massachusetts,53-Washington,25-Massachusetts/53-Washington,6-Pipeline,0,0,-

25-Massachusetts,54-West Virginia,25-Massachusetts/54-West Virginia,6-Pipeline,0,0,-

25-Massachusetts,55-Wisconsin,25-Massachusetts/55-Wisconsin,6-Pipeline,0,0,-

25-Massachusetts,56-Wyoming,25-Massachusetts/56-Wyoming,6-Pipeline,0,0,-

26-Michigan,01-Alabama,26-Michigan/01-Alabama,6-Pipeline,0.0348969,25.0916,719.0208872

26-Michigan,02-Alaska,26-Michigan/02-Alaska,6-Pipeline,0,0,-

26-Michigan,04-Arizona,26-Michigan/04-Arizona,6-Pipeline,0,0,-

26-Michigan,05-Arkansas,26-Michigan/05-Arkansas,6-Pipeline,0.0067086,4.462,665.1164177

26-Michigan,06-California,26-Michigan/06-California,6-Pipeline,0,0,-

26-Michigan,08-Colorado,26-Michigan/08-Colorado,6-Pipeline,1.0032946,1130.8136,1127.100255

26-Michigan,09-Connecticut,26-Michigan/09-Connecticut,6-Pipeline,0,0,-

26-Michigan,10-Delaware,26-Michigan/10-Delaware,6-Pipeline,0,0,-

26-Michigan,11-Washington DC,26-Michigan/11-Washington DC,6-Pipeline,0,0,-

26-Michigan,12-Florida,26-Michigan/12-Florida,6-Pipeline,0,0,-

26-Michigan,13-Georgia,26-Michigan/13-Georgia,6-Pipeline,0,0,-

26-Michigan,15-Hawaii,26-Michigan/15-Hawaii,6-Pipeline,0,0,-

26-Michigan,16-Idaho,26-Michigan/16-Idaho,6-Pipeline,0,0,-

26-Michigan,17-Illinois,26-Michigan/17-Illinois,6-Pipeline,0.0382726,15.3562,401.2322131

26-Michigan,18-Indiana,26-Michigan/18-Indiana,6-Pipeline,19.4942638,4050.358,207.7717857

26-Michigan,19-Iowa,26-Michigan/19-Iowa,6-Pipeline,0,0,-

26-Michigan,20-Kansas,26-Michigan/20-Kansas,6-Pipeline,0.0548294,44.4707,811.0739859

26-Michigan,21-Kentucky,26-Michigan/21-Kentucky,6-Pipeline,0.0192452,7.4554,387.3901025

26-Michigan,22-Louisiana,26-Michigan/22-Louisiana,6-Pipeline,1.0396834,965.4353,928.585856

26-Michigan,23-Maine,26-Michigan/23-Maine,6-Pipeline,0.0047167,3.4609,733.7545318

26-Michigan,24-Maryland,26-Michigan/24-Maryland,6-Pipeline,0,0,-

26-Michigan,25-Massachusetts,26-Michigan/25-Massachusetts,6-Pipeline,0,0,-

26-Michigan,26-Michigan,26-Michigan/26-Michigan,6-Pipeline,35.0229004,2874.2428,82.06752631

26-Michigan,27-Minnesota,26-Michigan/27-Minnesota,6-Pipeline,0.0179775,5.0509,280.9567515

26-Michigan,28-Mississippi,26-Michigan/28-Mississippi,6-Pipeline,0.0741777,50.3437,678.6904959

26-Michigan,29-Missouri,26-Michigan/29-Missouri,6-Pipeline,0.0001459,0.0866,593.557231

26-Michigan,30-Montana,26-Michigan/30-Montana,6-Pipeline,0.1822351,196.0757,1075.949145

26-Michigan,31-Nebraska,26-Michigan/31-Nebraska,6-Pipeline,0.003396,2.753,810.6595995

26-Michigan,32-Nevada,26-Michigan/32-Nevada,6-Pipeline,0,0,-

26-Michigan,33-New Hampshire,26-Michigan/33-New Hampshire,6-Pipeline,0,0,-

26-Michigan,34-New Jersey,26-Michigan/34-New Jersey,6-Pipeline,0,0,-

26-Michigan,35-New Mexico,26-Michigan/35-New Mexico,6-Pipeline,0.5152707,663.4444,1287.564769

26-Michigan,36-New York,26-Michigan/36-New York,6-Pipeline,0.0070093,1.7155,244.7462657

26-Michigan,37-North Carolina,26-Michigan/37-North Carolina,6-Pipeline,0,0,-

26-Michigan,38-North Dakota,26-Michigan/38-North Dakota,6-Pipeline,0.6939616,654.2148,942.7247848

26-Michigan,39-Ohio,26-Michigan/39-Ohio,6-Pipeline,22.5764452,2788.1986,123.5003374

26-Michigan,40-Oklahoma,26-Michigan/40-Oklahoma,6-Pipeline,0.2890133,253.7567,878.0104583

26-Michigan,41-Oregon,26-Michigan/41-Oregon,6-Pipeline,0,0,-

26-Michigan,42-Pennsylvania,26-Michigan/42-Pennsylvania,6-Pipeline,0.0034456,1.2271,356.135361

26-Michigan,44-Rhode Island,26-Michigan/44-Rhode Island,6-Pipeline,0,0,-

26-Michigan,45-South Carolina,26-Michigan/45-South Carolina,6-Pipeline,0,0,-

26-Michigan,46-South Dakota,26-Michigan/46-South Dakota,6-Pipeline,0,0,-

26-Michigan,47-Tennessee,26-Michigan/47-Tennessee,6-Pipeline,0.0002363,0.1095,463.3939907

26-Michigan,48-Texas,26-Michigan/48-Texas,6-Pipeline,2.5619909,2833.4257,1105.946824

26-Michigan,49-Utah,26-Michigan/49-Utah,6-Pipeline,0.3296062,451.9771,1371.263951

26-Michigan,50-Vermont,26-Michigan/50-Vermont,6-Pipeline,0,0,-

26-Michigan,51-Virginia,26-Michigan/51-Virginia,6-Pipeline,0,0,-

26-Michigan,53-Washington,26-Michigan/53-Washington,6-Pipeline,0,0,-

26-Michigan,54-West Virginia,26-Michigan/54-West Virginia,6-Pipeline,0,0,-

26-Michigan,55-Wisconsin,26-Michigan/55-Wisconsin,6-Pipeline,12.6402651,3186.3206,252.0770391

26-Michigan,56-Wyoming,26-Michigan/56-Wyoming,6-Pipeline,0.5972354,673.1454,1127.102312

27-Minnesota,01-Alabama,27-Minnesota/01-Alabama,6-Pipeline,0.0740192,64.6419,873.3126

27-Minnesota,02-Alaska,27-Minnesota/02-Alaska,6-Pipeline,0,0,-

27-Minnesota,04-Arizona,27-Minnesota/04-Arizona,6-Pipeline,0,0,-

27-Minnesota,05-Arkansas,27-Minnesota/05-Arkansas,6-Pipeline,0.0197454,12.9051,653.5750099

27-Minnesota,06-California,27-Minnesota/06-California,6-Pipeline,0,0,-

27-Minnesota,08-Colorado,27-Minnesota/08-Colorado,6-Pipeline,2.9154215,1992.818,683.5437003

27-Minnesota,09-Connecticut,27-Minnesota/09-Connecticut,6-Pipeline,0,0,-

27-Minnesota,10-Delaware,27-Minnesota/10-Delaware,6-Pipeline,0,0,-

27-Minnesota,11-Washington DC,27-Minnesota/11-Washington DC,6-Pipeline,0,0,-

27-Minnesota,12-Florida,27-Minnesota/12-Florida,6-Pipeline,0,0,-

27-Minnesota,13-Georgia,27-Minnesota/13-Georgia,6-Pipeline,0,0,-

27-Minnesota,15-Hawaii,27-Minnesota/15-Hawaii,6-Pipeline,0,0,-

27-Minnesota,16-Idaho,27-Minnesota/16-Idaho,6-Pipeline,0,0,-

27-Minnesota,17-Illinois,27-Minnesota/17-Illinois,6-Pipeline,0.0301067,10.7526,357.1497374

27-Minnesota,18-Indiana,27-Minnesota/18-Indiana,6-Pipeline,0.0065874,3.2325,490.7095364

27-Minnesota,19-Iowa,27-Minnesota/19-Iowa,6-Pipeline,36.4631448,6967.7788,191.0909999

27-Minnesota,20-Kansas,27-Minnesota/20-Kansas,6-Pipeline,0.1574728,80.3504,510.2493891

27-Minnesota,21-Kentucky,27-Minnesota/21-Kentucky,6-Pipeline,0.0090657,5.6319,621.2316754

27-Minnesota,22-Louisiana,27-Minnesota/22-Louisiana,6-Pipeline,2.2598662,2141.4537,947.6019863

27-Minnesota,23-Maine,27-Minnesota/23-Maine,6-Pipeline,0,0,-

27-Minnesota,24-Maryland,27-Minnesota/24-Maryland,6-Pipeline,0,0,-

27-Minnesota,25-Massachusetts,27-Minnesota/25-Massachusetts,6-Pipeline,0,0,-

27-Minnesota,26-Michigan,27-Minnesota/26-Michigan,6-Pipeline,0.0179775,5.0509,280.9567515

27-Minnesota,27-Minnesota,27-Minnesota/27-Minnesota,6-Pipeline,49.8602518,5240.9748,105.1132838

27-Minnesota,28-Mississippi,27-Minnesota/28-Mississippi,6-Pipeline,0.2104841,167.7152,796.8069797

27-Minnesota,29-Missouri,27-Minnesota/29-Missouri,6-Pipeline,0.0004036,0.158,391.4767096

27-Minnesota,30-Montana,27-Minnesota/30-Montana,6-Pipeline,0.422875,244.8952,579.119598

27-Minnesota,31-Nebraska,27-Minnesota/31-Nebraska,6-Pipeline,0.0271166,8.2107,302.7923855

27-Minnesota,32-Nevada,27-Minnesota/32-Nevada,6-Pipeline,0,0,-

27-Minnesota,33-New Hampshire,27-Minnesota/33-New Hampshire,6-Pipeline,0,0,-

27-Minnesota,34-New Jersey,27-Minnesota/34-New Jersey,6-Pipeline,0,0,-

27-Minnesota,35-New Mexico,27-Minnesota/35-New Mexico,6-Pipeline,1.4923733,1396.8601,935.999123

27-Minnesota,36-New York,27-Minnesota/36-New York,6-Pipeline,0.0187591,13.8078,736.0587661

27-Minnesota,37-North Carolina,27-Minnesota/37-North Carolina,6-Pipeline,0,0,-

27-Minnesota,38-North Dakota,27-Minnesota/38-North Dakota,6-Pipeline,15.3849141,4239.2474,275.5457309

27-Minnesota,39-Ohio,27-Minnesota/39-Ohio,6-Pipeline,0,0,-

27-Minnesota,40-Oklahoma,27-Minnesota/40-Oklahoma,6-Pipeline,0.7538689,508.6299,674.6927748

27-Minnesota,41-Oregon,27-Minnesota/41-Oregon,6-Pipeline,0,0,-

27-Minnesota,42-Pennsylvania,27-Minnesota/42-Pennsylvania,6-Pipeline,0,0,-

27-Minnesota,44-Rhode Island,27-Minnesota/44-Rhode Island,6-Pipeline,0,0,-

27-Minnesota,45-South Carolina,27-Minnesota/45-South Carolina,6-Pipeline,0,0,-

27-Minnesota,46-South Dakota,27-Minnesota/46-South Dakota,6-Pipeline,17.6337077,3982.3162,225.8354436

27-Minnesota,47-Tennessee,27-Minnesota/47-Tennessee,6-Pipeline,0,0,-

27-Minnesota,48-Texas,27-Minnesota/48-Texas,6-Pipeline,6.2379247,5248.0528,841.3139069

27-Minnesota,49-Utah,27-Minnesota/49-Utah,6-Pipeline,0.8536235,775.7268,908.7458347

27-Minnesota,50-Vermont,27-Minnesota/50-Vermont,6-Pipeline,0,0,-

27-Minnesota,51-Virginia,27-Minnesota/51-Virginia,6-Pipeline,0,0,-

27-Minnesota,53-Washington,27-Minnesota/53-Washington,6-Pipeline,0,0,-

27-Minnesota,54-West Virginia,27-Minnesota/54-West Virginia,6-Pipeline,0,0,-

27-Minnesota,55-Wisconsin,27-Minnesota/55-Wisconsin,6-Pipeline,9.5194012,2286.0783,240.1493804

27-Minnesota,56-Wyoming,27-Minnesota/56-Wyoming,6-Pipeline,1.6583053,1052.8838,634.915537

28-Mississippi,01-Alabama,28-Mississippi/01-Alabama,6-Pipeline,110.5718165,18253.3675,165.0815558

28-Mississippi,02-Alaska,28-Mississippi/02-Alaska,6-Pipeline,0,0,-

28-Mississippi,04-Arizona,28-Mississippi/04-Arizona,6-Pipeline,0,0,-

28-Mississippi,05-Arkansas,28-Mississippi/05-Arkansas,6-Pipeline,25.187384,4627.9343,183.7401733

28-Mississippi,06-California,28-Mississippi/06-California,6-Pipeline,0,0,-

28-Mississippi,08-Colorado,28-Mississippi/08-Colorado,6-Pipeline,0.0017134,1.6562,966.616085

28-Mississippi,09-Connecticut,28-Mississippi/09-Connecticut,6-Pipeline,0,0,-

28-Mississippi,10-Delaware,28-Mississippi/10-Delaware,6-Pipeline,0,0,-

28-Mississippi,11-Washington DC,28-Mississippi/11-Washington DC,6-Pipeline,0,0,-

28-Mississippi,12-Florida,28-Mississippi/12-Florida,6-Pipeline,0,0,-

28-Mississippi,13-Georgia,28-Mississippi/13-Georgia,6-Pipeline,0.5768677,184.3986,319.6549226

28-Mississippi,15-Hawaii,28-Mississippi/15-Hawaii,6-Pipeline,0,0,-

28-Mississippi,16-Idaho,28-Mississippi/16-Idaho,6-Pipeline,0,0,-

28-Mississippi,17-Illinois,28-Mississippi/17-Illinois,6-Pipeline,0.3118375,108.2489,347.1324007

28-Mississippi,18-Indiana,28-Mississippi/18-Indiana,6-Pipeline,0.2403175,125.8098,523.5149334

28-Mississippi,19-Iowa,28-Mississippi/19-Iowa,6-Pipeline,0,0,-

28-Mississippi,20-Kansas,28-Mississippi/20-Kansas,6-Pipeline,0.2165712,104.1643,480.9702306

28-Mississippi,21-Kentucky,28-Mississippi/21-Kentucky,6-Pipeline,0.1522254,56.6906,372.4122256

28-Mississippi,22-Louisiana,28-Mississippi/22-Louisiana,6-Pipeline,91.0524057,18976.5636,208.4136433

28-Mississippi,23-Maine,28-Mississippi/23-Maine,6-Pipeline,0,0,-

28-Mississippi,24-Maryland,28-Mississippi/24-Maryland,6-Pipeline,0,0,-

28-Mississippi,25-Massachusetts,28-Mississippi/25-Massachusetts,6-Pipeline,0,0,-

28-Mississippi,26-Michigan,28-Mississippi/26-Michigan,6-Pipeline,0.0741777,50.3437,678.6904959

28-Mississippi,27-Minnesota,28-Mississippi/27-Minnesota,6-Pipeline,0.2104841,167.7152,796.8069797

28-Mississippi,28-Mississippi,28-Mississippi/28-Mississippi,6-Pipeline,43.4066578,4290.2884,98.83940892

28-Mississippi,29-Missouri,28-Mississippi/29-Missouri,6-Pipeline,0.0000422,0.0201,476.3033175

28-Mississippi,30-Montana,28-Mississippi/30-Montana,6-Pipeline,0.0002311,0.2914,1260.926006

28-Mississippi,31-Nebraska,28-Mississippi/31-Nebraska,6-Pipeline,0.0012009,0.9372,780.414689

28-Mississippi,32-Nevada,28-Mississippi/32-Nevada,6-Pipeline,0,0,-

28-Mississippi,33-New Hampshire,28-Mississippi/33-New Hampshire,6-Pipeline,0,0,-

28-Mississippi,34-New Jersey,28-Mississippi/34-New Jersey,6-Pipeline,0,0,-

28-Mississippi,35-New Mexico,28-Mississippi/35-New Mexico,6-Pipeline,0.1399859,119.2369,851.7779291

28-Mississippi,36-New York,28-Mississippi/36-New York,6-Pipeline,0.0009204,0.7956,864.4067797

28-Mississippi,37-North Carolina,28-Mississippi/37-North Carolina,6-Pipeline,0.0919082,48.8516,531.5260227

28-Mississippi,38-North Dakota,28-Mississippi/38-North Dakota,6-Pipeline,0.2655175,313.6515,1181.28372

28-Mississippi,39-Ohio,28-Mississippi/39-Ohio,6-Pipeline,0.2329593,135.2693,580.6563636

28-Mississippi,40-Oklahoma,28-Mississippi/40-Oklahoma,6-Pipeline,0.3757989,154.5356,411.2188726

28-Mississippi,41-Oregon,28-Mississippi/41-Oregon,6-Pipeline,0,0,-

28-Mississippi,42-Pennsylvania,28-Mississippi/42-Pennsylvania,6-Pipeline,0.0090412,7.1199,787.4950228

28-Mississippi,44-Rhode Island,28-Mississippi/44-Rhode Island,6-Pipeline,0,0,-

28-Mississippi,45-South Carolina,28-Mississippi/45-South Carolina,6-Pipeline,0.0042274,1.8371,434.5697119

28-Mississippi,46-South Dakota,28-Mississippi/46-South Dakota,6-Pipeline,0,0,-

28-Mississippi,47-Tennessee,28-Mississippi/47-Tennessee,6-Pipeline,21.5685169,4595.5684,213.0683543

28-Mississippi,48-Texas,28-Mississippi/48-Texas,6-Pipeline,3.5593677,1423.8239,400.0215825

28-Mississippi,49-Utah,28-Mississippi/49-Utah,6-Pipeline,0.0004642,0.5612,1208.961654

28-Mississippi,50-Vermont,28-Mississippi/50-Vermont,6-Pipeline,0,0,-

28-Mississippi,51-Virginia,28-Mississippi/51-Virginia,6-Pipeline,0,0,-

28-Mississippi,53-Washington,28-Mississippi/53-Washington,6-Pipeline,0,0,-

28-Mississippi,54-West Virginia,28-Mississippi/54-West Virginia,6-Pipeline,0,0,-

28-Mississippi,55-Wisconsin,28-Mississippi/55-Wisconsin,6-Pipeline,0.0205871,14.1153,685.6380938

28-Mississippi,56-Wyoming,28-Mississippi/56-Wyoming,6-Pipeline,0.0009799,1.0902,1112.562506

29-Missouri,01-Alabama,29-Missouri/01-Alabama,6-Pipeline,0.0001068,0.0707,661.9850187

29-Missouri,02-Alaska,29-Missouri/02-Alaska,6-Pipeline,0,0,-

29-Missouri,04-Arizona,29-Missouri/04-Arizona,6-Pipeline,0,0,-

29-Missouri,05-Arkansas,29-Missouri/05-Arkansas,6-Pipeline,3.8940374,1068.4297,274.3758188

29-Missouri,06-California,29-Missouri/06-California,6-Pipeline,0,0,-

29-Missouri,08-Colorado,29-Missouri/08-Colorado,6-Pipeline,0.0002005,0.1164,580.5486284

29-Missouri,09-Connecticut,29-Missouri/09-Connecticut,6-Pipeline,0,0,-

29-Missouri,10-Delaware,29-Missouri/10-Delaware,6-Pipeline,0,0,-

29-Missouri,11-Washington DC,29-Missouri/11-Washington DC,6-Pipeline,0,0,-

29-Missouri,12-Florida,29-Missouri/12-Florida,6-Pipeline,0,0,-

29-Missouri,13-Georgia,29-Missouri/13-Georgia,6-Pipeline,0,0,-

29-Missouri,15-Hawaii,29-Missouri/15-Hawaii,6-Pipeline,0,0,-

29-Missouri,16-Idaho,29-Missouri/16-Idaho,6-Pipeline,0,0,-

29-Missouri,17-Illinois,29-Missouri/17-Illinois,6-Pipeline,13.3261276,4090.4717,306.9512632

29-Missouri,18-Indiana,29-Missouri/18-Indiana,6-Pipeline,0.0005044,0.1925,381.6415543

29-Missouri,19-Iowa,29-Missouri/19-Iowa,6-Pipeline,2.9576005,640.055,216.4102285

29-Missouri,20-Kansas,29-Missouri/20-Kansas,6-Pipeline,13.6972919,3527.0497,257.4997836

29-Missouri,21-Kentucky,29-Missouri/21-Kentucky,6-Pipeline,0.0003252,0.1552,477.2447724

29-Missouri,22-Louisiana,29-Missouri/22-Louisiana,6-Pipeline,0.0035339,2.2208,628.4275163

29-Missouri,23-Maine,29-Missouri/23-Maine,6-Pipeline,0,0,-

29-Missouri,24-Maryland,29-Missouri/24-Maryland,6-Pipeline,0,0,-

29-Missouri,25-Massachusetts,29-Missouri/25-Massachusetts,6-Pipeline,0,0,-

29-Missouri,26-Michigan,29-Missouri/26-Michigan,6-Pipeline,0.0001459,0.0866,593.557231

29-Missouri,27-Minnesota,29-Missouri/27-Minnesota,6-Pipeline,0.0004036,0.158,391.4767096

29-Missouri,28-Mississippi,29-Missouri/28-Mississippi,6-Pipeline,0.0000422,0.0201,476.3033175

29-Missouri,29-Missouri,29-Missouri/29-Missouri,6-Pipeline,12.3746158,1823.7704,147.3799615

29-Missouri,30-Montana,29-Missouri/30-Montana,6-Pipeline,0.0007137,0.61,854.7008547

29-Missouri,31-Nebraska,29-Missouri/31-Nebraska,6-Pipeline,3.112439,1033.5157,332.0597448

29-Missouri,32-Nevada,29-Missouri/32-Nevada,6-Pipeline,0,0,-

29-Missouri,33-New Hampshire,29-Missouri/33-New Hampshire,6-Pipeline,0,0,-

29-Missouri,34-New Jersey,29-Missouri/34-New Jersey,6-Pipeline,0,0,-

29-Missouri,35-New Mexico,29-Missouri/35-New Mexico,6-Pipeline,0.0001302,0.0899,690.4761905

29-Missouri,36-New York,29-Missouri/36-New York,6-Pipeline,0,0,-

29-Missouri,37-North Carolina,29-Missouri/37-North Carolina,6-Pipeline,0,0,-

29-Missouri,38-North Dakota,29-Missouri/38-North Dakota,6-Pipeline,0,0,-

29-Missouri,39-Ohio,29-Missouri/39-Ohio,6-Pipeline,0.0004844,0.2841,586.4987614

29-Missouri,40-Oklahoma,29-Missouri/40-Oklahoma,6-Pipeline,0.126989,43.2094,340.2609675

29-Missouri,41-Oregon,29-Missouri/41-Oregon,6-Pipeline,0,0,-

29-Missouri,42-Pennsylvania,29-Missouri/42-Pennsylvania,6-Pipeline,0.0000541,0.0444,820.702403

29-Missouri,44-Rhode Island,29-Missouri/44-Rhode Island,6-Pipeline,0,0,-

29-Missouri,45-South Carolina,29-Missouri/45-South Carolina,6-Pipeline,0,0,-

29-Missouri,46-South Dakota,29-Missouri/46-South Dakota,6-Pipeline,0,0,-

29-Missouri,47-Tennessee,29-Missouri/47-Tennessee,6-Pipeline,0,0,-

29-Missouri,48-Texas,29-Missouri/48-Texas,6-Pipeline,0.0066819,4.3026,643.9186459

29-Missouri,49-Utah,29-Missouri/49-Utah,6-Pipeline,0.0006217,0.5879,945.6329419

29-Missouri,50-Vermont,29-Missouri/50-Vermont,6-Pipeline,0,0,-

29-Missouri,51-Virginia,29-Missouri/51-Virginia,6-Pipeline,0,0,-

29-Missouri,53-Washington,29-Missouri/53-Washington,6-Pipeline,0,0,-

29-Missouri,54-West Virginia,29-Missouri/54-West Virginia,6-Pipeline,0,0,-

29-Missouri,55-Wisconsin,29-Missouri/55-Wisconsin,6-Pipeline,0.0000304,0.012,394.7368421

29-Missouri,56-Wyoming,29-Missouri/56-Wyoming,6-Pipeline,0.0005312,0.3364,633.2831325

30-Montana,01-Alabama,30-Montana/01-Alabama,6-Pipeline,0.0009241,1.3176,1425.819716

30-Montana,02-Alaska,30-Montana/02-Alaska,6-Pipeline,0,0,-

30-Montana,04-Arizona,30-Montana/04-Arizona,6-Pipeline,0,0,-

30-Montana,05-Arkansas,30-Montana/05-Arkansas,6-Pipeline,0,0,-

30-Montana,06-California,30-Montana/06-California,6-Pipeline,0,0,-

30-Montana,08-Colorado,30-Montana/08-Colorado,6-Pipeline,0.1740971,77.7228,446.4336281

30-Montana,09-Connecticut,30-Montana/09-Connecticut,6-Pipeline,0,0,-

30-Montana,10-Delaware,30-Montana/10-Delaware,6-Pipeline,0,0,-

30-Montana,11-Washington DC,30-Montana/11-Washington DC,6-Pipeline,0,0,-

30-Montana,12-Florida,30-Montana/12-Florida,6-Pipeline,0,0,-

30-Montana,13-Georgia,30-Montana/13-Georgia,6-Pipeline,0,0,-

30-Montana,15-Hawaii,30-Montana/15-Hawaii,6-Pipeline,0,0,-

30-Montana,16-Idaho,30-Montana/16-Idaho,6-Pipeline,0,0,-

30-Montana,17-Illinois,30-Montana/17-Illinois,6-Pipeline,0.6777127,658.3289,971.3982046

30-Montana,18-Indiana,30-Montana/18-Indiana,6-Pipeline,0.4940262,478.6847,968.945979

30-Montana,19-Iowa,30-Montana/19-Iowa,6-Pipeline,0,0,-

30-Montana,20-Kansas,30-Montana/20-Kansas,6-Pipeline,0.6474413,459.0695,709.0519249

30-Montana,21-Kentucky,30-Montana/21-Kentucky,6-Pipeline,0.3206087,393.3991,1227.038131

30-Montana,22-Louisiana,30-Montana/22-Louisiana,6-Pipeline,0.024519,33.9574,1384.94229

30-Montana,23-Maine,30-Montana/23-Maine,6-Pipeline,0,0,-

30-Montana,24-Maryland,30-Montana/24-Maryland,6-Pipeline,0,0,-

30-Montana,25-Massachusetts,30-Montana/25-Massachusetts,6-Pipeline,0,0,-

30-Montana,26-Michigan,30-Montana/26-Michigan,6-Pipeline,0.1822351,196.0757,1075.949145

30-Montana,27-Minnesota,30-Montana/27-Minnesota,6-Pipeline,0.422875,244.8952,579.119598

30-Montana,28-Mississippi,30-Montana/28-Mississippi,6-Pipeline,0.0002311,0.2914,1260.926006

30-Montana,29-Missouri,30-Montana/29-Missouri,6-Pipeline,0.0007137,0.61,854.7008547

30-Montana,30-Montana,30-Montana/30-Montana,6-Pipeline,50.9199424,6853.2336,134.5884005

30-Montana,31-Nebraska,30-Montana/31-Nebraska,6-Pipeline,0.0156205,6.5418,418.7958132

30-Montana,32-Nevada,30-Montana/32-Nevada,6-Pipeline,0,0,-

30-Montana,33-New Hampshire,30-Montana/33-New Hampshire,6-Pipeline,0,0,-

30-Montana,34-New Jersey,30-Montana/34-New Jersey,6-Pipeline,0,0,-

30-Montana,35-New Mexico,30-Montana/35-New Mexico,6-Pipeline,0.0007611,0.6298,827.4865327

30-Montana,36-New York,30-Montana/36-New York,6-Pipeline,0,0,-

30-Montana,37-North Carolina,30-Montana/37-North Carolina,6-Pipeline,0,0,-

30-Montana,38-North Dakota,30-Montana/38-North Dakota,6-Pipeline,10.1743873,3064.2388,301.1718258

30-Montana,39-Ohio,30-Montana/39-Ohio,6-Pipeline,0.5059195,596.7931,1179.620671

30-Montana,40-Oklahoma,30-Montana/40-Oklahoma,6-Pipeline,1.8112459,1539.9641,850.2236499

30-Montana,41-Oregon,30-Montana/41-Oregon,6-Pipeline,0,0,-

30-Montana,42-Pennsylvania,30-Montana/42-Pennsylvania,6-Pipeline,0,0,-

30-Montana,44-Rhode Island,30-Montana/44-Rhode Island,6-Pipeline,0,0,-

30-Montana,45-South Carolina,30-Montana/45-South Carolina,6-Pipeline,0,0,-

30-Montana,46-South Dakota,30-Montana/46-South Dakota,6-Pipeline,0,0,-

30-Montana,47-Tennessee,30-Montana/47-Tennessee,6-Pipeline,0,0,-

30-Montana,48-Texas,30-Montana/48-Texas,6-Pipeline,0.0318206,40.7862,1281.754587

30-Montana,49-Utah,30-Montana/49-Utah,6-Pipeline,0.0744268,29.839,400.9174115

30-Montana,50-Vermont,30-Montana/50-Vermont,6-Pipeline,0,0,-

30-Montana,51-Virginia,30-Montana/51-Virginia,6-Pipeline,0,0,-

30-Montana,53-Washington,30-Montana/53-Washington,6-Pipeline,0,0,-

30-Montana,54-West Virginia,30-Montana/54-West Virginia,6-Pipeline,0,0,-

30-Montana,55-Wisconsin,30-Montana/55-Wisconsin,6-Pipeline,0.0413607,27.8998,674.5485449

30-Montana,56-Wyoming,30-Montana/56-Wyoming,6-Pipeline,1.0398764,225.644,216.9911732

31-Nebraska,01-Alabama,31-Nebraska/01-Alabama,6-Pipeline,0.0040562,3.8239,942.7296484

31-Nebraska,02-Alaska,31-Nebraska/02-Alaska,6-Pipeline,0,0,-

31-Nebraska,04-Arizona,31-Nebraska/04-Arizona,6-Pipeline,0,0,-

31-Nebraska,05-Arkansas,31-Nebraska/05-Arkansas,6-Pipeline,0,0,-

31-Nebraska,06-California,31-Nebraska/06-California,6-Pipeline,0,0,-

31-Nebraska,08-Colorado,31-Nebraska/08-Colorado,6-Pipeline,22.0914807,7214.7461,326.5849944

31-Nebraska,09-Connecticut,31-Nebraska/09-Connecticut,6-Pipeline,0,0,-

31-Nebraska,10-Delaware,31-Nebraska/10-Delaware,6-Pipeline,0,0,-

31-Nebraska,11-Washington DC,31-Nebraska/11-Washington DC,6-Pipeline,0,0,-

31-Nebraska,12-Florida,31-Nebraska/12-Florida,6-Pipeline,0,0,-

31-Nebraska,13-Georgia,31-Nebraska/13-Georgia,6-Pipeline,0,0,-

31-Nebraska,15-Hawaii,31-Nebraska/15-Hawaii,6-Pipeline,0,0,-

31-Nebraska,16-Idaho,31-Nebraska/16-Idaho,6-Pipeline,0,0,-

31-Nebraska,17-Illinois,31-Nebraska/17-Illinois,6-Pipeline,0.0142056,7.6664,539.6744946

31-Nebraska,18-Indiana,31-Nebraska/18-Indiana,6-Pipeline,0.0118355,7.2443,612.0822948

31-Nebraska,19-Iowa,31-Nebraska/19-Iowa,6-Pipeline,9.8527735,2253.4242,228.7096319

31-Nebraska,20-Kansas,31-Nebraska/20-Kansas,6-Pipeline,17.6412866,3519.9276,199.5278281

31-Nebraska,21-Kentucky,31-Nebraska/21-Kentucky,6-Pipeline,0.0075682,5.994,791.9980973

31-Nebraska,22-Louisiana,31-Nebraska/22-Louisiana,6-Pipeline,0.1135099,101.6075,895.1421858

31-Nebraska,23-Maine,31-Nebraska/23-Maine,6-Pipeline,0,0,-

31-Nebraska,24-Maryland,31-Nebraska/24-Maryland,6-Pipeline,0,0,-

31-Nebraska,25-Massachusetts,31-Nebraska/25-Massachusetts,6-Pipeline,0,0,-

31-Nebraska,26-Michigan,31-Nebraska/26-Michigan,6-Pipeline,0.003396,2.753,810.6595995

31-Nebraska,27-Minnesota,31-Nebraska/27-Minnesota,6-Pipeline,0.0271166,8.2107,302.7923855

31-Nebraska,28-Mississippi,31-Nebraska/28-Mississippi,6-Pipeline,0.0012009,0.9372,780.414689

31-Nebraska,29-Missouri,31-Nebraska/29-Missouri,6-Pipeline,3.112439,1033.5157,332.0597448

31-Nebraska,30-Montana,31-Nebraska/30-Montana,6-Pipeline,0.0156205,6.5418,418.7958132

31-Nebraska,31-Nebraska,31-Nebraska/31-Nebraska,6-Pipeline,2.7199642,281.579,103.5230537

31-Nebraska,32-Nevada,31-Nebraska/32-Nevada,6-Pipeline,0,0,-

31-Nebraska,33-New Hampshire,31-Nebraska/33-New Hampshire,6-Pipeline,0,0,-

31-Nebraska,34-New Jersey,31-Nebraska/34-New Jersey,6-Pipeline,0,0,-

31-Nebraska,35-New Mexico,31-Nebraska/35-New Mexico,6-Pipeline,0.0037087,1.7803,480.0334349

31-Nebraska,36-New York,31-Nebraska/36-New York,6-Pipeline,0,0,-

31-Nebraska,37-North Carolina,31-Nebraska/37-North Carolina,6-Pipeline,0,0,-

31-Nebraska,38-North Dakota,31-Nebraska/38-North Dakota,6-Pipeline,0,0,-

31-Nebraska,39-Ohio,31-Nebraska/39-Ohio,6-Pipeline,0.0112755,9.4092,834.4818412

31-Nebraska,40-Oklahoma,31-Nebraska/40-Oklahoma,6-Pipeline,0.0100574,4.061,403.7822897

31-Nebraska,41-Oregon,31-Nebraska/41-Oregon,6-Pipeline,0,0,-

31-Nebraska,42-Pennsylvania,31-Nebraska/42-Pennsylvania,6-Pipeline,0.0013958,1.4618,1047.284711

31-Nebraska,44-Rhode Island,31-Nebraska/44-Rhode Island,6-Pipeline,0,0,-

31-Nebraska,45-South Carolina,31-Nebraska/45-South Carolina,6-Pipeline,0,0,-

31-Nebraska,46-South Dakota,31-Nebraska/46-South Dakota,6-Pipeline,0.2558119,47.9286,187.3587585

31-Nebraska,47-Tennessee,31-Nebraska/47-Tennessee,6-Pipeline,0,0,-

31-Nebraska,48-Texas,31-Nebraska/48-Texas,6-Pipeline,1.7331089,1392.3051,803.3569616

31-Nebraska,49-Utah,31-Nebraska/49-Utah,6-Pipeline,0.0160345,7.4903,467.136487

31-Nebraska,50-Vermont,31-Nebraska/50-Vermont,6-Pipeline,0,0,-

31-Nebraska,51-Virginia,31-Nebraska/51-Virginia,6-Pipeline,0,0,-

31-Nebraska,53-Washington,31-Nebraska/53-Washington,6-Pipeline,0,0,-

31-Nebraska,54-West Virginia,31-Nebraska/54-West Virginia,6-Pipeline,0,0,-

31-Nebraska,55-Wisconsin,31-Nebraska/55-Wisconsin,6-Pipeline,0.0007551,0.3882,514.1040922

31-Nebraska,56-Wyoming,31-Nebraska/56-Wyoming,6-Pipeline,11.7537558,4456.5257,379.1575881

32-Nevada,01-Alabama,32-Nevada/01-Alabama,6-Pipeline,0,0,-

32-Nevada,02-Alaska,32-Nevada/02-Alaska,6-Pipeline,0,0,-

32-Nevada,04-Arizona,32-Nevada/04-Arizona,6-Pipeline,0,0,-

32-Nevada,05-Arkansas,32-Nevada/05-Arkansas,6-Pipeline,0,0,-

32-Nevada,06-California,32-Nevada/06-California,6-Pipeline,12.1127289,3229.7154,266.6381314

32-Nevada,08-Colorado,32-Nevada/08-Colorado,6-Pipeline,0,0,-

32-Nevada,09-Connecticut,32-Nevada/09-Connecticut,6-Pipeline,0,0,-

32-Nevada,10-Delaware,32-Nevada/10-Delaware,6-Pipeline,0,0,-

32-Nevada,11-Washington DC,32-Nevada/11-Washington DC,6-Pipeline,0,0,-

32-Nevada,12-Florida,32-Nevada/12-Florida,6-Pipeline,0,0,-

32-Nevada,13-Georgia,32-Nevada/13-Georgia,6-Pipeline,0,0,-

32-Nevada,15-Hawaii,32-Nevada/15-Hawaii,6-Pipeline,0,0,-

32-Nevada,16-Idaho,32-Nevada/16-Idaho,6-Pipeline,0.7757214,337.1551,434.6342643

32-Nevada,17-Illinois,32-Nevada/17-Illinois,6-Pipeline,0,0,-

32-Nevada,18-Indiana,32-Nevada/18-Indiana,6-Pipeline,0,0,-

32-Nevada,19-Iowa,32-Nevada/19-Iowa,6-Pipeline,0,0,-

32-Nevada,20-Kansas,32-Nevada/20-Kansas,6-Pipeline,0,0,-

32-Nevada,21-Kentucky,32-Nevada/21-Kentucky,6-Pipeline,0,0,-

32-Nevada,22-Louisiana,32-Nevada/22-Louisiana,6-Pipeline,0,0,-

32-Nevada,23-Maine,32-Nevada/23-Maine,6-Pipeline,0,0,-

32-Nevada,24-Maryland,32-Nevada/24-Maryland,6-Pipeline,0,0,-

32-Nevada,25-Massachusetts,32-Nevada/25-Massachusetts,6-Pipeline,0,0,-

32-Nevada,26-Michigan,32-Nevada/26-Michigan,6-Pipeline,0,0,-

32-Nevada,27-Minnesota,32-Nevada/27-Minnesota,6-Pipeline,0,0,-

32-Nevada,28-Mississippi,32-Nevada/28-Mississippi,6-Pipeline,0,0,-

32-Nevada,29-Missouri,32-Nevada/29-Missouri,6-Pipeline,0,0,-

32-Nevada,30-Montana,32-Nevada/30-Montana,6-Pipeline,0,0,-

32-Nevada,31-Nebraska,32-Nevada/31-Nebraska,6-Pipeline,0,0,-

32-Nevada,32-Nevada,32-Nevada/32-Nevada,6-Pipeline,12.4218582,1870.858,150.6101559

32-Nevada,33-New Hampshire,32-Nevada/33-New Hampshire,6-Pipeline,0,0,-

32-Nevada,34-New Jersey,32-Nevada/34-New Jersey,6-Pipeline,0,0,-

32-Nevada,35-New Mexico,32-Nevada/35-New Mexico,6-Pipeline,0,0,-

32-Nevada,36-New York,32-Nevada/36-New York,6-Pipeline,0,0,-

32-Nevada,37-North Carolina,32-Nevada/37-North Carolina,6-Pipeline,0,0,-

32-Nevada,38-North Dakota,32-Nevada/38-North Dakota,6-Pipeline,0,0,-

32-Nevada,39-Ohio,32-Nevada/39-Ohio,6-Pipeline,0,0,-

32-Nevada,40-Oklahoma,32-Nevada/40-Oklahoma,6-Pipeline,0,0,-

32-Nevada,41-Oregon,32-Nevada/41-Oregon,6-Pipeline,4.3801378,2220.2655,506.893984

32-Nevada,42-Pennsylvania,32-Nevada/42-Pennsylvania,6-Pipeline,0,0,-

32-Nevada,44-Rhode Island,32-Nevada/44-Rhode Island,6-Pipeline,0,0,-

32-Nevada,45-South Carolina,32-Nevada/45-South Carolina,6-Pipeline,0,0,-

32-Nevada,46-South Dakota,32-Nevada/46-South Dakota,6-Pipeline,0,0,-

32-Nevada,47-Tennessee,32-Nevada/47-Tennessee,6-Pipeline,0,0,-

32-Nevada,48-Texas,32-Nevada/48-Texas,6-Pipeline,0,0,-

32-Nevada,49-Utah,32-Nevada/49-Utah,6-Pipeline,20.106369,4822.3605,239.842435

32-Nevada,50-Vermont,32-Nevada/50-Vermont,6-Pipeline,0,0,-

32-Nevada,51-Virginia,32-Nevada/51-Virginia,6-Pipeline,0,0,-

32-Nevada,53-Washington,32-Nevada/53-Washington,6-Pipeline,0,0,-

32-Nevada,54-West Virginia,32-Nevada/54-West Virginia,6-Pipeline,0,0,-

32-Nevada,55-Wisconsin,32-Nevada/55-Wisconsin,6-Pipeline,0,0,-

32-Nevada,56-Wyoming,32-Nevada/56-Wyoming,6-Pipeline,0,0,-

33-New Hampshire,01-Alabama,33-New Hampshire/01-Alabama,6-Pipeline,0,0,-

33-New Hampshire,02-Alaska,33-New Hampshire/02-Alaska,6-Pipeline,0,0,-

33-New Hampshire,04-Arizona,33-New Hampshire/04-Arizona,6-Pipeline,0,0,-

33-New Hampshire,05-Arkansas,33-New Hampshire/05-Arkansas,6-Pipeline,0,0,-

33-New Hampshire,06-California,33-New Hampshire/06-California,6-Pipeline,0,0,-

33-New Hampshire,08-Colorado,33-New Hampshire/08-Colorado,6-Pipeline,0,0,-

33-New Hampshire,09-Connecticut,33-New Hampshire/09-Connecticut,6-Pipeline,0,0,-

33-New Hampshire,10-Delaware,33-New Hampshire/10-Delaware,6-Pipeline,0,0,-

33-New Hampshire,11-Washington DC,33-New Hampshire/11-Washington DC,6-Pipeline,0,0,-

33-New Hampshire,12-Florida,33-New Hampshire/12-Florida,6-Pipeline,0,0,-

33-New Hampshire,13-Georgia,33-New Hampshire/13-Georgia,6-Pipeline,0,0,-

33-New Hampshire,15-Hawaii,33-New Hampshire/15-Hawaii,6-Pipeline,0,0,-

33-New Hampshire,16-Idaho,33-New Hampshire/16-Idaho,6-Pipeline,0,0,-

33-New Hampshire,17-Illinois,33-New Hampshire/17-Illinois,6-Pipeline,0,0,-

33-New Hampshire,18-Indiana,33-New Hampshire/18-Indiana,6-Pipeline,0,0,-

33-New Hampshire,19-Iowa,33-New Hampshire/19-Iowa,6-Pipeline,0,0,-

33-New Hampshire,20-Kansas,33-New Hampshire/20-Kansas,6-Pipeline,0,0,-

33-New Hampshire,21-Kentucky,33-New Hampshire/21-Kentucky,6-Pipeline,0,0,-

33-New Hampshire,22-Louisiana,33-New Hampshire/22-Louisiana,6-Pipeline,0,0,-

33-New Hampshire,23-Maine,33-New Hampshire/23-Maine,6-Pipeline,5.4167843,601.9089,111.1192299

33-New Hampshire,24-Maryland,33-New Hampshire/24-Maryland,6-Pipeline,0,0,-

33-New Hampshire,25-Massachusetts,33-New Hampshire/25-Massachusetts,6-Pipeline,2.3182529,159.7045,68.8900249

33-New Hampshire,26-Michigan,33-New Hampshire/26-Michigan,6-Pipeline,0,0,-

33-New Hampshire,27-Minnesota,33-New Hampshire/27-Minnesota,6-Pipeline,0,0,-

33-New Hampshire,28-Mississippi,33-New Hampshire/28-Mississippi,6-Pipeline,0,0,-

33-New Hampshire,29-Missouri,33-New Hampshire/29-Missouri,6-Pipeline,0,0,-

33-New Hampshire,30-Montana,33-New Hampshire/30-Montana,6-Pipeline,0,0,-

33-New Hampshire,31-Nebraska,33-New Hampshire/31-Nebraska,6-Pipeline,0,0,-

33-New Hampshire,32-Nevada,33-New Hampshire/32-Nevada,6-Pipeline,0,0,-

33-New Hampshire,33-New Hampshire,33-New Hampshire/33-New Hampshire,6-Pipeline,5.1954294,173.9202,33.47561609

33-New Hampshire,34-New Jersey,33-New Hampshire/34-New Jersey,6-Pipeline,0,0,-

33-New Hampshire,35-New Mexico,33-New Hampshire/35-New Mexico,6-Pipeline,0,0,-

33-New Hampshire,36-New York,33-New Hampshire/36-New York,6-Pipeline,0,0,-

33-New Hampshire,37-North Carolina,33-New Hampshire/37-North Carolina,6-Pipeline,0,0,-

33-New Hampshire,38-North Dakota,33-New Hampshire/38-North Dakota,6-Pipeline,0,0,-

33-New Hampshire,39-Ohio,33-New Hampshire/39-Ohio,6-Pipeline,0,0,-

33-New Hampshire,40-Oklahoma,33-New Hampshire/40-Oklahoma,6-Pipeline,0,0,-

33-New Hampshire,41-Oregon,33-New Hampshire/41-Oregon,6-Pipeline,0,0,-

33-New Hampshire,42-Pennsylvania,33-New Hampshire/42-Pennsylvania,6-Pipeline,0,0,-

33-New Hampshire,44-Rhode Island,33-New Hampshire/44-Rhode Island,6-Pipeline,0,0,-

33-New Hampshire,45-South Carolina,33-New Hampshire/45-South Carolina,6-Pipeline,0,0,-

33-New Hampshire,46-South Dakota,33-New Hampshire/46-South Dakota,6-Pipeline,0,0,-

33-New Hampshire,47-Tennessee,33-New Hampshire/47-Tennessee,6-Pipeline,0,0,-

33-New Hampshire,48-Texas,33-New Hampshire/48-Texas,6-Pipeline,0,0,-

33-New Hampshire,49-Utah,33-New Hampshire/49-Utah,6-Pipeline,0,0,-

33-New Hampshire,50-Vermont,33-New Hampshire/50-Vermont,6-Pipeline,0,0,-

33-New Hampshire,51-Virginia,33-New Hampshire/51-Virginia,6-Pipeline,0,0,-

33-New Hampshire,53-Washington,33-New Hampshire/53-Washington,6-Pipeline,0,0,-

33-New Hampshire,54-West Virginia,33-New Hampshire/54-West Virginia,6-Pipeline,0,0,-

33-New Hampshire,55-Wisconsin,33-New Hampshire/55-Wisconsin,6-Pipeline,0,0,-

33-New Hampshire,56-Wyoming,33-New Hampshire/56-Wyoming,6-Pipeline,0,0,-

34-New Jersey,01-Alabama,34-New Jersey/01-Alabama,6-Pipeline,0,0,-

34-New Jersey,02-Alaska,34-New Jersey/02-Alaska,6-Pipeline,0,0,-

34-New Jersey,04-Arizona,34-New Jersey/04-Arizona,6-Pipeline,0,0,-

34-New Jersey,05-Arkansas,34-New Jersey/05-Arkansas,6-Pipeline,0.5203864,544.811,1046.935508

34-New Jersey,06-California,34-New Jersey/06-California,6-Pipeline,0,0,-

34-New Jersey,08-Colorado,34-New Jersey/08-Colorado,6-Pipeline,0,0,-

34-New Jersey,09-Connecticut,34-New Jersey/09-Connecticut,6-Pipeline,0,0,-

34-New Jersey,10-Delaware,34-New Jersey/10-Delaware,6-Pipeline,0,0,-

34-New Jersey,11-Washington DC,34-New Jersey/11-Washington DC,6-Pipeline,0,0,-

34-New Jersey,12-Florida,34-New Jersey/12-Florida,6-Pipeline,0,0,-

34-New Jersey,13-Georgia,34-New Jersey/13-Georgia,6-Pipeline,0,0,-

34-New Jersey,15-Hawaii,34-New Jersey/15-Hawaii,6-Pipeline,0,0,-

34-New Jersey,16-Idaho,34-New Jersey/16-Idaho,6-Pipeline,0,0,-

34-New Jersey,17-Illinois,34-New Jersey/17-Illinois,6-Pipeline,0,0,-

34-New Jersey,18-Indiana,34-New Jersey/18-Indiana,6-Pipeline,0.2784233,150.6546,541.0991106

34-New Jersey,19-Iowa,34-New Jersey/19-Iowa,6-Pipeline,0,0,-

34-New Jersey,20-Kansas,34-New Jersey/20-Kansas,6-Pipeline,0,0,-

34-New Jersey,21-Kentucky,34-New Jersey/21-Kentucky,6-Pipeline,0,0,-

34-New Jersey,22-Louisiana,34-New Jersey/22-Louisiana,6-Pipeline,0,0,-

34-New Jersey,23-Maine,34-New Jersey/23-Maine,6-Pipeline,0,0,-

34-New Jersey,24-Maryland,34-New Jersey/24-Maryland,6-Pipeline,0,0,-

34-New Jersey,25-Massachusetts,34-New Jersey/25-Massachusetts,6-Pipeline,0.015887,3.025,190.4072512

34-New Jersey,26-Michigan,34-New Jersey/26-Michigan,6-Pipeline,0,0,-

34-New Jersey,27-Minnesota,34-New Jersey/27-Minnesota,6-Pipeline,0,0,-

34-New Jersey,28-Mississippi,34-New Jersey/28-Mississippi,6-Pipeline,0,0,-

34-New Jersey,29-Missouri,34-New Jersey/29-Missouri,6-Pipeline,0,0,-

34-New Jersey,30-Montana,34-New Jersey/30-Montana,6-Pipeline,0,0,-

34-New Jersey,31-Nebraska,34-New Jersey/31-Nebraska,6-Pipeline,0,0,-

34-New Jersey,32-Nevada,34-New Jersey/32-Nevada,6-Pipeline,0,0,-

34-New Jersey,33-New Hampshire,34-New Jersey/33-New Hampshire,6-Pipeline,0,0,-

34-New Jersey,34-New Jersey,34-New Jersey/34-New Jersey,6-Pipeline,71.5316758,1377.8594,19.26222732

34-New Jersey,35-New Mexico,34-New Jersey/35-New Mexico,6-Pipeline,0,0,-

34-New Jersey,36-New York,34-New Jersey/36-New York,6-Pipeline,17.1704851,1348.1366,78.51476485

34-New Jersey,37-North Carolina,34-New Jersey/37-North Carolina,6-Pipeline,0,0,-

34-New Jersey,38-North Dakota,34-New Jersey/38-North Dakota,6-Pipeline,0,0,-

34-New Jersey,39-Ohio,34-New Jersey/39-Ohio,6-Pipeline,0,0,-

34-New Jersey,40-Oklahoma,34-New Jersey/40-Oklahoma,6-Pipeline,0,0,-

34-New Jersey,41-Oregon,34-New Jersey/41-Oregon,6-Pipeline,0,0,-

34-New Jersey,42-Pennsylvania,34-New Jersey/42-Pennsylvania,6-Pipeline,59.6958373,11847.2715,198.4605968

34-New Jersey,44-Rhode Island,34-New Jersey/44-Rhode Island,6-Pipeline,0,0,-

34-New Jersey,45-South Carolina,34-New Jersey/45-South Carolina,6-Pipeline,0,0,-

34-New Jersey,46-South Dakota,34-New Jersey/46-South Dakota,6-Pipeline,0,0,-

34-New Jersey,47-Tennessee,34-New Jersey/47-Tennessee,6-Pipeline,0,0,-

34-New Jersey,48-Texas,34-New Jersey/48-Texas,6-Pipeline,0,0,-

34-New Jersey,49-Utah,34-New Jersey/49-Utah,6-Pipeline,0,0,-

34-New Jersey,50-Vermont,34-New Jersey/50-Vermont,6-Pipeline,0,0,-

34-New Jersey,51-Virginia,34-New Jersey/51-Virginia,6-Pipeline,0,0,-

34-New Jersey,53-Washington,34-New Jersey/53-Washington,6-Pipeline,0,0,-

34-New Jersey,54-West Virginia,34-New Jersey/54-West Virginia,6-Pipeline,0,0,-

34-New Jersey,55-Wisconsin,34-New Jersey/55-Wisconsin,6-Pipeline,0,0,-

34-New Jersey,56-Wyoming,34-New Jersey/56-Wyoming,6-Pipeline,0,0,-

35-New Mexico,01-Alabama,35-New Mexico/01-Alabama,6-Pipeline,0.8152906,817.6634,1002.910373

35-New Mexico,02-Alaska,35-New Mexico/02-Alaska,6-Pipeline,0,0,-

35-New Mexico,04-Arizona,35-New Mexico/04-Arizona,6-Pipeline,35.2909167,10751.4586,304.6522903

35-New Mexico,05-Arkansas,35-New Mexico/05-Arkansas,6-Pipeline,0,0,-

35-New Mexico,06-California,35-New Mexico/06-California,6-Pipeline,0,0,-

35-New Mexico,08-Colorado,35-New Mexico/08-Colorado,6-Pipeline,4.937259,1443.3537,292.3390691

35-New Mexico,09-Connecticut,35-New Mexico/09-Connecticut,6-Pipeline,0,0,-

35-New Mexico,10-Delaware,35-New Mexico/10-Delaware,6-Pipeline,0,0,-

35-New Mexico,11-Washington DC,35-New Mexico/11-Washington DC,6-Pipeline,0,0,-

35-New Mexico,12-Florida,35-New Mexico/12-Florida,6-Pipeline,0,0,-

35-New Mexico,13-Georgia,35-New Mexico/13-Georgia,6-Pipeline,0,0,-

35-New Mexico,15-Hawaii,35-New Mexico/15-Hawaii,6-Pipeline,0,0,-

35-New Mexico,16-Idaho,35-New Mexico/16-Idaho,6-Pipeline,0,0,-

35-New Mexico,17-Illinois,35-New Mexico/17-Illinois,6-Pipeline,2.1923544,2022.9765,922.7415513

35-New Mexico,18-Indiana,35-New Mexico/18-Indiana,6-Pipeline,1.6998176,1821.3537,1071.499495

35-New Mexico,19-Iowa,35-New Mexico/19-Iowa,6-Pipeline,0,0,-

35-New Mexico,20-Kansas,35-New Mexico/20-Kansas,6-Pipeline,1.4515169,689.1771,474.7978477

35-New Mexico,21-Kentucky,35-New Mexico/21-Kentucky,6-Pipeline,1.0739308,1185.4779,1103.868052

35-New Mexico,22-Louisiana,35-New Mexico/22-Louisiana,6-Pipeline,22.0313631,18150.4457,823.8457883

35-New Mexico,23-Maine,35-New Mexico/23-Maine,6-Pipeline,0,0,-

35-New Mexico,24-Maryland,35-New Mexico/24-Maryland,6-Pipeline,0,0,-

35-New Mexico,25-Massachusetts,35-New Mexico/25-Massachusetts,6-Pipeline,0,0,-

35-New Mexico,26-Michigan,35-New Mexico/26-Michigan,6-Pipeline,0.5152707,663.4444,1287.564769

35-New Mexico,27-Minnesota,35-New Mexico/27-Minnesota,6-Pipeline,1.4923733,1396.8601,935.999123

35-New Mexico,28-Mississippi,35-New Mexico/28-Mississippi,6-Pipeline,0.1399859,119.2369,851.7779291

35-New Mexico,29-Missouri,35-New Mexico/29-Missouri,6-Pipeline,0.0001302,0.0899,690.4761905

35-New Mexico,30-Montana,35-New Mexico/30-Montana,6-Pipeline,0.0007611,0.6298,827.4865327

35-New Mexico,31-Nebraska,35-New Mexico/31-Nebraska,6-Pipeline,0.0037087,1.7803,480.0334349

35-New Mexico,32-Nevada,35-New Mexico/32-Nevada,6-Pipeline,0,0,-

35-New Mexico,33-New Hampshire,35-New Mexico/33-New Hampshire,6-Pipeline,0,0,-

35-New Mexico,34-New Jersey,35-New Mexico/34-New Jersey,6-Pipeline,0,0,-

35-New Mexico,35-New Mexico,35-New Mexico/35-New Mexico,6-Pipeline,72.2592162,7383.5894,102.1819747

35-New Mexico,36-New York,35-New Mexico/36-New York,6-Pipeline,0.0030311,4.6182,1523.605292

35-New Mexico,37-North Carolina,35-New Mexico/37-North Carolina,6-Pipeline,0,0,-

35-New Mexico,38-North Dakota,35-New Mexico/38-North Dakota,6-Pipeline,0.8199935,731.9694,892.6526857

35-New Mexico,39-Ohio,35-New Mexico/39-Ohio,6-Pipeline,1.6517265,2109.4717,1277.131353

35-New Mexico,40-Oklahoma,35-New Mexico/40-Oklahoma,6-Pipeline,2.2691221,1026.2653,452.2741637

35-New Mexico,41-Oregon,35-New Mexico/41-Oregon,6-Pipeline,0,0,-

35-New Mexico,42-Pennsylvania,35-New Mexico/42-Pennsylvania,6-Pipeline,0.0641036,96.4534,1504.648725

35-New Mexico,44-Rhode Island,35-New Mexico/44-Rhode Island,6-Pipeline,0,0,-

35-New Mexico,45-South Carolina,35-New Mexico/45-South Carolina,6-Pipeline,0,0,-

35-New Mexico,46-South Dakota,35-New Mexico/46-South Dakota,6-Pipeline,0,0,-

35-New Mexico,47-Tennessee,35-New Mexico/47-Tennessee,6-Pipeline,0,0,-

35-New Mexico,48-Texas,35-New Mexico/48-Texas,6-Pipeline,42.5346851,21681.4341,509.7353853

35-New Mexico,49-Utah,35-New Mexico/49-Utah,6-Pipeline,0.0015288,0.527,344.714809

35-New Mexico,50-Vermont,35-New Mexico/50-Vermont,6-Pipeline,0,0,-

35-New Mexico,51-Virginia,35-New Mexico/51-Virginia,6-Pipeline,0,0,-

35-New Mexico,53-Washington,35-New Mexico/53-Washington,6-Pipeline,0,0,-

35-New Mexico,54-West Virginia,35-New Mexico/54-West Virginia,6-Pipeline,0,0,-

35-New Mexico,55-Wisconsin,35-New Mexico/55-Wisconsin,6-Pipeline,0.1459665,151.1322,1035.389627

35-New Mexico,56-Wyoming,35-New Mexico/56-Wyoming,6-Pipeline,0.0032592,1.7778,545.4712813

36-New York,01-Alabama,36-New York/01-Alabama,6-Pipeline,0.0032318,2.9308,906.8630485

36-New York,02-Alaska,36-New York/02-Alaska,6-Pipeline,0,0,-

36-New York,04-Arizona,36-New York/04-Arizona,6-Pipeline,0,0,-

36-New York,05-Arkansas,36-New York/05-Arkansas,6-Pipeline,0,0,-

36-New York,06-California,36-New York/06-California,6-Pipeline,0,0,-

36-New York,08-Colorado,36-New York/08-Colorado,6-Pipeline,0,0,-

36-New York,09-Connecticut,36-New York/09-Connecticut,6-Pipeline,19.2199087,3901.4416,202.9896011

36-New York,10-Delaware,36-New York/10-Delaware,6-Pipeline,0,0,-

36-New York,11-Washington DC,36-New York/11-Washington DC,6-Pipeline,0,0,-

36-New York,12-Florida,36-New York/12-Florida,6-Pipeline,0,0,-

36-New York,13-Georgia,36-New York/13-Georgia,6-Pipeline,0,0,-

36-New York,15-Hawaii,36-New York/15-Hawaii,6-Pipeline,0,0,-

36-New York,16-Idaho,36-New York/16-Idaho,6-Pipeline,0,0,-

36-New York,17-Illinois,36-New York/17-Illinois,6-Pipeline,0.0274432,16.5332,602.4516091

36-New York,18-Indiana,36-New York/18-Indiana,6-Pipeline,0.0213271,9.5807,449.2265709

36-New York,19-Iowa,36-New York/19-Iowa,6-Pipeline,0,0,-

36-New York,20-Kansas,36-New York/20-Kansas,6-Pipeline,0.0174306,17.3732,996.7069407

36-New York,21-Kentucky,36-New York/21-Kentucky,6-Pipeline,0.0134471,4.9686,369.4923069

36-New York,22-Louisiana,36-New York/22-Louisiana,6-Pipeline,0.0678805,74.4713,1097.094158

36-New York,23-Maine,36-New York/23-Maine,6-Pipeline,0,0,-

36-New York,24-Maryland,36-New York/24-Maryland,6-Pipeline,0,0,-

36-New York,25-Massachusetts,36-New York/25-Massachusetts,6-Pipeline,8.4615629,2275.963,268.9766686

36-New York,26-Michigan,36-New York/26-Michigan,6-Pipeline,0.0070093,1.7155,244.7462657

36-New York,27-Minnesota,36-New York/27-Minnesota,6-Pipeline,0.0187591,13.8078,736.0587661

36-New York,28-Mississippi,36-New York/28-Mississippi,6-Pipeline,0.0009204,0.7956,864.4067797

36-New York,29-Missouri,36-New York/29-Missouri,6-Pipeline,0,0,-

36-New York,30-Montana,36-New York/30-Montana,6-Pipeline,0,0,-

36-New York,31-Nebraska,36-New York/31-Nebraska,6-Pipeline,0,0,-

36-New York,32-Nevada,36-New York/32-Nevada,6-Pipeline,0,0,-

36-New York,33-New Hampshire,36-New York/33-New Hampshire,6-Pipeline,0,0,-

36-New York,34-New Jersey,36-New York/34-New Jersey,6-Pipeline,17.1704851,1348.1366,78.51476485

36-New York,35-New Mexico,36-New York/35-New Mexico,6-Pipeline,0.0030311,4.6182,1523.605292

36-New York,36-New York,36-New York/36-New York,6-Pipeline,35.5438198,6212.8898,174.79522

36-New York,37-North Carolina,36-New York/37-North Carolina,6-Pipeline,0,0,-

36-New York,38-North Dakota,36-New York/38-North Dakota,6-Pipeline,0,0,-

36-New York,39-Ohio,36-New York/39-Ohio,6-Pipeline,0.0207622,4.7933,230.8666712

36-New York,40-Oklahoma,36-New York/40-Oklahoma,6-Pipeline,0.0246877,25.6885,1040.538406

36-New York,41-Oregon,36-New York/41-Oregon,6-Pipeline,0,0,-

36-New York,42-Pennsylvania,36-New York/42-Pennsylvania,6-Pipeline,46.3465991,10628.5466,229.327433

36-New York,44-Rhode Island,36-New York/44-Rhode Island,6-Pipeline,0,0,-

36-New York,45-South Carolina,36-New York/45-South Carolina,6-Pipeline,0,0,-

36-New York,46-South Dakota,36-New York/46-South Dakota,6-Pipeline,0,0,-

36-New York,47-Tennessee,36-New York/47-Tennessee,6-Pipeline,0,0,-

36-New York,48-Texas,36-New York/48-Texas,6-Pipeline,0.1811901,254.3471,1403.758263

36-New York,49-Utah,36-New York/49-Utah,6-Pipeline,0,0,-

36-New York,50-Vermont,36-New York/50-Vermont,6-Pipeline,0,0,-

36-New York,51-Virginia,36-New York/51-Virginia,6-Pipeline,0,0,-

36-New York,53-Washington,36-New York/53-Washington,6-Pipeline,0,0,-

36-New York,54-West Virginia,36-New York/54-West Virginia,6-Pipeline,0,0,-

36-New York,55-Wisconsin,36-New York/55-Wisconsin,6-Pipeline,0.0018348,0.9469,516.0780467

36-New York,56-Wyoming,36-New York/56-Wyoming,6-Pipeline,0,0,-

37-North Carolina,01-Alabama,37-North Carolina/01-Alabama,6-Pipeline,0.0001038,0.0594,572.2543353

37-North Carolina,02-Alaska,37-North Carolina/02-Alaska,6-Pipeline,0,0,-

37-North Carolina,04-Arizona,37-North Carolina/04-Arizona,6-Pipeline,0,0,-

37-North Carolina,05-Arkansas,37-North Carolina/05-Arkansas,6-Pipeline,0,0,-

37-North Carolina,06-California,37-North Carolina/06-California,6-Pipeline,0,0,-

37-North Carolina,08-Colorado,37-North Carolina/08-Colorado,6-Pipeline,0,0,-

37-North Carolina,09-Connecticut,37-North Carolina/09-Connecticut,6-Pipeline,0,0,-

37-North Carolina,10-Delaware,37-North Carolina/10-Delaware,6-Pipeline,0,0,-

37-North Carolina,11-Washington DC,37-North Carolina/11-Washington DC,6-Pipeline,0,0,-

37-North Carolina,12-Florida,37-North Carolina/12-Florida,6-Pipeline,0,0,-

37-North Carolina,13-Georgia,37-North Carolina/13-Georgia,6-Pipeline,0.0000628,0.0194,308.9171975

37-North Carolina,15-Hawaii,37-North Carolina/15-Hawaii,6-Pipeline,0,0,-

37-North Carolina,16-Idaho,37-North Carolina/16-Idaho,6-Pipeline,0,0,-

37-North Carolina,17-Illinois,37-North Carolina/17-Illinois,6-Pipeline,0,0,-

37-North Carolina,18-Indiana,37-North Carolina/18-Indiana,6-Pipeline,2.2001356,993.6083,451.6123006

37-North Carolina,19-Iowa,37-North Carolina/19-Iowa,6-Pipeline,0,0,-

37-North Carolina,20-Kansas,37-North Carolina/20-Kansas,6-Pipeline,0,0,-

37-North Carolina,21-Kentucky,37-North Carolina/21-Kentucky,6-Pipeline,0,0,-

37-North Carolina,22-Louisiana,37-North Carolina/22-Louisiana,6-Pipeline,0.0026885,1.8428,685.4379766

37-North Carolina,23-Maine,37-North Carolina/23-Maine,6-Pipeline,0,0,-

37-North Carolina,24-Maryland,37-North Carolina/24-Maryland,6-Pipeline,0,0,-

37-North Carolina,25-Massachusetts,37-North Carolina/25-Massachusetts,6-Pipeline,0,0,-

37-North Carolina,26-Michigan,37-North Carolina/26-Michigan,6-Pipeline,0,0,-

37-North Carolina,27-Minnesota,37-North Carolina/27-Minnesota,6-Pipeline,0,0,-

37-North Carolina,28-Mississippi,37-North Carolina/28-Mississippi,6-Pipeline,0.0919082,48.8516,531.5260227

37-North Carolina,29-Missouri,37-North Carolina/29-Missouri,6-Pipeline,0,0,-

37-North Carolina,30-Montana,37-North Carolina/30-Montana,6-Pipeline,0,0,-

37-North Carolina,31-Nebraska,37-North Carolina/31-Nebraska,6-Pipeline,0,0,-

37-North Carolina,32-Nevada,37-North Carolina/32-Nevada,6-Pipeline,0,0,-

37-North Carolina,33-New Hampshire,37-North Carolina/33-New Hampshire,6-Pipeline,0,0,-

37-North Carolina,34-New Jersey,37-North Carolina/34-New Jersey,6-Pipeline,0,0,-

37-North Carolina,35-New Mexico,37-North Carolina/35-New Mexico,6-Pipeline,0,0,-

37-North Carolina,36-New York,37-North Carolina/36-New York,6-Pipeline,0,0,-

37-North Carolina,37-North Carolina,37-North Carolina/37-North Carolina,6-Pipeline,31.693844,2702.6472,85.27356921

37-North Carolina,38-North Dakota,37-North Carolina/38-North Dakota,6-Pipeline,0,0,-

37-North Carolina,39-Ohio,37-North Carolina/39-Ohio,6-Pipeline,0,0,-

37-North Carolina,40-Oklahoma,37-North Carolina/40-Oklahoma,6-Pipeline,0,0,-

37-North Carolina,41-Oregon,37-North Carolina/41-Oregon,6-Pipeline,0,0,-

37-North Carolina,42-Pennsylvania,37-North Carolina/42-Pennsylvania,6-Pipeline,0,0,-

37-North Carolina,44-Rhode Island,37-North Carolina/44-Rhode Island,6-Pipeline,0,0,-

37-North Carolina,45-South Carolina,37-North Carolina/45-South Carolina,6-Pipeline,6.24523,890.956,142.6618395

37-North Carolina,46-South Dakota,37-North Carolina/46-South Dakota,6-Pipeline,0,0,-

37-North Carolina,47-Tennessee,37-North Carolina/47-Tennessee,6-Pipeline,0,0,-

37-North Carolina,48-Texas,37-North Carolina/48-Texas,6-Pipeline,0,0,-

37-North Carolina,49-Utah,37-North Carolina/49-Utah,6-Pipeline,0,0,-

37-North Carolina,50-Vermont,37-North Carolina/50-Vermont,6-Pipeline,0,0,-

37-North Carolina,51-Virginia,37-North Carolina/51-Virginia,6-Pipeline,13.8316164,1918.6875,138.7175182

37-North Carolina,53-Washington,37-North Carolina/53-Washington,6-Pipeline,0,0,-

37-North Carolina,54-West Virginia,37-North Carolina/54-West Virginia,6-Pipeline,0,0,-

37-North Carolina,55-Wisconsin,37-North Carolina/55-Wisconsin,6-Pipeline,0,0,-

37-North Carolina,56-Wyoming,37-North Carolina/56-Wyoming,6-Pipeline,0,0,-

38-North Dakota,01-Alabama,38-North Dakota/01-Alabama,6-Pipeline,0.8968274,1203.2655,1341.691277

38-North Dakota,02-Alaska,38-North Dakota/02-Alaska,6-Pipeline,0,0,-

38-North Dakota,04-Arizona,38-North Dakota/04-Arizona,6-Pipeline,0,0,-

38-North Dakota,05-Arkansas,38-North Dakota/05-Arkansas,6-Pipeline,0,0,-

38-North Dakota,06-California,38-North Dakota/06-California,6-Pipeline,0,0,-

38-North Dakota,08-Colorado,38-North Dakota/08-Colorado,6-Pipeline,1.0573455,580.6688,549.1760262

38-North Dakota,09-Connecticut,38-North Dakota/09-Connecticut,6-Pipeline,0,0,-

38-North Dakota,10-Delaware,38-North Dakota/10-Delaware,6-Pipeline,0,0,-

38-North Dakota,11-Washington DC,38-North Dakota/11-Washington DC,6-Pipeline,0,0,-

38-North Dakota,12-Florida,38-North Dakota/12-Florida,6-Pipeline,0,0,-

38-North Dakota,13-Georgia,38-North Dakota/13-Georgia,6-Pipeline,0,0,-

38-North Dakota,15-Hawaii,38-North Dakota/15-Hawaii,6-Pipeline,0,0,-

38-North Dakota,16-Idaho,38-North Dakota/16-Idaho,6-Pipeline,0,0,-

38-North Dakota,17-Illinois,38-North Dakota/17-Illinois,6-Pipeline,2.9028501,2470.5357,851.072434

38-North Dakota,18-Indiana,38-North Dakota/18-Indiana,6-Pipeline,2.418538,1981.0004,819.0900453

38-North Dakota,19-Iowa,38-North Dakota/19-Iowa,6-Pipeline,0,0,-

38-North Dakota,20-Kansas,38-North Dakota/20-Kansas,6-Pipeline,1.0424538,740.3295,710.1796741

38-North Dakota,21-Kentucky,38-North Dakota/21-Kentucky,6-Pipeline,1.5465296,1700.3875,1099.485907

38-North Dakota,22-Louisiana,38-North Dakota/22-Louisiana,6-Pipeline,25.0972661,33287.7316,1326.348913

38-North Dakota,23-Maine,38-North Dakota/23-Maine,6-Pipeline,0,0,-

38-North Dakota,24-Maryland,38-North Dakota/24-Maryland,6-Pipeline,0,0,-

38-North Dakota,25-Massachusetts,38-North Dakota/25-Massachusetts,6-Pipeline,0,0,-

38-North Dakota,26-Michigan,38-North Dakota/26-Michigan,6-Pipeline,0.6939616,654.2148,942.7247848

38-North Dakota,27-Minnesota,38-North Dakota/27-Minnesota,6-Pipeline,15.3849141,4239.2474,275.5457309

38-North Dakota,28-Mississippi,38-North Dakota/28-Mississippi,6-Pipeline,0.2655175,313.6515,1181.28372

38-North Dakota,29-Missouri,38-North Dakota/29-Missouri,6-Pipeline,0,0,-

38-North Dakota,30-Montana,38-North Dakota/30-Montana,6-Pipeline,10.1743873,3064.2388,301.1718258

38-North Dakota,31-Nebraska,38-North Dakota/31-Nebraska,6-Pipeline,0,0,-

38-North Dakota,32-Nevada,38-North Dakota/32-Nevada,6-Pipeline,0,0,-

38-North Dakota,33-New Hampshire,38-North Dakota/33-New Hampshire,6-Pipeline,0,0,-

38-North Dakota,34-New Jersey,38-North Dakota/34-New Jersey,6-Pipeline,0,0,-

38-North Dakota,35-New Mexico,38-North Dakota/35-New Mexico,6-Pipeline,0.8199935,731.9694,892.6526857

38-North Dakota,36-New York,38-North Dakota/36-New York,6-Pipeline,0,0,-

38-North Dakota,37-North Carolina,38-North Dakota/37-North Carolina,6-Pipeline,0,0,-

38-North Dakota,38-North Dakota,38-North Dakota/38-North Dakota,6-Pipeline,54.0284812,5876.7232,108.7708384

38-North Dakota,39-Ohio,38-North Dakota/39-Ohio,6-Pipeline,2.3041023,2333.5375,1012.775127

38-North Dakota,40-Oklahoma,38-North Dakota/40-Oklahoma,6-Pipeline,2.0551839,1735.8262,844.608699

38-North Dakota,41-Oregon,38-North Dakota/41-Oregon,6-Pipeline,0,0,-

38-North Dakota,42-Pennsylvania,38-North Dakota/42-Pennsylvania,6-Pipeline,0.2852204,335.2203,1175.302678

38-North Dakota,44-Rhode Island,38-North Dakota/44-Rhode Island,6-Pipeline,0,0,-

38-North Dakota,45-South Carolina,38-North Dakota/45-South Carolina,6-Pipeline,0,0,-

38-North Dakota,46-South Dakota,38-North Dakota/46-South Dakota,6-Pipeline,19.358129,4459.8515,230.3864955

38-North Dakota,47-Tennessee,38-North Dakota/47-Tennessee,6-Pipeline,0,0,-

38-North Dakota,48-Texas,38-North Dakota/48-Texas,6-Pipeline,34.7209022,43684.0141,1258.147437

38-North Dakota,49-Utah,38-North Dakota/49-Utah,6-Pipeline,3.2765819,2113.986,645.1802716

38-North Dakota,50-Vermont,38-North Dakota/50-Vermont,6-Pipeline,0,0,-

38-North Dakota,51-Virginia,38-North Dakota/51-Virginia,6-Pipeline,0,0,-

38-North Dakota,53-Washington,38-North Dakota/53-Washington,6-Pipeline,0,0,-

38-North Dakota,54-West Virginia,38-North Dakota/54-West Virginia,6-Pipeline,0,0,-

38-North Dakota,55-Wisconsin,38-North Dakota/55-Wisconsin,6-Pipeline,0.1542951,78.9641,511.773219

38-North Dakota,56-Wyoming,38-North Dakota/56-Wyoming,6-Pipeline,2.7993163,1087.7215,388.566844

39-Ohio,01-Alabama,39-Ohio/01-Alabama,6-Pipeline,0.0819228,43.8844,535.6799328

39-Ohio,02-Alaska,39-Ohio/02-Alaska,6-Pipeline,0,0,-

39-Ohio,04-Arizona,39-Ohio/04-Arizona,6-Pipeline,0,0,-

39-Ohio,05-Arkansas,39-Ohio/05-Arkansas,6-Pipeline,0.0218538,13.221,604.9748785

39-Ohio,06-California,39-Ohio/06-California,6-Pipeline,0,0,-

39-Ohio,08-Colorado,39-Ohio/08-Colorado,6-Pipeline,3.2267254,3705.7356,1148.450872

39-Ohio,09-Connecticut,39-Ohio/09-Connecticut,6-Pipeline,0,0,-

39-Ohio,10-Delaware,39-Ohio/10-Delaware,6-Pipeline,0,0,-

39-Ohio,11-Washington DC,39-Ohio/11-Washington DC,6-Pipeline,0,0,-

39-Ohio,12-Florida,39-Ohio/12-Florida,6-Pipeline,0,0,-

39-Ohio,13-Georgia,39-Ohio/13-Georgia,6-Pipeline,0.0000001,0,0

39-Ohio,15-Hawaii,39-Ohio/15-Hawaii,6-Pipeline,0,0,-

39-Ohio,16-Idaho,39-Ohio/16-Idaho,6-Pipeline,0,0,-

39-Ohio,17-Illinois,39-Ohio/17-Illinois,6-Pipeline,0.7188036,183.7701,255.6610735

39-Ohio,18-Indiana,39-Ohio/18-Indiana,6-Pipeline,39.3799758,7484.8111,190.066422

39-Ohio,19-Iowa,39-Ohio/19-Iowa,6-Pipeline,0,0,-

39-Ohio,20-Kansas,39-Ohio/20-Kansas,6-Pipeline,0.1820456,146.9389,807.1543613

39-Ohio,21-Kentucky,39-Ohio/21-Kentucky,6-Pipeline,31.133414,7671.8923,246.4198851

39-Ohio,22-Louisiana,39-Ohio/22-Louisiana,6-Pipeline,9.8012333,8269.9724,843.768549

39-Ohio,23-Maine,39-Ohio/23-Maine,6-Pipeline,0,0,-

39-Ohio,24-Maryland,39-Ohio/24-Maryland,6-Pipeline,0,0,-

39-Ohio,25-Massachusetts,39-Ohio/25-Massachusetts,6-Pipeline,0,0,-

39-Ohio,26-Michigan,39-Ohio/26-Michigan,6-Pipeline,22.5764452,2788.1986,123.5003374

39-Ohio,27-Minnesota,39-Ohio/27-Minnesota,6-Pipeline,0,0,-

39-Ohio,28-Mississippi,39-Ohio/28-Mississippi,6-Pipeline,0.2329593,135.2693,580.6563636

39-Ohio,29-Missouri,39-Ohio/29-Missouri,6-Pipeline,0.0004844,0.2841,586.4987614

39-Ohio,30-Montana,39-Ohio/30-Montana,6-Pipeline,0.5059195,596.7931,1179.620671

39-Ohio,31-Nebraska,39-Ohio/31-Nebraska,6-Pipeline,0.0112755,9.4092,834.4818412

39-Ohio,32-Nevada,39-Ohio/32-Nevada,6-Pipeline,0,0,-

39-Ohio,33-New Hampshire,39-Ohio/33-New Hampshire,6-Pipeline,0,0,-

39-Ohio,34-New Jersey,39-Ohio/34-New Jersey,6-Pipeline,0,0,-

39-Ohio,35-New Mexico,39-Ohio/35-New Mexico,6-Pipeline,1.6517265,2109.4717,1277.131353

39-Ohio,36-New York,39-Ohio/36-New York,6-Pipeline,0.0207622,4.7933,230.8666712

39-Ohio,37-North Carolina,39-Ohio/37-North Carolina,6-Pipeline,0,0,-

39-Ohio,38-North Dakota,39-Ohio/38-North Dakota,6-Pipeline,2.3041023,2333.5375,1012.775127

39-Ohio,39-Ohio,39-Ohio/39-Ohio,6-Pipeline,115.4721954,10195.6678,88.29543566

39-Ohio,40-Oklahoma,39-Ohio/40-Oklahoma,6-Pipeline,0.9048925,770.7679,851.7784157

39-Ohio,41-Oregon,39-Ohio/41-Oregon,6-Pipeline,0,0,-

39-Ohio,42-Pennsylvania,39-Ohio/42-Pennsylvania,6-Pipeline,10.9063689,2115.1024,193.9327763

39-Ohio,44-Rhode Island,39-Ohio/44-Rhode Island,6-Pipeline,0,0,-

39-Ohio,45-South Carolina,39-Ohio/45-South Carolina,6-Pipeline,0,0,-

39-Ohio,46-South Dakota,39-Ohio/46-South Dakota,6-Pipeline,0,0,-

39-Ohio,47-Tennessee,39-Ohio/47-Tennessee,6-Pipeline,0.0001826,0.0721,394.8521358

39-Ohio,48-Texas,39-Ohio/48-Texas,6-Pipeline,6.7001942,7108.3337,1060.914578

39-Ohio,49-Utah,39-Ohio/49-Utah,6-Pipeline,0.9836669,1393.1394,1416.271504

39-Ohio,50-Vermont,39-Ohio/50-Vermont,6-Pipeline,0,0,-

39-Ohio,51-Virginia,39-Ohio/51-Virginia,6-Pipeline,0,0,-

39-Ohio,53-Washington,39-Ohio/53-Washington,6-Pipeline,0,0,-

39-Ohio,54-West Virginia,39-Ohio/54-West Virginia,6-Pipeline,33.4900007,5534.5444,165.2596084

39-Ohio,55-Wisconsin,39-Ohio/55-Wisconsin,6-Pipeline,0,0,-

39-Ohio,56-Wyoming,39-Ohio/56-Wyoming,6-Pipeline,1.8353765,2161.397,1177.631402

40-Oklahoma,01-Alabama,40-Oklahoma/01-Alabama,6-Pipeline,0.4311045,262.0443,607.8440378

40-Oklahoma,02-Alaska,40-Oklahoma/02-Alaska,6-Pipeline,0,0,-

40-Oklahoma,04-Arizona,40-Oklahoma/04-Arizona,6-Pipeline,0,0,-

40-Oklahoma,05-Arkansas,40-Oklahoma/05-Arkansas,6-Pipeline,8.0628426,1924.7122,238.7138501

40-Oklahoma,06-California,40-Oklahoma/06-California,6-Pipeline,0,0,-

40-Oklahoma,08-Colorado,40-Oklahoma/08-Colorado,6-Pipeline,5.9614496,3010.5738,505.0070037

40-Oklahoma,09-Connecticut,40-Oklahoma/09-Connecticut,6-Pipeline,0,0,-

40-Oklahoma,10-Delaware,40-Oklahoma/10-Delaware,6-Pipeline,0,0,-

40-Oklahoma,11-Washington DC,40-Oklahoma/11-Washington DC,6-Pipeline,0,0,-

40-Oklahoma,12-Florida,40-Oklahoma/12-Florida,6-Pipeline,0,0,-

40-Oklahoma,13-Georgia,40-Oklahoma/13-Georgia,6-Pipeline,0,0,-

40-Oklahoma,15-Hawaii,40-Oklahoma/15-Hawaii,6-Pipeline,0,0,-

40-Oklahoma,16-Idaho,40-Oklahoma/16-Idaho,6-Pipeline,0,0,-

40-Oklahoma,17-Illinois,40-Oklahoma/17-Illinois,6-Pipeline,1.1676264,572.23,490.0797036

40-Oklahoma,18-Indiana,40-Oklahoma/18-Indiana,6-Pipeline,1.0419064,694.617,666.6788879

40-Oklahoma,19-Iowa,40-Oklahoma/19-Iowa,6-Pipeline,0,0,-

40-Oklahoma,20-Kansas,40-Oklahoma/20-Kansas,6-Pipeline,24.8833055,5689.788,228.6588492

40-Oklahoma,21-Kentucky,40-Oklahoma/21-Kentucky,6-Pipeline,0.6156771,404.054,656.2758303

40-Oklahoma,22-Louisiana,40-Oklahoma/22-Louisiana,6-Pipeline,12.3907744,5922.8068,478.0013427

40-Oklahoma,23-Maine,40-Oklahoma/23-Maine,6-Pipeline,0,0,-

40-Oklahoma,24-Maryland,40-Oklahoma/24-Maryland,6-Pipeline,0,0,-

40-Oklahoma,25-Massachusetts,40-Oklahoma/25-Massachusetts,6-Pipeline,0,0,-

40-Oklahoma,26-Michigan,40-Oklahoma/26-Michigan,6-Pipeline,0.2890133,253.7567,878.0104583

40-Oklahoma,27-Minnesota,40-Oklahoma/27-Minnesota,6-Pipeline,0.7538689,508.6299,674.6927748

40-Oklahoma,28-Mississippi,40-Oklahoma/28-Mississippi,6-Pipeline,0.3757989,154.5356,411.2188726

40-Oklahoma,29-Missouri,40-Oklahoma/29-Missouri,6-Pipeline,0.126989,43.2094,340.2609675

40-Oklahoma,30-Montana,40-Oklahoma/30-Montana,6-Pipeline,1.8112459,1539.9641,850.2236499

40-Oklahoma,31-Nebraska,40-Oklahoma/31-Nebraska,6-Pipeline,0.0100574,4.061,403.7822897

40-Oklahoma,32-Nevada,40-Oklahoma/32-Nevada,6-Pipeline,0,0,-

40-Oklahoma,33-New Hampshire,40-Oklahoma/33-New Hampshire,6-Pipeline,0,0,-

40-Oklahoma,34-New Jersey,40-Oklahoma/34-New Jersey,6-Pipeline,0,0,-

40-Oklahoma,35-New Mexico,40-Oklahoma/35-New Mexico,6-Pipeline,2.2691221,1026.2653,452.2741637

40-Oklahoma,36-New York,40-Oklahoma/36-New York,6-Pipeline,0.0246877,25.6885,1040.538406

40-Oklahoma,37-North Carolina,40-Oklahoma/37-North Carolina,6-Pipeline,0,0,-

40-Oklahoma,38-North Dakota,40-Oklahoma/38-North Dakota,6-Pipeline,2.0551839,1735.8262,844.608699

40-Oklahoma,39-Ohio,40-Oklahoma/39-Ohio,6-Pipeline,0.9048925,770.7679,851.7784157

40-Oklahoma,40-Oklahoma,40-Oklahoma/40-Oklahoma,6-Pipeline,42.8199392,4517.9804,105.5111353

40-Oklahoma,41-Oregon,40-Oklahoma/41-Oregon,6-Pipeline,0,0,-

40-Oklahoma,42-Pennsylvania,40-Oklahoma/42-Pennsylvania,6-Pipeline,0.1121166,120.7774,1077.248151

40-Oklahoma,44-Rhode Island,40-Oklahoma/44-Rhode Island,6-Pipeline,0,0,-

40-Oklahoma,45-South Carolina,40-Oklahoma/45-South Carolina,6-Pipeline,0,0,-

40-Oklahoma,46-South Dakota,40-Oklahoma/46-South Dakota,6-Pipeline,0,0,-

40-Oklahoma,47-Tennessee,40-Oklahoma/47-Tennessee,6-Pipeline,0,0,-

40-Oklahoma,48-Texas,40-Oklahoma/48-Texas,6-Pipeline,74.2448627,23298.3171,313.8037603

40-Oklahoma,49-Utah,40-Oklahoma/49-Utah,6-Pipeline,2.4113837,1793.56,743.7887218

40-Oklahoma,50-Vermont,40-Oklahoma/50-Vermont,6-Pipeline,0,0,-

40-Oklahoma,51-Virginia,40-Oklahoma/51-Virginia,6-Pipeline,0,0,-

40-Oklahoma,53-Washington,40-Oklahoma/53-Washington,6-Pipeline,0,0,-

40-Oklahoma,54-West Virginia,40-Oklahoma/54-West Virginia,6-Pipeline,0,0,-

40-Oklahoma,55-Wisconsin,40-Oklahoma/55-Wisconsin,6-Pipeline,0.0605965,42.4912,701.2154167

40-Oklahoma,56-Wyoming,40-Oklahoma/56-Wyoming,6-Pipeline,3.2827674,2059.8716,627.4802168

41-Oregon,01-Alabama,41-Oregon/01-Alabama,6-Pipeline,0,0,-

41-Oregon,02-Alaska,41-Oregon/02-Alaska,6-Pipeline,0,0,-

41-Oregon,04-Arizona,41-Oregon/04-Arizona,6-Pipeline,0,0,-

41-Oregon,05-Arkansas,41-Oregon/05-Arkansas,6-Pipeline,0,0,-

41-Oregon,06-California,41-Oregon/06-California,6-Pipeline,15.6931662,8532.4458,543.7045457

41-Oregon,08-Colorado,41-Oregon/08-Colorado,6-Pipeline,0,0,-

41-Oregon,09-Connecticut,41-Oregon/09-Connecticut,6-Pipeline,0,0,-

41-Oregon,10-Delaware,41-Oregon/10-Delaware,6-Pipeline,0,0,-

41-Oregon,11-Washington DC,41-Oregon/11-Washington DC,6-Pipeline,0,0,-

41-Oregon,12-Florida,41-Oregon/12-Florida,6-Pipeline,0,0,-

41-Oregon,13-Georgia,41-Oregon/13-Georgia,6-Pipeline,0,0,-

41-Oregon,15-Hawaii,41-Oregon/15-Hawaii,6-Pipeline,0,0,-

41-Oregon,16-Idaho,41-Oregon/16-Idaho,6-Pipeline,1.6590107,358.8699,216.315603

41-Oregon,17-Illinois,41-Oregon/17-Illinois,6-Pipeline,0,0,-

41-Oregon,18-Indiana,41-Oregon/18-Indiana,6-Pipeline,0,0,-

41-Oregon,19-Iowa,41-Oregon/19-Iowa,6-Pipeline,0,0,-

41-Oregon,20-Kansas,41-Oregon/20-Kansas,6-Pipeline,0,0,-

41-Oregon,21-Kentucky,41-Oregon/21-Kentucky,6-Pipeline,0,0,-

41-Oregon,22-Louisiana,41-Oregon/22-Louisiana,6-Pipeline,0,0,-

41-Oregon,23-Maine,41-Oregon/23-Maine,6-Pipeline,0,0,-

41-Oregon,24-Maryland,41-Oregon/24-Maryland,6-Pipeline,0,0,-

41-Oregon,25-Massachusetts,41-Oregon/25-Massachusetts,6-Pipeline,0,0,-

41-Oregon,26-Michigan,41-Oregon/26-Michigan,6-Pipeline,0,0,-

41-Oregon,27-Minnesota,41-Oregon/27-Minnesota,6-Pipeline,0,0,-

41-Oregon,28-Mississippi,41-Oregon/28-Mississippi,6-Pipeline,0,0,-

41-Oregon,29-Missouri,41-Oregon/29-Missouri,6-Pipeline,0,0,-

41-Oregon,30-Montana,41-Oregon/30-Montana,6-Pipeline,0,0,-

41-Oregon,31-Nebraska,41-Oregon/31-Nebraska,6-Pipeline,0,0,-

41-Oregon,32-Nevada,41-Oregon/32-Nevada,6-Pipeline,4.3801378,2220.2655,506.893984

41-Oregon,33-New Hampshire,41-Oregon/33-New Hampshire,6-Pipeline,0,0,-

41-Oregon,34-New Jersey,41-Oregon/34-New Jersey,6-Pipeline,0,0,-

41-Oregon,35-New Mexico,41-Oregon/35-New Mexico,6-Pipeline,0,0,-

41-Oregon,36-New York,41-Oregon/36-New York,6-Pipeline,0,0,-

41-Oregon,37-North Carolina,41-Oregon/37-North Carolina,6-Pipeline,0,0,-

41-Oregon,38-North Dakota,41-Oregon/38-North Dakota,6-Pipeline,0,0,-

41-Oregon,39-Ohio,41-Oregon/39-Ohio,6-Pipeline,0,0,-

41-Oregon,40-Oklahoma,41-Oregon/40-Oklahoma,6-Pipeline,0,0,-

41-Oregon,41-Oregon,41-Oregon/41-Oregon,6-Pipeline,12.9539214,1470.1092,113.4875807

41-Oregon,42-Pennsylvania,41-Oregon/42-Pennsylvania,6-Pipeline,0,0,-

41-Oregon,44-Rhode Island,41-Oregon/44-Rhode Island,6-Pipeline,0,0,-

41-Oregon,45-South Carolina,41-Oregon/45-South Carolina,6-Pipeline,0,0,-

41-Oregon,46-South Dakota,41-Oregon/46-South Dakota,6-Pipeline,0,0,-

41-Oregon,47-Tennessee,41-Oregon/47-Tennessee,6-Pipeline,0,0,-

41-Oregon,48-Texas,41-Oregon/48-Texas,6-Pipeline,0,0,-

41-Oregon,49-Utah,41-Oregon/49-Utah,6-Pipeline,0,0,-

41-Oregon,50-Vermont,41-Oregon/50-Vermont,6-Pipeline,0,0,-

41-Oregon,51-Virginia,41-Oregon/51-Virginia,6-Pipeline,0,0,-

41-Oregon,53-Washington,41-Oregon/53-Washington,6-Pipeline,21.7370391,4977.811,229.0013362

41-Oregon,54-West Virginia,41-Oregon/54-West Virginia,6-Pipeline,0,0,-

41-Oregon,55-Wisconsin,41-Oregon/55-Wisconsin,6-Pipeline,0,0,-

41-Oregon,56-Wyoming,41-Oregon/56-Wyoming,6-Pipeline,0,0,-

42-Pennsylvania,01-Alabama,42-Pennsylvania/01-Alabama,6-Pipeline,0,0,-

42-Pennsylvania,02-Alaska,42-Pennsylvania/02-Alaska,6-Pipeline,0,0,-

42-Pennsylvania,04-Arizona,42-Pennsylvania/04-Arizona,6-Pipeline,0,0,-

42-Pennsylvania,05-Arkansas,42-Pennsylvania/05-Arkansas,6-Pipeline,0.0008481,0.7003,825.7280981

42-Pennsylvania,06-California,42-Pennsylvania/06-California,6-Pipeline,0,0,-

42-Pennsylvania,08-Colorado,42-Pennsylvania/08-Colorado,6-Pipeline,0,0,-

42-Pennsylvania,09-Connecticut,42-Pennsylvania/09-Connecticut,6-Pipeline,0,0,-

42-Pennsylvania,10-Delaware,42-Pennsylvania/10-Delaware,6-Pipeline,5.1206518,498.2333,97.29880481

42-Pennsylvania,11-Washington DC,42-Pennsylvania/11-Washington DC,6-Pipeline,0,0,-

42-Pennsylvania,12-Florida,42-Pennsylvania/12-Florida,6-Pipeline,0,0,-

42-Pennsylvania,13-Georgia,42-Pennsylvania/13-Georgia,6-Pipeline,0,0,-

42-Pennsylvania,15-Hawaii,42-Pennsylvania/15-Hawaii,6-Pipeline,0,0,-

42-Pennsylvania,16-Idaho,42-Pennsylvania/16-Idaho,6-Pipeline,0,0,-

42-Pennsylvania,17-Illinois,42-Pennsylvania/17-Illinois,6-Pipeline,0.005412,3.0109,556.3377679

42-Pennsylvania,18-Indiana,42-Pennsylvania/18-Indiana,6-Pipeline,0.0011851,0.5141,433.8030546

42-Pennsylvania,19-Iowa,42-Pennsylvania/19-Iowa,6-Pipeline,0,0,-

42-Pennsylvania,20-Kansas,42-Pennsylvania/20-Kansas,6-Pipeline,0.0227423,23.4393,1030.647736

42-Pennsylvania,21-Kentucky,42-Pennsylvania/21-Kentucky,6-Pipeline,0.0025071,1.1637,464.1617805

42-Pennsylvania,22-Louisiana,42-Pennsylvania/22-Louisiana,6-Pipeline,0.9880039,1028.2341,1040.718665

42-Pennsylvania,23-Maine,42-Pennsylvania/23-Maine,6-Pipeline,0,0,-

42-Pennsylvania,24-Maryland,42-Pennsylvania/24-Maryland,6-Pipeline,18.487859,2925.4031,158.2337414

42-Pennsylvania,25-Massachusetts,42-Pennsylvania/25-Massachusetts,6-Pipeline,0,0,-

42-Pennsylvania,26-Michigan,42-Pennsylvania/26-Michigan,6-Pipeline,0.0034456,1.2271,356.135361

42-Pennsylvania,27-Minnesota,42-Pennsylvania/27-Minnesota,6-Pipeline,0,0,-

42-Pennsylvania,28-Mississippi,42-Pennsylvania/28-Mississippi,6-Pipeline,0.0090412,7.1199,787.4950228

42-Pennsylvania,29-Missouri,42-Pennsylvania/29-Missouri,6-Pipeline,0.0000541,0.0444,820.702403

42-Pennsylvania,30-Montana,42-Pennsylvania/30-Montana,6-Pipeline,0,0,-

42-Pennsylvania,31-Nebraska,42-Pennsylvania/31-Nebraska,6-Pipeline,0.0013958,1.4618,1047.284711

42-Pennsylvania,32-Nevada,42-Pennsylvania/32-Nevada,6-Pipeline,0,0,-

42-Pennsylvania,33-New Hampshire,42-Pennsylvania/33-New Hampshire,6-Pipeline,0,0,-

42-Pennsylvania,34-New Jersey,42-Pennsylvania/34-New Jersey,6-Pipeline,59.6958373,11847.2715,198.4605968

42-Pennsylvania,35-New Mexico,42-Pennsylvania/35-New Mexico,6-Pipeline,0.0641036,96.4534,1504.648725

42-Pennsylvania,36-New York,42-Pennsylvania/36-New York,6-Pipeline,46.3465991,10628.5466,229.327433

42-Pennsylvania,37-North Carolina,42-Pennsylvania/37-North Carolina,6-Pipeline,0,0,-

42-Pennsylvania,38-North Dakota,42-Pennsylvania/38-North Dakota,6-Pipeline,0.2852204,335.2203,1175.302678

42-Pennsylvania,39-Ohio,42-Pennsylvania/39-Ohio,6-Pipeline,10.9063689,2115.1024,193.9327763

42-Pennsylvania,40-Oklahoma,42-Pennsylvania/40-Oklahoma,6-Pipeline,0.1121166,120.7774,1077.248151

42-Pennsylvania,41-Oregon,42-Pennsylvania/41-Oregon,6-Pipeline,0,0,-

42-Pennsylvania,42-Pennsylvania,42-Pennsylvania/42-Pennsylvania,6-Pipeline,115.0040498,8939.7038,77.73381734

42-Pennsylvania,44-Rhode Island,42-Pennsylvania/44-Rhode Island,6-Pipeline,0,0,-

42-Pennsylvania,45-South Carolina,42-Pennsylvania/45-South Carolina,6-Pipeline,0,0,-

42-Pennsylvania,46-South Dakota,42-Pennsylvania/46-South Dakota,6-Pipeline,0,0,-

42-Pennsylvania,47-Tennessee,42-Pennsylvania/47-Tennessee,6-Pipeline,0,0,-

42-Pennsylvania,48-Texas,42-Pennsylvania/48-Texas,6-Pipeline,0.2564868,329.7115,1285.491105

42-Pennsylvania,49-Utah,42-Pennsylvania/49-Utah,6-Pipeline,0,0,-

42-Pennsylvania,50-Vermont,42-Pennsylvania/50-Vermont,6-Pipeline,0,0,-

42-Pennsylvania,51-Virginia,42-Pennsylvania/51-Virginia,6-Pipeline,0,0,-

42-Pennsylvania,53-Washington,42-Pennsylvania/53-Washington,6-Pipeline,0,0,-

42-Pennsylvania,54-West Virginia,42-Pennsylvania/54-West Virginia,6-Pipeline,20.6030421,3517.2031,170.7128046

42-Pennsylvania,55-Wisconsin,42-Pennsylvania/55-Wisconsin,6-Pipeline,0,0,-

42-Pennsylvania,56-Wyoming,42-Pennsylvania/56-Wyoming,6-Pipeline,0,0,-

44-Rhode Island,01-Alabama,44-Rhode Island/01-Alabama,6-Pipeline,0,0,-

44-Rhode Island,02-Alaska,44-Rhode Island/02-Alaska,6-Pipeline,0,0,-

44-Rhode Island,04-Arizona,44-Rhode Island/04-Arizona,6-Pipeline,0,0,-

44-Rhode Island,05-Arkansas,44-Rhode Island/05-Arkansas,6-Pipeline,0,0,-

44-Rhode Island,06-California,44-Rhode Island/06-California,6-Pipeline,0,0,-

44-Rhode Island,08-Colorado,44-Rhode Island/08-Colorado,6-Pipeline,0,0,-

44-Rhode Island,09-Connecticut,44-Rhode Island/09-Connecticut,6-Pipeline,5.1725903,514.536,99.4735655

44-Rhode Island,10-Delaware,44-Rhode Island/10-Delaware,6-Pipeline,0,0,-

44-Rhode Island,11-Washington DC,44-Rhode Island/11-Washington DC,6-Pipeline,0,0,-

44-Rhode Island,12-Florida,44-Rhode Island/12-Florida,6-Pipeline,0,0,-

44-Rhode Island,13-Georgia,44-Rhode Island/13-Georgia,6-Pipeline,0,0,-

44-Rhode Island,15-Hawaii,44-Rhode Island/15-Hawaii,6-Pipeline,0,0,-

44-Rhode Island,16-Idaho,44-Rhode Island/16-Idaho,6-Pipeline,0,0,-

44-Rhode Island,17-Illinois,44-Rhode Island/17-Illinois,6-Pipeline,0,0,-

44-Rhode Island,18-Indiana,44-Rhode Island/18-Indiana,6-Pipeline,0,0,-

44-Rhode Island,19-Iowa,44-Rhode Island/19-Iowa,6-Pipeline,0,0,-

44-Rhode Island,20-Kansas,44-Rhode Island/20-Kansas,6-Pipeline,0,0,-

44-Rhode Island,21-Kentucky,44-Rhode Island/21-Kentucky,6-Pipeline,0,0,-

44-Rhode Island,22-Louisiana,44-Rhode Island/22-Louisiana,6-Pipeline,0,0,-

44-Rhode Island,23-Maine,44-Rhode Island/23-Maine,6-Pipeline,0,0,-

44-Rhode Island,24-Maryland,44-Rhode Island/24-Maryland,6-Pipeline,0,0,-

44-Rhode Island,25-Massachusetts,44-Rhode Island/25-Massachusetts,6-Pipeline,4.8867871,193.1374,39.52236839

44-Rhode Island,26-Michigan,44-Rhode Island/26-Michigan,6-Pipeline,0,0,-

44-Rhode Island,27-Minnesota,44-Rhode Island/27-Minnesota,6-Pipeline,0,0,-

44-Rhode Island,28-Mississippi,44-Rhode Island/28-Mississippi,6-Pipeline,0,0,-

44-Rhode Island,29-Missouri,44-Rhode Island/29-Missouri,6-Pipeline,0,0,-

44-Rhode Island,30-Montana,44-Rhode Island/30-Montana,6-Pipeline,0,0,-

44-Rhode Island,31-Nebraska,44-Rhode Island/31-Nebraska,6-Pipeline,0,0,-

44-Rhode Island,32-Nevada,44-Rhode Island/32-Nevada,6-Pipeline,0,0,-

44-Rhode Island,33-New Hampshire,44-Rhode Island/33-New Hampshire,6-Pipeline,0,0,-

44-Rhode Island,34-New Jersey,44-Rhode Island/34-New Jersey,6-Pipeline,0,0,-

44-Rhode Island,35-New Mexico,44-Rhode Island/35-New Mexico,6-Pipeline,0,0,-

44-Rhode Island,36-New York,44-Rhode Island/36-New York,6-Pipeline,0,0,-

44-Rhode Island,37-North Carolina,44-Rhode Island/37-North Carolina,6-Pipeline,0,0,-

44-Rhode Island,38-North Dakota,44-Rhode Island/38-North Dakota,6-Pipeline,0,0,-

44-Rhode Island,39-Ohio,44-Rhode Island/39-Ohio,6-Pipeline,0,0,-

44-Rhode Island,40-Oklahoma,44-Rhode Island/40-Oklahoma,6-Pipeline,0,0,-

44-Rhode Island,41-Oregon,44-Rhode Island/41-Oregon,6-Pipeline,0,0,-

44-Rhode Island,42-Pennsylvania,44-Rhode Island/42-Pennsylvania,6-Pipeline,0,0,-

44-Rhode Island,44-Rhode Island,44-Rhode Island/44-Rhode Island,6-Pipeline,3.5731112,55.6272,15.56828122

44-Rhode Island,45-South Carolina,44-Rhode Island/45-South Carolina,6-Pipeline,0,0,-

44-Rhode Island,46-South Dakota,44-Rhode Island/46-South Dakota,6-Pipeline,0,0,-

44-Rhode Island,47-Tennessee,44-Rhode Island/47-Tennessee,6-Pipeline,0,0,-

44-Rhode Island,48-Texas,44-Rhode Island/48-Texas,6-Pipeline,0,0,-

44-Rhode Island,49-Utah,44-Rhode Island/49-Utah,6-Pipeline,0,0,-

44-Rhode Island,50-Vermont,44-Rhode Island/50-Vermont,6-Pipeline,0,0,-

44-Rhode Island,51-Virginia,44-Rhode Island/51-Virginia,6-Pipeline,0,0,-

44-Rhode Island,53-Washington,44-Rhode Island/53-Washington,6-Pipeline,0,0,-

44-Rhode Island,54-West Virginia,44-Rhode Island/54-West Virginia,6-Pipeline,0,0,-

44-Rhode Island,55-Wisconsin,44-Rhode Island/55-Wisconsin,6-Pipeline,0,0,-

44-Rhode Island,56-Wyoming,44-Rhode Island/56-Wyoming,6-Pipeline,0,0,-

45-South Carolina,01-Alabama,45-South Carolina/01-Alabama,6-Pipeline,0,0,-

45-South Carolina,02-Alaska,45-South Carolina/02-Alaska,6-Pipeline,0,0,-

45-South Carolina,04-Arizona,45-South Carolina/04-Arizona,6-Pipeline,0,0,-

45-South Carolina,05-Arkansas,45-South Carolina/05-Arkansas,6-Pipeline,0,0,-

45-South Carolina,06-California,45-South Carolina/06-California,6-Pipeline,0,0,-

45-South Carolina,08-Colorado,45-South Carolina/08-Colorado,6-Pipeline,0,0,-

45-South Carolina,09-Connecticut,45-South Carolina/09-Connecticut,6-Pipeline,0,0,-

45-South Carolina,10-Delaware,45-South Carolina/10-Delaware,6-Pipeline,0,0,-

45-South Carolina,11-Washington DC,45-South Carolina/11-Washington DC,6-Pipeline,0,0,-

45-South Carolina,12-Florida,45-South Carolina/12-Florida,6-Pipeline,0,0,-

45-South Carolina,13-Georgia,45-South Carolina/13-Georgia,6-Pipeline,21.4921452,3276.425,152.4475556

45-South Carolina,15-Hawaii,45-South Carolina/15-Hawaii,6-Pipeline,0,0,-

45-South Carolina,16-Idaho,45-South Carolina/16-Idaho,6-Pipeline,0,0,-

45-South Carolina,17-Illinois,45-South Carolina/17-Illinois,6-Pipeline,0,0,-

45-South Carolina,18-Indiana,45-South Carolina/18-Indiana,6-Pipeline,0.0370157,17.3898,469.795249

45-South Carolina,19-Iowa,45-South Carolina/19-Iowa,6-Pipeline,0,0,-

45-South Carolina,20-Kansas,45-South Carolina/20-Kansas,6-Pipeline,0,0,-

45-South Carolina,21-Kentucky,45-South Carolina/21-Kentucky,6-Pipeline,0,0,-

45-South Carolina,22-Louisiana,45-South Carolina/22-Louisiana,6-Pipeline,1.2157749,787.6745,647.878567

45-South Carolina,23-Maine,45-South Carolina/23-Maine,6-Pipeline,0,0,-

45-South Carolina,24-Maryland,45-South Carolina/24-Maryland,6-Pipeline,0,0,-

45-South Carolina,25-Massachusetts,45-South Carolina/25-Massachusetts,6-Pipeline,0,0,-

45-South Carolina,26-Michigan,45-South Carolina/26-Michigan,6-Pipeline,0,0,-

45-South Carolina,27-Minnesota,45-South Carolina/27-Minnesota,6-Pipeline,0,0,-

45-South Carolina,28-Mississippi,45-South Carolina/28-Mississippi,6-Pipeline,0.0042274,1.8371,434.5697119

45-South Carolina,29-Missouri,45-South Carolina/29-Missouri,6-Pipeline,0,0,-

45-South Carolina,30-Montana,45-South Carolina/30-Montana,6-Pipeline,0,0,-

45-South Carolina,31-Nebraska,45-South Carolina/31-Nebraska,6-Pipeline,0,0,-

45-South Carolina,32-Nevada,45-South Carolina/32-Nevada,6-Pipeline,0,0,-

45-South Carolina,33-New Hampshire,45-South Carolina/33-New Hampshire,6-Pipeline,0,0,-

45-South Carolina,34-New Jersey,45-South Carolina/34-New Jersey,6-Pipeline,0,0,-

45-South Carolina,35-New Mexico,45-South Carolina/35-New Mexico,6-Pipeline,0,0,-

45-South Carolina,36-New York,45-South Carolina/36-New York,6-Pipeline,0,0,-

45-South Carolina,37-North Carolina,45-South Carolina/37-North Carolina,6-Pipeline,6.24523,890.956,142.6618395

45-South Carolina,38-North Dakota,45-South Carolina/38-North Dakota,6-Pipeline,0,0,-

45-South Carolina,39-Ohio,45-South Carolina/39-Ohio,6-Pipeline,0,0,-

45-South Carolina,40-Oklahoma,45-South Carolina/40-Oklahoma,6-Pipeline,0,0,-

45-South Carolina,41-Oregon,45-South Carolina/41-Oregon,6-Pipeline,0,0,-

45-South Carolina,42-Pennsylvania,45-South Carolina/42-Pennsylvania,6-Pipeline,0,0,-

45-South Carolina,44-Rhode Island,45-South Carolina/44-Rhode Island,6-Pipeline,0,0,-

45-South Carolina,45-South Carolina,45-South Carolina/45-South Carolina,6-Pipeline,12.88572,1069.3816,82.98966608

45-South Carolina,46-South Dakota,45-South Carolina/46-South Dakota,6-Pipeline,0,0,-

45-South Carolina,47-Tennessee,45-South Carolina/47-Tennessee,6-Pipeline,0,0,-

45-South Carolina,48-Texas,45-South Carolina/48-Texas,6-Pipeline,0.0968149,89.9483,929.0749668

45-South Carolina,49-Utah,45-South Carolina/49-Utah,6-Pipeline,0,0,-

45-South Carolina,50-Vermont,45-South Carolina/50-Vermont,6-Pipeline,0,0,-

45-South Carolina,51-Virginia,45-South Carolina/51-Virginia,6-Pipeline,0,0,-

45-South Carolina,53-Washington,45-South Carolina/53-Washington,6-Pipeline,0,0,-

45-South Carolina,54-West Virginia,45-South Carolina/54-West Virginia,6-Pipeline,0,0,-

45-South Carolina,55-Wisconsin,45-South Carolina/55-Wisconsin,6-Pipeline,0,0,-

45-South Carolina,56-Wyoming,45-South Carolina/56-Wyoming,6-Pipeline,0,0,-

46-South Dakota,01-Alabama,46-South Dakota/01-Alabama,6-Pipeline,0,0,-

46-South Dakota,02-Alaska,46-South Dakota/02-Alaska,6-Pipeline,0,0,-

46-South Dakota,04-Arizona,46-South Dakota/04-Arizona,6-Pipeline,0,0,-

46-South Dakota,05-Arkansas,46-South Dakota/05-Arkansas,6-Pipeline,0,0,-

46-South Dakota,06-California,46-South Dakota/06-California,6-Pipeline,0,0,-

46-South Dakota,08-Colorado,46-South Dakota/08-Colorado,6-Pipeline,0,0,-

46-South Dakota,09-Connecticut,46-South Dakota/09-Connecticut,6-Pipeline,0,0,-

46-South Dakota,10-Delaware,46-South Dakota/10-Delaware,6-Pipeline,0,0,-

46-South Dakota,11-Washington DC,46-South Dakota/11-Washington DC,6-Pipeline,0,0,-

46-South Dakota,12-Florida,46-South Dakota/12-Florida,6-Pipeline,0,0,-

46-South Dakota,13-Georgia,46-South Dakota/13-Georgia,6-Pipeline,0,0,-

46-South Dakota,15-Hawaii,46-South Dakota/15-Hawaii,6-Pipeline,0,0,-

46-South Dakota,16-Idaho,46-South Dakota/16-Idaho,6-Pipeline,0,0,-

46-South Dakota,17-Illinois,46-South Dakota/17-Illinois,6-Pipeline,0.0030142,1.93,640.3025678

46-South Dakota,18-Indiana,46-South Dakota/18-Indiana,6-Pipeline,0,0,-

46-South Dakota,19-Iowa,46-South Dakota/19-Iowa,6-Pipeline,0.069857,11.9354,170.8547461

46-South Dakota,20-Kansas,46-South Dakota/20-Kansas,6-Pipeline,0,0,-

46-South Dakota,21-Kentucky,46-South Dakota/21-Kentucky,6-Pipeline,0,0,-

46-South Dakota,22-Louisiana,46-South Dakota/22-Louisiana,6-Pipeline,0,0,-

46-South Dakota,23-Maine,46-South Dakota/23-Maine,6-Pipeline,0,0,-

46-South Dakota,24-Maryland,46-South Dakota/24-Maryland,6-Pipeline,0,0,-

46-South Dakota,25-Massachusetts,46-South Dakota/25-Massachusetts,6-Pipeline,0,0,-

46-South Dakota,26-Michigan,46-South Dakota/26-Michigan,6-Pipeline,0,0,-

46-South Dakota,27-Minnesota,46-South Dakota/27-Minnesota,6-Pipeline,17.6337077,3982.3162,225.8354436

46-South Dakota,28-Mississippi,46-South Dakota/28-Mississippi,6-Pipeline,0,0,-

46-South Dakota,29-Missouri,46-South Dakota/29-Missouri,6-Pipeline,0,0,-

46-South Dakota,30-Montana,46-South Dakota/30-Montana,6-Pipeline,0,0,-

46-South Dakota,31-Nebraska,46-South Dakota/31-Nebraska,6-Pipeline,0.2558119,47.9286,187.3587585

46-South Dakota,32-Nevada,46-South Dakota/32-Nevada,6-Pipeline,0,0,-

46-South Dakota,33-New Hampshire,46-South Dakota/33-New Hampshire,6-Pipeline,0,0,-

46-South Dakota,34-New Jersey,46-South Dakota/34-New Jersey,6-Pipeline,0,0,-

46-South Dakota,35-New Mexico,46-South Dakota/35-New Mexico,6-Pipeline,0,0,-

46-South Dakota,36-New York,46-South Dakota/36-New York,6-Pipeline,0,0,-

46-South Dakota,37-North Carolina,46-South Dakota/37-North Carolina,6-Pipeline,0,0,-

46-South Dakota,38-North Dakota,46-South Dakota/38-North Dakota,6-Pipeline,19.358129,4459.8515,230.3864955

46-South Dakota,39-Ohio,46-South Dakota/39-Ohio,6-Pipeline,0,0,-

46-South Dakota,40-Oklahoma,46-South Dakota/40-Oklahoma,6-Pipeline,0,0,-

46-South Dakota,41-Oregon,46-South Dakota/41-Oregon,6-Pipeline,0,0,-

46-South Dakota,42-Pennsylvania,46-South Dakota/42-Pennsylvania,6-Pipeline,0,0,-

46-South Dakota,44-Rhode Island,46-South Dakota/44-Rhode Island,6-Pipeline,0,0,-

46-South Dakota,45-South Carolina,46-South Dakota/45-South Carolina,6-Pipeline,0,0,-

46-South Dakota,46-South Dakota,46-South Dakota/46-South Dakota,6-Pipeline,4.0529682,435.1994,107.3779459

46-South Dakota,47-Tennessee,46-South Dakota/47-Tennessee,6-Pipeline,0,0,-

46-South Dakota,48-Texas,46-South Dakota/48-Texas,6-Pipeline,0,0,-

46-South Dakota,49-Utah,46-South Dakota/49-Utah,6-Pipeline,0,0,-

46-South Dakota,50-Vermont,46-South Dakota/50-Vermont,6-Pipeline,0,0,-

46-South Dakota,51-Virginia,46-South Dakota/51-Virginia,6-Pipeline,0,0,-

46-South Dakota,53-Washington,46-South Dakota/53-Washington,6-Pipeline,0,0,-

46-South Dakota,54-West Virginia,46-South Dakota/54-West Virginia,6-Pipeline,0,0,-

46-South Dakota,55-Wisconsin,46-South Dakota/55-Wisconsin,6-Pipeline,0,0,-

46-South Dakota,56-Wyoming,46-South Dakota/56-Wyoming,6-Pipeline,0.0943565,24.5651,260.3434846

47-Tennessee,01-Alabama,47-Tennessee/01-Alabama,6-Pipeline,31.1603755,7016.0744,225.1601365

47-Tennessee,02-Alaska,47-Tennessee/02-Alaska,6-Pipeline,0,0,-

47-Tennessee,04-Arizona,47-Tennessee/04-Arizona,6-Pipeline,0,0,-

47-Tennessee,05-Arkansas,47-Tennessee/05-Arkansas,6-Pipeline,0.0743289,31.5721,424.7621046

47-Tennessee,06-California,47-Tennessee/06-California,6-Pipeline,0,0,-

47-Tennessee,08-Colorado,47-Tennessee/08-Colorado,6-Pipeline,0,0,-

47-Tennessee,09-Connecticut,47-Tennessee/09-Connecticut,6-Pipeline,0,0,-

47-Tennessee,10-Delaware,47-Tennessee/10-Delaware,6-Pipeline,0,0,-

47-Tennessee,11-Washington DC,47-Tennessee/11-Washington DC,6-Pipeline,0,0,-

47-Tennessee,12-Florida,47-Tennessee/12-Florida,6-Pipeline,0,0,-

47-Tennessee,13-Georgia,47-Tennessee/13-Georgia,6-Pipeline,1.1258475,261.107,231.9203977

47-Tennessee,15-Hawaii,47-Tennessee/15-Hawaii,6-Pipeline,0,0,-

47-Tennessee,16-Idaho,47-Tennessee/16-Idaho,6-Pipeline,0,0,-

47-Tennessee,17-Illinois,47-Tennessee/17-Illinois,6-Pipeline,0,0,-

47-Tennessee,18-Indiana,47-Tennessee/18-Indiana,6-Pipeline,0.000782,0.3044,389.258312

47-Tennessee,19-Iowa,47-Tennessee/19-Iowa,6-Pipeline,0,0,-

47-Tennessee,20-Kansas,47-Tennessee/20-Kansas,6-Pipeline,0,0,-

47-Tennessee,21-Kentucky,47-Tennessee/21-Kentucky,6-Pipeline,57.7001875,8269.2629,143.3143159

47-Tennessee,22-Louisiana,47-Tennessee/22-Louisiana,6-Pipeline,4.4742095,2159.129,482.5721728

47-Tennessee,23-Maine,47-Tennessee/23-Maine,6-Pipeline,0,0,-

47-Tennessee,24-Maryland,47-Tennessee/24-Maryland,6-Pipeline,0,0,-

47-Tennessee,25-Massachusetts,47-Tennessee/25-Massachusetts,6-Pipeline,0,0,-

47-Tennessee,26-Michigan,47-Tennessee/26-Michigan,6-Pipeline,0.0002363,0.1095,463.3939907

47-Tennessee,27-Minnesota,47-Tennessee/27-Minnesota,6-Pipeline,0,0,-

47-Tennessee,28-Mississippi,47-Tennessee/28-Mississippi,6-Pipeline,21.5685169,4595.5684,213.0683543

47-Tennessee,29-Missouri,47-Tennessee/29-Missouri,6-Pipeline,0,0,-

47-Tennessee,30-Montana,47-Tennessee/30-Montana,6-Pipeline,0,0,-

47-Tennessee,31-Nebraska,47-Tennessee/31-Nebraska,6-Pipeline,0,0,-

47-Tennessee,32-Nevada,47-Tennessee/32-Nevada,6-Pipeline,0,0,-

47-Tennessee,33-New Hampshire,47-Tennessee/33-New Hampshire,6-Pipeline,0,0,-

47-Tennessee,34-New Jersey,47-Tennessee/34-New Jersey,6-Pipeline,0,0,-

47-Tennessee,35-New Mexico,47-Tennessee/35-New Mexico,6-Pipeline,0,0,-

47-Tennessee,36-New York,47-Tennessee/36-New York,6-Pipeline,0,0,-

47-Tennessee,37-North Carolina,47-Tennessee/37-North Carolina,6-Pipeline,0,0,-

47-Tennessee,38-North Dakota,47-Tennessee/38-North Dakota,6-Pipeline,0,0,-

47-Tennessee,39-Ohio,47-Tennessee/39-Ohio,6-Pipeline,0.0001826,0.0721,394.8521358

47-Tennessee,40-Oklahoma,47-Tennessee/40-Oklahoma,6-Pipeline,0,0,-

47-Tennessee,41-Oregon,47-Tennessee/41-Oregon,6-Pipeline,0,0,-

47-Tennessee,42-Pennsylvania,47-Tennessee/42-Pennsylvania,6-Pipeline,0,0,-

47-Tennessee,44-Rhode Island,47-Tennessee/44-Rhode Island,6-Pipeline,0,0,-

47-Tennessee,45-South Carolina,47-Tennessee/45-South Carolina,6-Pipeline,0,0,-

47-Tennessee,46-South Dakota,47-Tennessee/46-South Dakota,6-Pipeline,0,0,-

47-Tennessee,47-Tennessee,47-Tennessee/47-Tennessee,6-Pipeline,21.050414,1707.1612,81.09869953

47-Tennessee,48-Texas,47-Tennessee/48-Texas,6-Pipeline,0.0745935,57.6278,772.5579307

47-Tennessee,49-Utah,47-Tennessee/49-Utah,6-Pipeline,0,0,-

47-Tennessee,50-Vermont,47-Tennessee/50-Vermont,6-Pipeline,0,0,-

47-Tennessee,51-Virginia,47-Tennessee/51-Virginia,6-Pipeline,2.3431476,719.1157,306.9015797

47-Tennessee,53-Washington,47-Tennessee/53-Washington,6-Pipeline,0,0,-

47-Tennessee,54-West Virginia,47-Tennessee/54-West Virginia,6-Pipeline,0,0,-

47-Tennessee,55-Wisconsin,47-Tennessee/55-Wisconsin,6-Pipeline,0,0,-

47-Tennessee,56-Wyoming,47-Tennessee/56-Wyoming,6-Pipeline,0,0,-

48-Texas,01-Alabama,48-Texas/01-Alabama,6-Pipeline,3.5414922,2273.9618,642.0914325

48-Texas,02-Alaska,48-Texas/02-Alaska,6-Pipeline,0,0,-

48-Texas,04-Arizona,48-Texas/04-Arizona,6-Pipeline,0,0,-

48-Texas,05-Arkansas,48-Texas/05-Arkansas,6-Pipeline,1.8398419,587.0922,319.0992661

48-Texas,06-California,48-Texas/06-California,6-Pipeline,0.1834288,298.6282,1628.03333

48-Texas,08-Colorado,48-Texas/08-Colorado,6-Pipeline,1.7052818,809.0408,474.4323196

48-Texas,09-Connecticut,48-Texas/09-Connecticut,6-Pipeline,2.1564986,3186.021,1477.404622

48-Texas,10-Delaware,48-Texas/10-Delaware,6-Pipeline,0,0,-

48-Texas,11-Washington DC,48-Texas/11-Washington DC,6-Pipeline,0,0,-

48-Texas,12-Florida,48-Texas/12-Florida,6-Pipeline,0.1612367,96.6424,599.3821506

48-Texas,13-Georgia,48-Texas/13-Georgia,6-Pipeline,0.0000245,0.0177,722.4489796

48-Texas,15-Hawaii,48-Texas/15-Hawaii,6-Pipeline,0,0,-

48-Texas,16-Idaho,48-Texas/16-Idaho,6-Pipeline,0,0,-

48-Texas,17-Illinois,48-Texas/17-Illinois,6-Pipeline,11.9600461,9111.5044,761.8285351

48-Texas,18-Indiana,48-Texas/18-Indiana,6-Pipeline,7.0370616,6211.7548,882.7199694

48-Texas,19-Iowa,48-Texas/19-Iowa,6-Pipeline,0,0,-

48-Texas,20-Kansas,48-Texas/20-Kansas,6-Pipeline,10.3903007,4825.3545,464.4095142

48-Texas,21-Kentucky,48-Texas/21-Kentucky,6-Pipeline,4.455672,3717.6262,834.3581395

48-Texas,22-Louisiana,48-Texas/22-Louisiana,6-Pipeline,174.6014886,68870.0887,394.4415895

48-Texas,23-Maine,48-Texas/23-Maine,6-Pipeline,0,0,-

48-Texas,24-Maryland,48-Texas/24-Maryland,6-Pipeline,0,0,-

48-Texas,25-Massachusetts,48-Texas/25-Massachusetts,6-Pipeline,0,0,-

48-Texas,26-Michigan,48-Texas/26-Michigan,6-Pipeline,2.5619909,2833.4257,1105.946824

48-Texas,27-Minnesota,48-Texas/27-Minnesota,6-Pipeline,6.2379247,5248.0528,841.3139069

48-Texas,28-Mississippi,48-Texas/28-Mississippi,6-Pipeline,3.5593677,1423.8239,400.0215825

48-Texas,29-Missouri,48-Texas/29-Missouri,6-Pipeline,0.0066819,4.3026,643.9186459

48-Texas,30-Montana,48-Texas/30-Montana,6-Pipeline,0.0318206,40.7862,1281.754587

48-Texas,31-Nebraska,48-Texas/31-Nebraska,6-Pipeline,1.7331089,1392.3051,803.3569616

48-Texas,32-Nevada,48-Texas/32-Nevada,6-Pipeline,0,0,-

48-Texas,33-New Hampshire,48-Texas/33-New Hampshire,6-Pipeline,0,0,-

48-Texas,34-New Jersey,48-Texas/34-New Jersey,6-Pipeline,0,0,-

48-Texas,35-New Mexico,48-Texas/35-New Mexico,6-Pipeline,42.5346851,21681.4341,509.7353853

48-Texas,36-New York,48-Texas/36-New York,6-Pipeline,0.1811901,254.3471,1403.758263

48-Texas,37-North Carolina,48-Texas/37-North Carolina,6-Pipeline,0,0,-

48-Texas,38-North Dakota,48-Texas/38-North Dakota,6-Pipeline,34.7209022,43684.0141,1258.147437

48-Texas,39-Ohio,48-Texas/39-Ohio,6-Pipeline,6.7001942,7108.3337,1060.914578

48-Texas,40-Oklahoma,48-Texas/40-Oklahoma,6-Pipeline,74.2448627,23298.3171,313.8037603

48-Texas,41-Oregon,48-Texas/41-Oregon,6-Pipeline,0,0,-

48-Texas,42-Pennsylvania,48-Texas/42-Pennsylvania,6-Pipeline,0.2564868,329.7115,1285.491105

48-Texas,44-Rhode Island,48-Texas/44-Rhode Island,6-Pipeline,0,0,-

48-Texas,45-South Carolina,48-Texas/45-South Carolina,6-Pipeline,0.0968149,89.9483,929.0749668

48-Texas,46-South Dakota,48-Texas/46-South Dakota,6-Pipeline,0,0,-

48-Texas,47-Tennessee,48-Texas/47-Tennessee,6-Pipeline,0.0745935,57.6278,772.5579307

48-Texas,48-Texas,48-Texas/48-Texas,6-Pipeline,770.9796892,110598.2372,143.4515575

48-Texas,49-Utah,48-Texas/49-Utah,6-Pipeline,0.0640996,65.9453,1028.794251

48-Texas,50-Vermont,48-Texas/50-Vermont,6-Pipeline,0,0,-

48-Texas,51-Virginia,48-Texas/51-Virginia,6-Pipeline,0.0933999,128.3012,1373.675989

48-Texas,53-Washington,48-Texas/53-Washington,6-Pipeline,0,0,-

48-Texas,54-West Virginia,48-Texas/54-West Virginia,6-Pipeline,0,0,-

48-Texas,55-Wisconsin,48-Texas/55-Wisconsin,6-Pipeline,0.5840312,523.0238,895.5408547

48-Texas,56-Wyoming,48-Texas/56-Wyoming,6-Pipeline,0.1353915,141.6908,1046.526554

49-Utah,01-Alabama,49-Utah/01-Alabama,6-Pipeline,0.0018605,2.5542,1372.856759

49-Utah,02-Alaska,49-Utah/02-Alaska,6-Pipeline,0,0,-

49-Utah,04-Arizona,49-Utah/04-Arizona,6-Pipeline,0.0005164,0.2276,440.7436096

49-Utah,05-Arkansas,49-Utah/05-Arkansas,6-Pipeline,0,0,-

49-Utah,06-California,49-Utah/06-California,6-Pipeline,0,0,-

49-Utah,08-Colorado,49-Utah/08-Colorado,6-Pipeline,1.3796522,432.3722,313.3921723

49-Utah,09-Connecticut,49-Utah/09-Connecticut,6-Pipeline,0,0,-

49-Utah,10-Delaware,49-Utah/10-Delaware,6-Pipeline,0,0,-

49-Utah,11-Washington DC,49-Utah/11-Washington DC,6-Pipeline,0,0,-

49-Utah,12-Florida,49-Utah/12-Florida,6-Pipeline,0,0,-

49-Utah,13-Georgia,49-Utah/13-Georgia,6-Pipeline,0,0,-

49-Utah,15-Hawaii,49-Utah/15-Hawaii,6-Pipeline,0,0,-

49-Utah,16-Idaho,49-Utah/16-Idaho,6-Pipeline,0.765587,230.7632,301.4199562

49-Utah,17-Illinois,49-Utah/17-Illinois,6-Pipeline,1.3079536,1443.1397,1103.356954

49-Utah,18-Indiana,49-Utah/18-Indiana,6-Pipeline,0.9840926,1170.5087,1189.42943

49-Utah,19-Iowa,49-Utah/19-Iowa,6-Pipeline,0,0,-

49-Utah,20-Kansas,49-Utah/20-Kansas,6-Pipeline,1.0544297,692.3325,656.5942708

49-Utah,21-Kentucky,49-Utah/21-Kentucky,6-Pipeline,0.6298462,841.7303,1336.406094

49-Utah,22-Louisiana,49-Utah/22-Louisiana,6-Pipeline,0.0494026,61.3923,1242.693704

49-Utah,23-Maine,49-Utah/23-Maine,6-Pipeline,0,0,-

49-Utah,24-Maryland,49-Utah/24-Maryland,6-Pipeline,0,0,-

49-Utah,25-Massachusetts,49-Utah/25-Massachusetts,6-Pipeline,0,0,-

49-Utah,26-Michigan,49-Utah/26-Michigan,6-Pipeline,0.3296062,451.9771,1371.263951

49-Utah,27-Minnesota,49-Utah/27-Minnesota,6-Pipeline,0.8536235,775.7268,908.7458347

49-Utah,28-Mississippi,49-Utah/28-Mississippi,6-Pipeline,0.0004642,0.5612,1208.961654

49-Utah,29-Missouri,49-Utah/29-Missouri,6-Pipeline,0.0006217,0.5879,945.6329419

49-Utah,30-Montana,49-Utah/30-Montana,6-Pipeline,0.0744268,29.839,400.9174115

49-Utah,31-Nebraska,49-Utah/31-Nebraska,6-Pipeline,0.0160345,7.4903,467.136487

49-Utah,32-Nevada,49-Utah/32-Nevada,6-Pipeline,20.106369,4822.3605,239.842435

49-Utah,33-New Hampshire,49-Utah/33-New Hampshire,6-Pipeline,0,0,-

49-Utah,34-New Jersey,49-Utah/34-New Jersey,6-Pipeline,0,0,-

49-Utah,35-New Mexico,49-Utah/35-New Mexico,6-Pipeline,0.0015288,0.527,344.714809

49-Utah,36-New York,49-Utah/36-New York,6-Pipeline,0,0,-

49-Utah,37-North Carolina,49-Utah/37-North Carolina,6-Pipeline,0,0,-

49-Utah,38-North Dakota,49-Utah/38-North Dakota,6-Pipeline,3.2765819,2113.986,645.1802716

49-Utah,39-Ohio,49-Utah/39-Ohio,6-Pipeline,0.9836669,1393.1394,1416.271504

49-Utah,40-Oklahoma,49-Utah/40-Oklahoma,6-Pipeline,2.4113837,1793.56,743.7887218

49-Utah,41-Oregon,49-Utah/41-Oregon,6-Pipeline,0,0,-

49-Utah,42-Pennsylvania,49-Utah/42-Pennsylvania,6-Pipeline,0,0,-

49-Utah,44-Rhode Island,49-Utah/44-Rhode Island,6-Pipeline,0,0,-

49-Utah,45-South Carolina,49-Utah/45-South Carolina,6-Pipeline,0,0,-

49-Utah,46-South Dakota,49-Utah/46-South Dakota,6-Pipeline,0,0,-

49-Utah,47-Tennessee,49-Utah/47-Tennessee,6-Pipeline,0,0,-

49-Utah,48-Texas,49-Utah/48-Texas,6-Pipeline,0.0640996,65.9453,1028.794251

49-Utah,49-Utah,49-Utah/49-Utah,6-Pipeline,31.9840652,2188.819,68.43467165

49-Utah,50-Vermont,49-Utah/50-Vermont,6-Pipeline,0,0,-

49-Utah,51-Virginia,49-Utah/51-Virginia,6-Pipeline,0,0,-

49-Utah,53-Washington,49-Utah/53-Washington,6-Pipeline,0,0,-

49-Utah,54-West Virginia,49-Utah/54-West Virginia,6-Pipeline,0,0,-

49-Utah,55-Wisconsin,49-Utah/55-Wisconsin,6-Pipeline,0.0834915,86.8204,1039.871125

49-Utah,56-Wyoming,49-Utah/56-Wyoming,6-Pipeline,23.80235,7089.4502,297.8466496

50-Vermont,01-Alabama,50-Vermont/01-Alabama,6-Pipeline,0,0,-

50-Vermont,02-Alaska,50-Vermont/02-Alaska,6-Pipeline,0,0,-

50-Vermont,04-Arizona,50-Vermont/04-Arizona,6-Pipeline,0,0,-

50-Vermont,05-Arkansas,50-Vermont/05-Arkansas,6-Pipeline,0,0,-

50-Vermont,06-California,50-Vermont/06-California,6-Pipeline,0,0,-

50-Vermont,08-Colorado,50-Vermont/08-Colorado,6-Pipeline,0,0,-

50-Vermont,09-Connecticut,50-Vermont/09-Connecticut,6-Pipeline,0,0,-

50-Vermont,10-Delaware,50-Vermont/10-Delaware,6-Pipeline,0,0,-

50-Vermont,11-Washington DC,50-Vermont/11-Washington DC,6-Pipeline,0,0,-

50-Vermont,12-Florida,50-Vermont/12-Florida,6-Pipeline,0,0,-

50-Vermont,13-Georgia,50-Vermont/13-Georgia,6-Pipeline,0,0,-

50-Vermont,15-Hawaii,50-Vermont/15-Hawaii,6-Pipeline,0,0,-

50-Vermont,16-Idaho,50-Vermont/16-Idaho,6-Pipeline,0,0,-

50-Vermont,17-Illinois,50-Vermont/17-Illinois,6-Pipeline,0,0,-

50-Vermont,18-Indiana,50-Vermont/18-Indiana,6-Pipeline,0,0,-

50-Vermont,19-Iowa,50-Vermont/19-Iowa,6-Pipeline,0,0,-

50-Vermont,20-Kansas,50-Vermont/20-Kansas,6-Pipeline,0,0,-

50-Vermont,21-Kentucky,50-Vermont/21-Kentucky,6-Pipeline,0,0,-

50-Vermont,22-Louisiana,50-Vermont/22-Louisiana,6-Pipeline,0,0,-

50-Vermont,23-Maine,50-Vermont/23-Maine,6-Pipeline,0,0,-

50-Vermont,24-Maryland,50-Vermont/24-Maryland,6-Pipeline,0,0,-

50-Vermont,25-Massachusetts,50-Vermont/25-Massachusetts,6-Pipeline,0,0,-

50-Vermont,26-Michigan,50-Vermont/26-Michigan,6-Pipeline,0,0,-

50-Vermont,27-Minnesota,50-Vermont/27-Minnesota,6-Pipeline,0,0,-

50-Vermont,28-Mississippi,50-Vermont/28-Mississippi,6-Pipeline,0,0,-

50-Vermont,29-Missouri,50-Vermont/29-Missouri,6-Pipeline,0,0,-

50-Vermont,30-Montana,50-Vermont/30-Montana,6-Pipeline,0,0,-

50-Vermont,31-Nebraska,50-Vermont/31-Nebraska,6-Pipeline,0,0,-

50-Vermont,32-Nevada,50-Vermont/32-Nevada,6-Pipeline,0,0,-

50-Vermont,33-New Hampshire,50-Vermont/33-New Hampshire,6-Pipeline,0,0,-

50-Vermont,34-New Jersey,50-Vermont/34-New Jersey,6-Pipeline,0,0,-

50-Vermont,35-New Mexico,50-Vermont/35-New Mexico,6-Pipeline,0,0,-

50-Vermont,36-New York,50-Vermont/36-New York,6-Pipeline,0,0,-

50-Vermont,37-North Carolina,50-Vermont/37-North Carolina,6-Pipeline,0,0,-

50-Vermont,38-North Dakota,50-Vermont/38-North Dakota,6-Pipeline,0,0,-

50-Vermont,39-Ohio,50-Vermont/39-Ohio,6-Pipeline,0,0,-

50-Vermont,40-Oklahoma,50-Vermont/40-Oklahoma,6-Pipeline,0,0,-

50-Vermont,41-Oregon,50-Vermont/41-Oregon,6-Pipeline,0,0,-

50-Vermont,42-Pennsylvania,50-Vermont/42-Pennsylvania,6-Pipeline,0,0,-

50-Vermont,44-Rhode Island,50-Vermont/44-Rhode Island,6-Pipeline,0,0,-

50-Vermont,45-South Carolina,50-Vermont/45-South Carolina,6-Pipeline,0,0,-

50-Vermont,46-South Dakota,50-Vermont/46-South Dakota,6-Pipeline,0,0,-

50-Vermont,47-Tennessee,50-Vermont/47-Tennessee,6-Pipeline,0,0,-

50-Vermont,48-Texas,50-Vermont/48-Texas,6-Pipeline,0,0,-

50-Vermont,49-Utah,50-Vermont/49-Utah,6-Pipeline,0,0,-

50-Vermont,50-Vermont,50-Vermont/50-Vermont,6-Pipeline,0,0,-

50-Vermont,51-Virginia,50-Vermont/51-Virginia,6-Pipeline,0,0,-

50-Vermont,53-Washington,50-Vermont/53-Washington,6-Pipeline,0,0,-

50-Vermont,54-West Virginia,50-Vermont/54-West Virginia,6-Pipeline,0,0,-

50-Vermont,55-Wisconsin,50-Vermont/55-Wisconsin,6-Pipeline,0,0,-

50-Vermont,56-Wyoming,50-Vermont/56-Wyoming,6-Pipeline,0,0,-

51-Virginia,01-Alabama,51-Virginia/01-Alabama,6-Pipeline,0,0,-

51-Virginia,02-Alaska,51-Virginia/02-Alaska,6-Pipeline,0,0,-

51-Virginia,04-Arizona,51-Virginia/04-Arizona,6-Pipeline,0,0,-

51-Virginia,05-Arkansas,51-Virginia/05-Arkansas,6-Pipeline,0,0,-

51-Virginia,06-California,51-Virginia/06-California,6-Pipeline,0,0,-

51-Virginia,08-Colorado,51-Virginia/08-Colorado,6-Pipeline,0,0,-

51-Virginia,09-Connecticut,51-Virginia/09-Connecticut,6-Pipeline,0,0,-

51-Virginia,10-Delaware,51-Virginia/10-Delaware,6-Pipeline,0,0,-

51-Virginia,11-Washington DC,51-Virginia/11-Washington DC,6-Pipeline,0.4663459,63.6544,136.4961073

51-Virginia,12-Florida,51-Virginia/12-Florida,6-Pipeline,0,0,-

51-Virginia,13-Georgia,51-Virginia/13-Georgia,6-Pipeline,0,0,-

51-Virginia,15-Hawaii,51-Virginia/15-Hawaii,6-Pipeline,0,0,-

51-Virginia,16-Idaho,51-Virginia/16-Idaho,6-Pipeline,0,0,-

51-Virginia,17-Illinois,51-Virginia/17-Illinois,6-Pipeline,0,0,-

51-Virginia,18-Indiana,51-Virginia/18-Indiana,6-Pipeline,0.0419662,18.3789,437.9452988

51-Virginia,19-Iowa,51-Virginia/19-Iowa,6-Pipeline,0,0,-

51-Virginia,20-Kansas,51-Virginia/20-Kansas,6-Pipeline,0,0,-

51-Virginia,21-Kentucky,51-Virginia/21-Kentucky,6-Pipeline,0.1136391,39.9635,351.6703318

51-Virginia,22-Louisiana,51-Virginia/22-Louisiana,6-Pipeline,2.6683401,2450.8736,918.501206

51-Virginia,23-Maine,51-Virginia/23-Maine,6-Pipeline,0,0,-

51-Virginia,24-Maryland,51-Virginia/24-Maryland,6-Pipeline,28.008203,3094.4417,110.4834073

51-Virginia,25-Massachusetts,51-Virginia/25-Massachusetts,6-Pipeline,0,0,-

51-Virginia,26-Michigan,51-Virginia/26-Michigan,6-Pipeline,0,0,-

51-Virginia,27-Minnesota,51-Virginia/27-Minnesota,6-Pipeline,0,0,-

51-Virginia,28-Mississippi,51-Virginia/28-Mississippi,6-Pipeline,0,0,-

51-Virginia,29-Missouri,51-Virginia/29-Missouri,6-Pipeline,0,0,-

51-Virginia,30-Montana,51-Virginia/30-Montana,6-Pipeline,0,0,-

51-Virginia,31-Nebraska,51-Virginia/31-Nebraska,6-Pipeline,0,0,-

51-Virginia,32-Nevada,51-Virginia/32-Nevada,6-Pipeline,0,0,-

51-Virginia,33-New Hampshire,51-Virginia/33-New Hampshire,6-Pipeline,0,0,-

51-Virginia,34-New Jersey,51-Virginia/34-New Jersey,6-Pipeline,0,0,-

51-Virginia,35-New Mexico,51-Virginia/35-New Mexico,6-Pipeline,0,0,-

51-Virginia,36-New York,51-Virginia/36-New York,6-Pipeline,0,0,-

51-Virginia,37-North Carolina,51-Virginia/37-North Carolina,6-Pipeline,13.8316164,1918.6875,138.7175182

51-Virginia,38-North Dakota,51-Virginia/38-North Dakota,6-Pipeline,0,0,-

51-Virginia,39-Ohio,51-Virginia/39-Ohio,6-Pipeline,0,0,-

51-Virginia,40-Oklahoma,51-Virginia/40-Oklahoma,6-Pipeline,0,0,-

51-Virginia,41-Oregon,51-Virginia/41-Oregon,6-Pipeline,0,0,-

51-Virginia,42-Pennsylvania,51-Virginia/42-Pennsylvania,6-Pipeline,0,0,-

51-Virginia,44-Rhode Island,51-Virginia/44-Rhode Island,6-Pipeline,0,0,-

51-Virginia,45-South Carolina,51-Virginia/45-South Carolina,6-Pipeline,0,0,-

51-Virginia,46-South Dakota,51-Virginia/46-South Dakota,6-Pipeline,0,0,-

51-Virginia,47-Tennessee,51-Virginia/47-Tennessee,6-Pipeline,2.3431476,719.1157,306.9015797

51-Virginia,48-Texas,51-Virginia/48-Texas,6-Pipeline,0.0933999,128.3012,1373.675989

51-Virginia,49-Utah,51-Virginia/49-Utah,6-Pipeline,0,0,-

51-Virginia,50-Vermont,51-Virginia/50-Vermont,6-Pipeline,0,0,-

51-Virginia,51-Virginia,51-Virginia/51-Virginia,6-Pipeline,27.3343058,3053.642,111.7146352

51-Virginia,53-Washington,51-Virginia/53-Washington,6-Pipeline,0,0,-

51-Virginia,54-West Virginia,51-Virginia/54-West Virginia,6-Pipeline,14.2690132,2198.518,154.076387

51-Virginia,55-Wisconsin,51-Virginia/55-Wisconsin,6-Pipeline,0,0,-

51-Virginia,56-Wyoming,51-Virginia/56-Wyoming,6-Pipeline,0,0,-

53-Washington,01-Alabama,53-Washington/01-Alabama,6-Pipeline,0,0,-

53-Washington,02-Alaska,53-Washington/02-Alaska,6-Pipeline,0,0,-

53-Washington,04-Arizona,53-Washington/04-Arizona,6-Pipeline,0,0,-

53-Washington,05-Arkansas,53-Washington/05-Arkansas,6-Pipeline,0,0,-

53-Washington,06-California,53-Washington/06-California,6-Pipeline,0.027887,18.6384,668.3544304

53-Washington,08-Colorado,53-Washington/08-Colorado,6-Pipeline,0,0,-

53-Washington,09-Connecticut,53-Washington/09-Connecticut,6-Pipeline,0,0,-

53-Washington,10-Delaware,53-Washington/10-Delaware,6-Pipeline,0,0,-

53-Washington,11-Washington DC,53-Washington/11-Washington DC,6-Pipeline,0,0,-

53-Washington,12-Florida,53-Washington/12-Florida,6-Pipeline,0,0,-

53-Washington,13-Georgia,53-Washington/13-Georgia,6-Pipeline,0,0,-

53-Washington,15-Hawaii,53-Washington/15-Hawaii,6-Pipeline,0,0,-

53-Washington,16-Idaho,53-Washington/16-Idaho,6-Pipeline,20.3023863,6751.2647,332.5355256

53-Washington,17-Illinois,53-Washington/17-Illinois,6-Pipeline,0,0,-

53-Washington,18-Indiana,53-Washington/18-Indiana,6-Pipeline,0,0,-

53-Washington,19-Iowa,53-Washington/19-Iowa,6-Pipeline,0,0,-

53-Washington,20-Kansas,53-Washington/20-Kansas,6-Pipeline,0,0,-

53-Washington,21-Kentucky,53-Washington/21-Kentucky,6-Pipeline,0,0,-

53-Washington,22-Louisiana,53-Washington/22-Louisiana,6-Pipeline,0,0,-

53-Washington,23-Maine,53-Washington/23-Maine,6-Pipeline,0,0,-

53-Washington,24-Maryland,53-Washington/24-Maryland,6-Pipeline,0,0,-

53-Washington,25-Massachusetts,53-Washington/25-Massachusetts,6-Pipeline,0,0,-

53-Washington,26-Michigan,53-Washington/26-Michigan,6-Pipeline,0,0,-

53-Washington,27-Minnesota,53-Washington/27-Minnesota,6-Pipeline,0,0,-

53-Washington,28-Mississippi,53-Washington/28-Mississippi,6-Pipeline,0,0,-

53-Washington,29-Missouri,53-Washington/29-Missouri,6-Pipeline,0,0,-

53-Washington,30-Montana,53-Washington/30-Montana,6-Pipeline,0,0,-

53-Washington,31-Nebraska,53-Washington/31-Nebraska,6-Pipeline,0,0,-

53-Washington,32-Nevada,53-Washington/32-Nevada,6-Pipeline,0,0,-

53-Washington,33-New Hampshire,53-Washington/33-New Hampshire,6-Pipeline,0,0,-

53-Washington,34-New Jersey,53-Washington/34-New Jersey,6-Pipeline,0,0,-

53-Washington,35-New Mexico,53-Washington/35-New Mexico,6-Pipeline,0,0,-

53-Washington,36-New York,53-Washington/36-New York,6-Pipeline,0,0,-

53-Washington,37-North Carolina,53-Washington/37-North Carolina,6-Pipeline,0,0,-

53-Washington,38-North Dakota,53-Washington/38-North Dakota,6-Pipeline,0,0,-

53-Washington,39-Ohio,53-Washington/39-Ohio,6-Pipeline,0,0,-

53-Washington,40-Oklahoma,53-Washington/40-Oklahoma,6-Pipeline,0,0,-

53-Washington,41-Oregon,53-Washington/41-Oregon,6-Pipeline,21.7370391,4977.811,229.0013362

53-Washington,42-Pennsylvania,53-Washington/42-Pennsylvania,6-Pipeline,0,0,-

53-Washington,44-Rhode Island,53-Washington/44-Rhode Island,6-Pipeline,0,0,-

53-Washington,45-South Carolina,53-Washington/45-South Carolina,6-Pipeline,0,0,-

53-Washington,46-South Dakota,53-Washington/46-South Dakota,6-Pipeline,0,0,-

53-Washington,47-Tennessee,53-Washington/47-Tennessee,6-Pipeline,0,0,-

53-Washington,48-Texas,53-Washington/48-Texas,6-Pipeline,0,0,-

53-Washington,49-Utah,53-Washington/49-Utah,6-Pipeline,0,0,-

53-Washington,50-Vermont,53-Washington/50-Vermont,6-Pipeline,0,0,-

53-Washington,51-Virginia,53-Washington/51-Virginia,6-Pipeline,0,0,-

53-Washington,53-Washington,53-Washington/53-Washington,6-Pipeline,73.2595662,5022.3934,68.55614441

53-Washington,54-West Virginia,53-Washington/54-West Virginia,6-Pipeline,0,0,-

53-Washington,55-Wisconsin,53-Washington/55-Wisconsin,6-Pipeline,0,0,-

53-Washington,56-Wyoming,53-Washington/56-Wyoming,6-Pipeline,0,0,-

54-West Virginia,01-Alabama,54-West Virginia/01-Alabama,6-Pipeline,0,0,-

54-West Virginia,02-Alaska,54-West Virginia/02-Alaska,6-Pipeline,0,0,-

54-West Virginia,04-Arizona,54-West Virginia/04-Arizona,6-Pipeline,0,0,-

54-West Virginia,05-Arkansas,54-West Virginia/05-Arkansas,6-Pipeline,0,0,-

54-West Virginia,06-California,54-West Virginia/06-California,6-Pipeline,0,0,-

54-West Virginia,08-Colorado,54-West Virginia/08-Colorado,6-Pipeline,0,0,-

54-West Virginia,09-Connecticut,54-West Virginia/09-Connecticut,6-Pipeline,0,0,-

54-West Virginia,10-Delaware,54-West Virginia/10-Delaware,6-Pipeline,0,0,-

54-West Virginia,11-Washington DC,54-West Virginia/11-Washington DC,6-Pipeline,0,0,-

54-West Virginia,12-Florida,54-West Virginia/12-Florida,6-Pipeline,0,0,-

54-West Virginia,13-Georgia,54-West Virginia/13-Georgia,6-Pipeline,0,0,-

54-West Virginia,15-Hawaii,54-West Virginia/15-Hawaii,6-Pipeline,0,0,-

54-West Virginia,16-Idaho,54-West Virginia/16-Idaho,6-Pipeline,0,0,-

54-West Virginia,17-Illinois,54-West Virginia/17-Illinois,6-Pipeline,0,0,-

54-West Virginia,18-Indiana,54-West Virginia/18-Indiana,6-Pipeline,0,0,-

54-West Virginia,19-Iowa,54-West Virginia/19-Iowa,6-Pipeline,0,0,-

54-West Virginia,20-Kansas,54-West Virginia/20-Kansas,6-Pipeline,0,0,-

54-West Virginia,21-Kentucky,54-West Virginia/21-Kentucky,6-Pipeline,14.0788913,2827.1735,200.8093848

54-West Virginia,22-Louisiana,54-West Virginia/22-Louisiana,6-Pipeline,0,0,-

54-West Virginia,23-Maine,54-West Virginia/23-Maine,6-Pipeline,0,0,-

54-West Virginia,24-Maryland,54-West Virginia/24-Maryland,6-Pipeline,0,0,-

54-West Virginia,25-Massachusetts,54-West Virginia/25-Massachusetts,6-Pipeline,0,0,-

54-West Virginia,26-Michigan,54-West Virginia/26-Michigan,6-Pipeline,0,0,-

54-West Virginia,27-Minnesota,54-West Virginia/27-Minnesota,6-Pipeline,0,0,-

54-West Virginia,28-Mississippi,54-West Virginia/28-Mississippi,6-Pipeline,0,0,-

54-West Virginia,29-Missouri,54-West Virginia/29-Missouri,6-Pipeline,0,0,-

54-West Virginia,30-Montana,54-West Virginia/30-Montana,6-Pipeline,0,0,-

54-West Virginia,31-Nebraska,54-West Virginia/31-Nebraska,6-Pipeline,0,0,-

54-West Virginia,32-Nevada,54-West Virginia/32-Nevada,6-Pipeline,0,0,-

54-West Virginia,33-New Hampshire,54-West Virginia/33-New Hampshire,6-Pipeline,0,0,-

54-West Virginia,34-New Jersey,54-West Virginia/34-New Jersey,6-Pipeline,0,0,-

54-West Virginia,35-New Mexico,54-West Virginia/35-New Mexico,6-Pipeline,0,0,-

54-West Virginia,36-New York,54-West Virginia/36-New York,6-Pipeline,0,0,-

54-West Virginia,37-North Carolina,54-West Virginia/37-North Carolina,6-Pipeline,0,0,-

54-West Virginia,38-North Dakota,54-West Virginia/38-North Dakota,6-Pipeline,0,0,-

54-West Virginia,39-Ohio,54-West Virginia/39-Ohio,6-Pipeline,33.4900007,5534.5444,165.2596084

54-West Virginia,40-Oklahoma,54-West Virginia/40-Oklahoma,6-Pipeline,0,0,-

54-West Virginia,41-Oregon,54-West Virginia/41-Oregon,6-Pipeline,0,0,-

54-West Virginia,42-Pennsylvania,54-West Virginia/42-Pennsylvania,6-Pipeline,20.6030421,3517.2031,170.7128046

54-West Virginia,44-Rhode Island,54-West Virginia/44-Rhode Island,6-Pipeline,0,0,-

54-West Virginia,45-South Carolina,54-West Virginia/45-South Carolina,6-Pipeline,0,0,-

54-West Virginia,46-South Dakota,54-West Virginia/46-South Dakota,6-Pipeline,0,0,-

54-West Virginia,47-Tennessee,54-West Virginia/47-Tennessee,6-Pipeline,0,0,-

54-West Virginia,48-Texas,54-West Virginia/48-Texas,6-Pipeline,0,0,-

54-West Virginia,49-Utah,54-West Virginia/49-Utah,6-Pipeline,0,0,-

54-West Virginia,50-Vermont,54-West Virginia/50-Vermont,6-Pipeline,0,0,-

54-West Virginia,51-Virginia,54-West Virginia/51-Virginia,6-Pipeline,14.2690132,2198.518,154.076387

54-West Virginia,53-Washington,54-West Virginia/53-Washington,6-Pipeline,0,0,-

54-West Virginia,54-West Virginia,54-West Virginia/54-West Virginia,6-Pipeline,7.949211,688.016,86.55148291

54-West Virginia,55-Wisconsin,54-West Virginia/55-Wisconsin,6-Pipeline,0,0,-

54-West Virginia,56-Wyoming,54-West Virginia/56-Wyoming,6-Pipeline,0,0,-

55-Wisconsin,01-Alabama,55-Wisconsin/01-Alabama,6-Pipeline,0.0072397,5.2826,729.671119

55-Wisconsin,02-Alaska,55-Wisconsin/02-Alaska,6-Pipeline,0,0,-

55-Wisconsin,04-Arizona,55-Wisconsin/04-Arizona,6-Pipeline,0,0,-

55-Wisconsin,05-Arkansas,55-Wisconsin/05-Arkansas,6-Pipeline,0.0019313,1.1405,590.5348729

55-Wisconsin,06-California,55-Wisconsin/06-California,6-Pipeline,0,0,-

55-Wisconsin,08-Colorado,55-Wisconsin/08-Colorado,6-Pipeline,0.2851525,231.3214,811.2199612

55-Wisconsin,09-Connecticut,55-Wisconsin/09-Connecticut,6-Pipeline,0,0,-

55-Wisconsin,10-Delaware,55-Wisconsin/10-Delaware,6-Pipeline,0,0,-

55-Wisconsin,11-Washington DC,55-Wisconsin/11-Washington DC,6-Pipeline,0,0,-

55-Wisconsin,12-Florida,55-Wisconsin/12-Florida,6-Pipeline,0,0,-

55-Wisconsin,13-Georgia,55-Wisconsin/13-Georgia,6-Pipeline,0,0,-

55-Wisconsin,15-Hawaii,55-Wisconsin/15-Hawaii,6-Pipeline,0,0,-

55-Wisconsin,16-Idaho,55-Wisconsin/16-Idaho,6-Pipeline,0,0,-

55-Wisconsin,17-Illinois,55-Wisconsin/17-Illinois,6-Pipeline,4.4627893,632.8746,141.8114451

55-Wisconsin,18-Indiana,55-Wisconsin/18-Indiana,6-Pipeline,1.637116,267.5158,163.406747

55-Wisconsin,19-Iowa,55-Wisconsin/19-Iowa,6-Pipeline,0,0,-

55-Wisconsin,20-Kansas,55-Wisconsin/20-Kansas,6-Pipeline,0.0121908,7.0469,578.0506612

55-Wisconsin,21-Kentucky,55-Wisconsin/21-Kentucky,6-Pipeline,0.0007287,0.3357,460.6834088

55-Wisconsin,22-Louisiana,55-Wisconsin/22-Louisiana,6-Pipeline,0.2210337,192.5459,871.115581

55-Wisconsin,23-Maine,55-Wisconsin/23-Maine,6-Pipeline,0.0245407,23.3428,951.1872114

55-Wisconsin,24-Maryland,55-Wisconsin/24-Maryland,6-Pipeline,0,0,-

55-Wisconsin,25-Massachusetts,55-Wisconsin/25-Massachusetts,6-Pipeline,0,0,-

55-Wisconsin,26-Michigan,55-Wisconsin/26-Michigan,6-Pipeline,12.6402651,3186.3206,252.0770391

55-Wisconsin,27-Minnesota,55-Wisconsin/27-Minnesota,6-Pipeline,9.5194012,2286.0783,240.1493804

55-Wisconsin,28-Mississippi,55-Wisconsin/28-Mississippi,6-Pipeline,0.0205871,14.1153,685.6380938

55-Wisconsin,29-Missouri,55-Wisconsin/29-Missouri,6-Pipeline,0.0000304,0.012,394.7368421

55-Wisconsin,30-Montana,55-Wisconsin/30-Montana,6-Pipeline,0.0413607,27.8998,674.5485449

55-Wisconsin,31-Nebraska,55-Wisconsin/31-Nebraska,6-Pipeline,0.0007551,0.3882,514.1040922

55-Wisconsin,32-Nevada,55-Wisconsin/32-Nevada,6-Pipeline,0,0,-

55-Wisconsin,33-New Hampshire,55-Wisconsin/33-New Hampshire,6-Pipeline,0,0,-

55-Wisconsin,34-New Jersey,55-Wisconsin/34-New Jersey,6-Pipeline,0,0,-

55-Wisconsin,35-New Mexico,55-Wisconsin/35-New Mexico,6-Pipeline,0.1459665,151.1322,1035.389627

55-Wisconsin,36-New York,55-Wisconsin/36-New York,6-Pipeline,0.0018348,0.9469,516.0780467

55-Wisconsin,37-North Carolina,55-Wisconsin/37-North Carolina,6-Pipeline,0,0,-

55-Wisconsin,38-North Dakota,55-Wisconsin/38-North Dakota,6-Pipeline,0.1542951,78.9641,511.773219

55-Wisconsin,39-Ohio,55-Wisconsin/39-Ohio,6-Pipeline,0,0,-

55-Wisconsin,40-Oklahoma,55-Wisconsin/40-Oklahoma,6-Pipeline,0.0605965,42.4912,701.2154167

55-Wisconsin,41-Oregon,55-Wisconsin/41-Oregon,6-Pipeline,0,0,-

55-Wisconsin,42-Pennsylvania,55-Wisconsin/42-Pennsylvania,6-Pipeline,0,0,-

55-Wisconsin,44-Rhode Island,55-Wisconsin/44-Rhode Island,6-Pipeline,0,0,-

55-Wisconsin,45-South Carolina,55-Wisconsin/45-South Carolina,6-Pipeline,0,0,-

55-Wisconsin,46-South Dakota,55-Wisconsin/46-South Dakota,6-Pipeline,0,0,-

55-Wisconsin,47-Tennessee,55-Wisconsin/47-Tennessee,6-Pipeline,0,0,-

55-Wisconsin,48-Texas,55-Wisconsin/48-Texas,6-Pipeline,0.5840312,523.0238,895.5408547

55-Wisconsin,49-Utah,55-Wisconsin/49-Utah,6-Pipeline,0.0834915,86.8204,1039.871125

55-Wisconsin,50-Vermont,55-Wisconsin/50-Vermont,6-Pipeline,0,0,-

55-Wisconsin,51-Virginia,55-Wisconsin/51-Virginia,6-Pipeline,0,0,-

55-Wisconsin,53-Washington,55-Wisconsin/53-Washington,6-Pipeline,0,0,-

55-Wisconsin,54-West Virginia,55-Wisconsin/54-West Virginia,6-Pipeline,0,0,-

55-Wisconsin,55-Wisconsin,55-Wisconsin/55-Wisconsin,6-Pipeline,28.7150484,2962.2984,103.1618808

55-Wisconsin,56-Wyoming,55-Wisconsin/56-Wyoming,6-Pipeline,0.1621961,123.8646,763.6718762

56-Wyoming,01-Alabama,56-Wyoming/01-Alabama,6-Pipeline,0.0039184,5.0103,1278.659657

56-Wyoming,02-Alaska,56-Wyoming/02-Alaska,6-Pipeline,0,0,-

56-Wyoming,04-Arizona,56-Wyoming/04-Arizona,6-Pipeline,0,0,-

56-Wyoming,05-Arkansas,56-Wyoming/05-Arkansas,6-Pipeline,0,0,-

56-Wyoming,06-California,56-Wyoming/06-California,6-Pipeline,0,0,-

56-Wyoming,08-Colorado,56-Wyoming/08-Colorado,6-Pipeline,29.1066705,4649.1894,159.7293445

56-Wyoming,09-Connecticut,56-Wyoming/09-Connecticut,6-Pipeline,0,0,-

56-Wyoming,10-Delaware,56-Wyoming/10-Delaware,6-Pipeline,0,0,-

56-Wyoming,11-Washington DC,56-Wyoming/11-Washington DC,6-Pipeline,0,0,-

56-Wyoming,12-Florida,56-Wyoming/12-Florida,6-Pipeline,0,0,-

56-Wyoming,13-Georgia,56-Wyoming/13-Georgia,6-Pipeline,0,0,-

56-Wyoming,15-Hawaii,56-Wyoming/15-Hawaii,6-Pipeline,0,0,-

56-Wyoming,16-Idaho,56-Wyoming/16-Idaho,6-Pipeline,0.0017243,0.5796,336.1364032

56-Wyoming,17-Illinois,56-Wyoming/17-Illinois,6-Pipeline,2.4732528,2239.5828,905.5211825

56-Wyoming,18-Indiana,56-Wyoming/18-Indiana,6-Pipeline,1.8969468,1819.7776,959.3192598

56-Wyoming,19-Iowa,56-Wyoming/19-Iowa,6-Pipeline,0,0,-

56-Wyoming,20-Kansas,56-Wyoming/20-Kansas,6-Pipeline,1.7640681,940.1894,532.9666128

56-Wyoming,21-Kentucky,56-Wyoming/21-Kentucky,6-Pipeline,1.2040546,1398.2965,1161.323166

56-Wyoming,22-Louisiana,56-Wyoming/22-Louisiana,6-Pipeline,0.103971,124.3467,1195.974839

56-Wyoming,23-Maine,56-Wyoming/23-Maine,6-Pipeline,0,0,-

56-Wyoming,24-Maryland,56-Wyoming/24-Maryland,6-Pipeline,0,0,-

56-Wyoming,25-Massachusetts,56-Wyoming/25-Massachusetts,6-Pipeline,0,0,-

56-Wyoming,26-Michigan,56-Wyoming/26-Michigan,6-Pipeline,0.5972354,673.1454,1127.102312

56-Wyoming,27-Minnesota,56-Wyoming/27-Minnesota,6-Pipeline,1.6583053,1052.8838,634.915537

56-Wyoming,28-Mississippi,56-Wyoming/28-Mississippi,6-Pipeline,0.0009799,1.0902,1112.562506

56-Wyoming,29-Missouri,56-Wyoming/29-Missouri,6-Pipeline,0.0005312,0.3364,633.2831325

56-Wyoming,30-Montana,56-Wyoming/30-Montana,6-Pipeline,1.0398764,225.644,216.9911732

56-Wyoming,31-Nebraska,56-Wyoming/31-Nebraska,6-Pipeline,11.7537558,4456.5257,379.1575881

56-Wyoming,32-Nevada,56-Wyoming/32-Nevada,6-Pipeline,0,0,-

56-Wyoming,33-New Hampshire,56-Wyoming/33-New Hampshire,6-Pipeline,0,0,-

56-Wyoming,34-New Jersey,56-Wyoming/34-New Jersey,6-Pipeline,0,0,-

56-Wyoming,35-New Mexico,56-Wyoming/35-New Mexico,6-Pipeline,0.0032592,1.7778,545.4712813

56-Wyoming,36-New York,56-Wyoming/36-New York,6-Pipeline,0,0,-

56-Wyoming,37-North Carolina,56-Wyoming/37-North Carolina,6-Pipeline,0,0,-

56-Wyoming,38-North Dakota,56-Wyoming/38-North Dakota,6-Pipeline,2.7993163,1087.7215,388.566844

56-Wyoming,39-Ohio,56-Wyoming/39-Ohio,6-Pipeline,1.8353765,2161.397,1177.631402

56-Wyoming,40-Oklahoma,56-Wyoming/40-Oklahoma,6-Pipeline,3.2827674,2059.8716,627.4802168

56-Wyoming,41-Oregon,56-Wyoming/41-Oregon,6-Pipeline,0,0,-

56-Wyoming,42-Pennsylvania,56-Wyoming/42-Pennsylvania,6-Pipeline,0,0,-

56-Wyoming,44-Rhode Island,56-Wyoming/44-Rhode Island,6-Pipeline,0,0,-

56-Wyoming,45-South Carolina,56-Wyoming/45-South Carolina,6-Pipeline,0,0,-

56-Wyoming,46-South Dakota,56-Wyoming/46-South Dakota,6-Pipeline,0.0943565,24.5651,260.3434846

56-Wyoming,47-Tennessee,56-Wyoming/47-Tennessee,6-Pipeline,0,0,-

56-Wyoming,48-Texas,56-Wyoming/48-Texas,6-Pipeline,0.1353915,141.6908,1046.526554

56-Wyoming,49-Utah,56-Wyoming/49-Utah,6-Pipeline,23.80235,7089.4502,297.8466496

56-Wyoming,50-Vermont,56-Wyoming/50-Vermont,6-Pipeline,0,0,-

56-Wyoming,51-Virginia,56-Wyoming/51-Virginia,6-Pipeline,0,0,-

56-Wyoming,53-Washington,56-Wyoming/53-Washington,6-Pipeline,0,0,-

56-Wyoming,54-West Virginia,56-Wyoming/54-West Virginia,6-Pipeline,0,0,-

56-Wyoming,55-Wisconsin,56-Wyoming/55-Wisconsin,6-Pipeline,0.1621961,123.8646,763.6718762

56-Wyoming,56-Wyoming,56-Wyoming/56-Wyoming,6-Pipeline,14.4777076,1566.4136,108.1948637

